image_path,image_file,room_id,property_group,sub_area,actual_label,predicted_label,predicted_probability,fold,embedding_config,representation,dim,classifier_variant,threshold_used,correct_or_error,floor_tile_condition,overall_neatness,evidence_reason,maintenance_note
A33 A single attach/A33 A Single attach. .jpg,A33 A Single attach. .jpg,A33 A single attach,A33,Room,CLEAN,CLEAN,0.001445,1,384,whole,2048,unweighted,0.15,correct,CLEAN,NEAT,Tiles are clean with only a doormat; no visible housekeeping dirt or waste.,
A33 A single attach/IMG_20260918_104751.jpg,IMG_20260918_104751.jpg,A33 A single attach,A33,Room,CLEAN,CLEAN,0.08002,1,384,whole,2048,unweighted,0.15,correct,CLEAN,NEAT,Open floor clean with no debris; suitcase stood against the wall and a few desk items reasonably arranged.,
A33 A single attach/IMG_20260918_104756.jpg,IMG_20260918_104756.jpg,A33 A single attach,A33,Room,CLEAN,CLEAN,0.008258,1,384,whole,2048,unweighted,0.15,correct,CLEAN,NEAT,"Floor clean and free of waste; bed covered, desks hold bottles and small items in order.",
A33 A single attach/IMG_20260918_104801.jpg,IMG_20260918_104801.jpg,A33 A single attach,A33,Room,CLEAN,NOT_CLEAN,0.297267,1,384,whole,2048,unweighted,0.15,false_positive,CLEAN,NEAT,"No dirt, residue or waste visible; helmet and a few clothes rest on the made bed.",
A33 A single attach/IMG_20260918_104805.jpg,IMG_20260918_104805.jpg,A33 A single attach,A33,Room,CLEAN,CLEAN,0.094109,1,384,whole,2048,unweighted,0.15,correct,CLEAN,NEAT,Floor clean with no waste; clothes and helmet on the bed are normal belongings.,
A33 A single attach/IMG_20260918_104828.jpg,IMG_20260918_104828.jpg,A33 A single attach,A33,Room,CLEAN,CLEAN,0.043774,1,384,whole,2048,unweighted,0.15,correct,CLEAN,NEAT,Wardrobe area clean with one bottle standing on the floor; no debris or residue.,
A33 C double common/A33 C double Common.jpg,A33 C double Common.jpg,A33 C double common,A33,Room,CLEAN,CLEAN,0.018674,1,384,whole,2048,unweighted,0.15,correct,NOT_FULLY_VISIBLE,NEAT,"Bed with blanket, small carton on the side table and towels at the window; nothing dirty or discarded visible.",
A33 C double common/IMG_20260918_105110.jpg,IMG_20260918_105110.jpg,A33 C double common,A33,Room,CLEAN,CLEAN,0.005107,1,384,whole,2048,unweighted,0.15,correct,CLEAN,NEAT,"Floor clean with no waste; desk and chair clear, blanket left bunched on the bed only.",
A33 C double common/IMG_20260918_105117.jpg,IMG_20260918_105117.jpg,A33 C double common,A33,Room,CLEAN,CLEAN,0.133738,1,384,whole,2048,unweighted,0.15,correct,CLEAN,NEAT,"Tiles clean, no housekeeping dirt; bedding loose on the bed.",
A33 C double common/IMG_20260918_105124.jpg,IMG_20260918_105124.jpg,A33 C double common,A33,Room,CLEAN,CLEAN,0.012838,1,384,whole,2048,unweighted,0.15,correct,CLEAN,NEAT,"Suitcase stored on the wardrobe and a bottle above; floor clean, no waste.",
A33 C double common/IMG_20260918_105135.jpg,IMG_20260918_105135.jpg,A33 C double common,A33,Room,CLEAN,CLEAN,0.013479,1,384,whole,2048,unweighted,0.15,correct,CLEAN,NEAT,Desks and chairs in place with a cable along the floor; no waste or dirt visible.,
A33 C double common/IMG_20260918_105143.jpg,IMG_20260918_105143.jpg,A33 C double common,A33,Room,CLEAN,NOT_CLEAN,0.645242,1,384,whole,2048,unweighted,0.15,false_positive,CLEAN,NEAT,A few clothes on the bed and a weighing scale on the floor; floor clean.,
A33 C double common/IMG_20260918_105157.jpg,IMG_20260918_105157.jpg,A33 C double common,A33,Room,NOT_CLEAN,CLEAN,0.011139,1,384,whole,2048,unweighted,0.15,false_negative,CLEAN,NOT_NEAT,"A large crumpled brown packing cover lies discarded on the floor beside the suitcase - visible waste material, so the area is not clean. Tiles themselves are clean.",
A33 C double common/IMG_20260918_105203.jpg,IMG_20260918_105203.jpg,A33 C double common,A33,Room,NOT_CLEAN,NOT_CLEAN,0.463487,1,384,whole,2048,unweighted,0.15,correct,CLEAN,NOT_NEAT,Closer view of the same discarded packing cover spread loose across the floor.,
A33 C double common/IMG_20260918_105215.jpg,IMG_20260918_105215.jpg,A33 C double common,A33,Room,CLEAN,CLEAN,0.031933,1,384,whole,2048,unweighted,0.15,correct,CLEAN,NEAT,"Cabinet with utensils, clothes on a hook, scale on the floor; no waste or residue.",
A33 C double common/IMG_20260918_105219.jpg,IMG_20260918_105219.jpg,A33 C double common,A33,Room,CLEAN,NOT_CLEAN,0.296523,1,384,whole,2048,unweighted,0.15,false_positive,CLEAN,NEAT,Floor clean and clear; clothes hanging behind the door.,
A33 C double common/IMG_20260918_105224.jpg,IMG_20260918_105224.jpg,A33 C double common,A33,Room,CLEAN,NOT_CLEAN,0.570797,1,384,whole,2048,unweighted,0.15,false_positive,CLEAN,NEAT,Carton and luggage stored beside the bed; no garbage or dirt visible.,Damp patch on wall - maintenance
A33 C double common/IMG_20260918_105241.jpg,IMG_20260918_105241.jpg,A33 C double common,A33,Room,CLEAN,CLEAN,0.002128,1,384,whole,2048,unweighted,0.15,correct,CLEAN,NEAT,"Window wall and doorway; floor clean, nothing discarded.",
A33 C double common/IMG_20260918_105245.jpg,IMG_20260918_105245.jpg,A33 C double common,A33,Room,CLEAN,CLEAN,0.009227,1,384,whole,2048,unweighted,0.15,correct,CLEAN,NEAT,"Wide view: bed made, suitcase on the wardrobe, floor clean.",
A34 A single attach/A34 A Single attach.jpg,A34 A Single attach.jpg,A34 A single attach,A34,Room,CLEAN,CLEAN,0.005904,2,384,whole,2048,unweighted,0.14,correct,CLEAN,NEAT,Bed corner with folded bedding; no waste and the visible floor is clean.,Wall holes and marks - maintenance
A34 A single attach/IMG_20260918_104319.jpg,IMG_20260918_104319.jpg,A34 A single attach,A34,Room,CLEAN,NOT_CLEAN,0.24313,2,384,whole,2048,unweighted,0.14,false_positive,CLEAN,NEAT,"Desk, paper bags and stool kept together in the corner; floor clean, no waste.",
A34 A single attach/IMG_20260918_104324.jpg,IMG_20260918_104324.jpg,A34 A single attach,A34,Room,CLEAN,CLEAN,0.044827,2,384,whole,2048,unweighted,0.14,correct,CLEAN,NEAT,Large open floor area clean and clear of debris.,
A34 A single attach/IMG_20260918_104330.jpg,IMG_20260918_104330.jpg,A34 A single attach,A34,Room,CLEAN,CLEAN,0.000952,2,384,whole,2048,unweighted,0.14,correct,CLEAN,NEAT,Desk with computer and towel folded on the chair; floor clean.,
A34 A single attach/IMG_20260918_104334.jpg,IMG_20260918_104334.jpg,A34 A single attach,A34,Room,CLEAN,CLEAN,0.00034,2,384,whole,2048,unweighted,0.14,correct,CLEAN,NEAT,Bed made with a few clothes on it; no waste or residue.,
A34 A single attach/IMG_20260918_104337.jpg,IMG_20260918_104337.jpg,A34 A single attach,A34,Room,CLEAN,CLEAN,0.000639,2,384,whole,2048,unweighted,0.14,correct,CLEAN,NEAT,"Bed covered, floor clean, nothing discarded.",
A34 A single attach/IMG_20260918_104358.jpg,IMG_20260918_104358.jpg,A34 A single attach,A34,Room,CLEAN,NOT_CLEAN,0.141778,2,384,whole,2048,unweighted,0.14,false_positive,CLEAN,NEAT,Desk in use with a box stored underneath; no debris on the floor.,
A34 A single attach/IMG_20260918_104414.jpg,IMG_20260918_104414.jpg,A34 A single attach,A34,Room,CLEAN,CLEAN,0.000169,2,384,whole,2048,unweighted,0.14,correct,CLEAN,NEAT,Doorway with doormat and luggage against the wall; floor clean.,
A34 A single attach/IMG_20260918_104444.jpg,IMG_20260918_104444.jpg,A34 A single attach,A34,Room,CLEAN,CLEAN,0.002533,2,384,whole,2048,unweighted,0.14,correct,CLEAN,NEAT,"Utility corner with ironing board, rack and bucket arranged along the wall; floor clean.",
A34 A single attach/IMG_20260918_104514.jpg,IMG_20260918_104514.jpg,A34 A single attach,A34,Room,CLEAN,CLEAN,0.007365,2,384,whole,2048,unweighted,0.14,correct,CLEAN,NEAT,Storage corner kept in order; no waste or dirt visible.,
A34 B double attach/A34 B double attach.jpg,A34 B double attach.jpg,A34 B double attach,A34,Room,NOT_CLEAN,CLEAN,0.084226,2,384,whole,2048,unweighted,0.14,false_negative,CLEAN,NOT_NEAT,"Tiles are clean with no housekeeping dirt, but clothes are dumped over a chair and over storage boxes with cartons and a jar crowding the corner - the room looks untidy.",
A34 B double attach/IMG_20260918_103815.jpg,IMG_20260918_103815.jpg,A34 B double attach,A34,Room,NOT_CLEAN,CLEAN,0.001512,2,384,whole,2048,unweighted,0.14,false_negative,CLEAN,NOT_NEAT,"Tiles clean, but five-plus pairs of shoes and a slipper lie spread across the floor, a yellow bag is dropped on the tiles and clothes are strewn over a bare mattress.",
A34 B double attach/IMG_20260918_103820.jpg,IMG_20260918_103820.jpg,A34 B double attach,A34,Room,NOT_CLEAN,CLEAN,0.016735,2,384,whole,2048,unweighted,0.14,false_negative,CLEAN,NOT_NEAT,"Clothes heaped over both mattresses, shoes and a bag on the floor, a packet left on the mattress; floor itself clean.",
A34 B double attach/IMG_20260918_103827.jpg,IMG_20260918_103827.jpg,A34 B double attach,A34,Room,NOT_CLEAN,CLEAN,0.012033,2,384,whole,2048,unweighted,0.14,false_negative,CLEAN,NOT_NEAT,"Clothes and a steel vessel dumped on the chair, slippers loose on the floor, mattress standing across the bathroom doorway.",
A34 B double attach/IMG_20260918_103844.jpg,IMG_20260918_103844.jpg,A34 B double attach,A34,Room,NOT_CLEAN,CLEAN,0.000207,2,384,whole,2048,unweighted,0.14,false_negative,CLEAN,NOT_NEAT,"A cloth is thrown over the chair and trails onto the floor, with further scattered items and bottles visible in the room beyond.",
A34 B double attach/IMG_20260918_103854.jpg,IMG_20260918_103854.jpg,A34 B double attach,A34,Room,NOT_CLEAN,NOT_CLEAN,0.236787,2,384,whole,2048,unweighted,0.14,correct,CLEAN,NOT_NEAT,"Two open suitcases on the floor with contents spilling out, shoes scattered around them, clothes heaped on the mattress.",
A34 B double attach/IMG_20260918_103858.jpg,IMG_20260918_103858.jpg,A34 B double attach,A34,Room,NOT_CLEAN,NOT_CLEAN,0.620769,2,384,whole,2048,unweighted,0.14,correct,CLEAN,NOT_NEAT,"Open suitcase tipped onto the floor, yellow bag and slipper on the tiles, clothes across both mattresses.",
A34 B double attach/IMG_20260918_104015.jpg,IMG_20260918_104015.jpg,A34 B double attach,A34,Room,NOT_CLEAN,CLEAN,0.075228,2,384,whole,2048,unweighted,0.14,false_negative,CLEAN,NOT_NEAT,Clothes draped over two chairs with a carton and jar on the floor corner; tiles clean but the corner is unarranged.,
A34 B double attach/IMG_20260918_104031.jpg,IMG_20260918_104031.jpg,A34 B double attach,A34,Room,NOT_CLEAN,NOT_CLEAN,0.252591,2,384,whole,2048,unweighted,0.14,correct,CLEAN,NOT_NEAT,"Clothes over chairs, open suitcase on the floor, shoes below the bed; the room looks visibly untidy.",
B41 B double attach/B41  B Double attach.jpg,B41  B Double attach.jpg,B41 B double attach,B41,Room,CLEAN,CLEAN,0.086624,3,384,whole,2048,unweighted,0.5,correct,CLEAN,NEAT,"Desk with laptop and bottles, towel on the chair; floor clean and clear of waste.",
B41 B double attach/B41 B double attach. .jpg,B41 B double attach. .jpg,B41 B double attach,B41,Room,CLEAN,CLEAN,0.011575,3,384,whole,2048,unweighted,0.5,correct,CLEAN,NEAT,"Backpack kept on the floor and footwear on a rack; tiles clean, no debris.",
B41 B double attach/IMG_20260918_111705.jpg,IMG_20260918_111705.jpg,B41 B double attach,B41,Room,CLEAN,CLEAN,0.006451,3,384,whole,2048,unweighted,0.5,correct,CLEAN,NEAT,"Bed with bedding, suitcase beside it and shoes under the bed; no waste or residue.",
B41 B double attach/IMG_20260918_111711.jpg,IMG_20260918_111711.jpg,B41 B double attach,B41,Room,CLEAN,CLEAN,0.018521,3,384,whole,2048,unweighted,0.5,correct,CLEAN,NEAT,Bedding pulled back and shoes kept under the bed; floor clean.,
B41 B double attach/IMG_20260918_111715.jpg,IMG_20260918_111715.jpg,B41 B double attach,B41,Room,CLEAN,CLEAN,0.066243,3,384,whole,2048,unweighted,0.5,correct,CLEAN,NEAT,Study corner in use with a towel on the chair; no residue or debris.,
B41 B double attach/IMG_20260918_111718.jpg,IMG_20260918_111718.jpg,B41 B double attach,B41,Room,CLEAN,CLEAN,0.029804,3,384,whole,2048,unweighted,0.5,correct,CLEAN,NEAT,"Laptop and bottles on the desk, clothes on the bed, slippers at the bedside - reasonably placed.",
B41 B double attach/IMG_20260918_111720.jpg,IMG_20260918_111720.jpg,B41 B double attach,B41,Room,CLEAN,CLEAN,0.002972,3,384,whole,2048,unweighted,0.5,correct,CLEAN,NEAT,Towel hanging to dry and pillow on the bed; nothing discarded.,
B41 B double attach/IMG_20260918_111728.jpg,IMG_20260918_111728.jpg,B41 B double attach,B41,Room,CLEAN,CLEAN,0.203168,3,384,whole,2048,unweighted,0.5,correct,CLEAN,NEAT,"Doormat at the door, suitcase and shoes stored beside the bed; floor clean.",
B41 B double attach/IMG_20260918_111733.jpg,IMG_20260918_111733.jpg,B41 B double attach,B41,Room,CLEAN,CLEAN,0.003332,3,384,whole,2048,unweighted,0.5,correct,CLEAN,NEAT,Wardrobes with containers stored on top; floor clean and clear.,
B41 B double attach/IMG_20260918_111738.jpg,IMG_20260918_111738.jpg,B41 B double attach,B41,Room,CLEAN,CLEAN,0.003982,3,384,whole,2048,unweighted,0.5,correct,CLEAN,NEAT,"Iron kept on the shelf and clothes hanging; floor clean, no waste.",
B41 B double attach/IMG_20260918_111743.jpg,IMG_20260918_111743.jpg,B41 B double attach,B41,Room,CLEAN,CLEAN,0.332425,3,384,whole,2048,unweighted,0.5,correct,CLEAN,NEAT,Tiles clean; shoes under the bed and towel on the chair.,
B41 C double common/Kitchen/IMG_20260918_110949.jpg,IMG_20260918_110949.jpg,B41 C double common,B41,Kitchen,NOT_CLEAN,NOT_CLEAN,0.572546,3,384,whole,2048,unweighted,0.5,correct,CLEAN,NOT_NEAT,"Kitchen surfaces show visible dirty conditions: dried spilled residue across the fridge top, a tray and plastic bags of waste left on the counter, and a cloth lying on the floor.",
B41 C double common/Kitchen/IMG_20260918_111002.jpg,IMG_20260918_111002.jpg,B41 C double common,B41,Kitchen,NOT_CLEAN,NOT_CLEAN,0.994841,3,384,whole,2048,unweighted,0.5,correct,CLEAN,NOT_NEAT,Counter slab is stained and greasy along its length with food residue around the induction plate; vessels and jars sit in the residue and a cloth is dropped on the floor by the bin.,
B41 C double common/Kitchen/IMG_20260918_111005.jpg,IMG_20260918_111005.jpg,B41 C double common,B41,Kitchen,NOT_CLEAN,CLEAN,0.11613,3,384,whole,2048,unweighted,0.5,false_negative,CLEAN,NOT_NEAT,"Sink and surrounding slab show residue and grime, and a dirty cloth lies on the floor beside the washing machine.",Flaking plaster below the slab - maintenance
B41 C double common/Kitchen/IMG_20260918_111008.jpg,IMG_20260918_111008.jpg,B41 C double common,B41,Kitchen,CLEAN,NOT_CLEAN,0.586539,3,384,whole,2048,unweighted,0.5,false_positive,CLEAN,NEAT,"Kitchen/utility area is clean with no visible housekeeping dirt or waste; washing machine, shoe rack and clothes on a stool are normal household use.",
B41 C double common/Kitchen/IMG_20260918_111013.jpg,IMG_20260918_111013.jpg,B41 C double common,B41,Kitchen,CLEAN,CLEAN,0.00217,3,384,whole,2048,unweighted,0.5,correct,CLEAN,NEAT,"Clothes on a drying stand beside the doors are normal use, not a cleanliness problem; floor clean with no waste.",
B41 C double common/B 41 C  double common.jpg,B 41 C  double common.jpg,B41 C double common,B41,Room,NOT_CLEAN,CLEAN,0.065951,3,384,whole,2048,unweighted,0.5,false_negative,DIRTY,NOT_NEAT,"White paper debris lies on the floor tiles near the door, so the floor is not clean; cloth over a chair and bucket on the floor.",
B41 C double common/IMG_20260918_111123.jpg,IMG_20260918_111123.jpg,B41 C double common,B41,Room,CLEAN,CLEAN,0.001413,3,384,whole,2048,unweighted,0.5,correct,CLEAN,NEAT,"Wardrobe, umbrella opened to dry and bed with bedcover; no housekeeping dirt or waste visible.",
B41 C double common/IMG_20260918_111127.jpg,IMG_20260918_111127.jpg,B41 C double common,B41,Room,CLEAN,CLEAN,0.000793,3,384,whole,2048,unweighted,0.5,correct,NOT_FULLY_VISIBLE,NEAT,"Bedcover left rumpled with two garments on it and clothes hanging on wall hooks; no waste, residue or floor dirt visible - normal belongings.",Damp/peeling wall patch - maintenance
B41 C double common/IMG_20260918_111131.jpg,IMG_20260918_111131.jpg,B41 C double common,B41,Room,NOT_CLEAN,CLEAN,0.082968,3,384,whole,2048,unweighted,0.5,false_negative,CLEAN,NOT_NEAT,"Table crowded with bottles, packets and paper bags; clothes heaped on the bed and spilling onto the floor with a backpack among them.",Damp wall patch - maintenance
B41 C double common/IMG_20260918_111134.jpg,IMG_20260918_111134.jpg,B41 C double common,B41,Room,NOT_CLEAN,CLEAN,0.004779,3,384,whole,2048,unweighted,0.5,false_negative,CLEAN,NOT_NEAT,Bed covered by a pile of loose clothes with more items stacked on the side table.,Dark damp staining - maintenance
B41 C double common/IMG_20260918_111147.jpg,IMG_20260918_111147.jpg,B41 C double common,B41,Room,NOT_CLEAN,CLEAN,0.010161,3,384,whole,2048,unweighted,0.5,false_negative,DIRTY,NOT_NEAT,A crumpled tissue/paper piece lies on the floor tile - visible waste on the floor; cloths draped over the bed frame and chair.,
B41 C double common/IMG_20260918_111209.jpg,IMG_20260918_111209.jpg,B41 C double common,B41,Room,NOT_CLEAN,NOT_CLEAN,0.919198,3,384,whole,2048,unweighted,0.5,correct,CLEAN,NOT_NEAT,"Clothes heaped on the bed and dropped on the floor, paper bags and a backpack on the tiles, table crowded with bottles.",Damp stain - maintenance
B41 C double common/IMG_20260918_111216.jpg,IMG_20260918_111216.jpg,B41 C double common,B41,Room,CLEAN,CLEAN,0.000241,3,384,whole,2048,unweighted,0.5,correct,NOT_FULLY_VISIBLE,NEAT,Clothes hanging on the wall hook and bed with bedcover; no waste or housekeeping dirt visible.,Large damp/peeling patch - maintenance only
B41 C double common/IMG_20260918_111220.jpg,IMG_20260918_111220.jpg,B41 C double common,B41,Room,NOT_CLEAN,CLEAN,0.001839,3,384,whole,2048,unweighted,0.5,false_negative,DIRTY,NOT_NEAT,"Two white paper/tissue pieces lie on the passage tiles, so the floor is not clean; clothes draped over a stool and chair.",
B41 D single attach/B41 D single attach.jpg,B41 D single attach.jpg,B41 D single attach,B41,Room,CLEAN,CLEAN,0.001339,3,384,whole,2048,unweighted,0.5,correct,CLEAN,NEAT,Tiles clean and shiny with doormat and dustbin in place; no waste.,
B41 D single attach/IMG_20260918_111416.jpg,IMG_20260918_111416.jpg,B41 D single attach,B41,Room,CLEAN,CLEAN,0.023399,3,384,whole,2048,unweighted,0.5,correct,CLEAN,NEAT,Bed neatly covered with a bag and cushion on it; floor clean.,
B41 D single attach/IMG_20260918_111425.jpg,IMG_20260918_111425.jpg,B41 D single attach,B41,Room,CLEAN,CLEAN,0.003526,3,384,whole,2048,unweighted,0.5,correct,CLEAN,NEAT,Clean reflective floor with dustbin by the balcony door; no debris or stains.,
B41 D single attach/IMG_20260918_111442.jpg,IMG_20260918_111442.jpg,B41 D single attach,B41,Room,CLEAN,CLEAN,0.001182,3,384,whole,2048,unweighted,0.5,correct,CLEAN,NEAT,Desk with a bottle and charger; floor clear of waste.,
B41 D single attach/IMG_20260918_111500.jpg,IMG_20260918_111500.jpg,B41 D single attach,B41,Room,CLEAN,CLEAN,0.004533,3,384,whole,2048,unweighted,0.5,correct,CLEAN,NEAT,Suitcase stored on the wardrobe and slippers kept beside it; floor clean.,
B41 D single attach/IMG_20260918_111507.jpg,IMG_20260918_111507.jpg,B41 D single attach,B41,Room,CLEAN,CLEAN,0.001495,3,384,whole,2048,unweighted,0.5,correct,CLEAN,NEAT,Bed with pillow and folded cloth; no waste visible.,
B41 D single attach/IMG_20260918_111517.jpg,IMG_20260918_111517.jpg,B41 D single attach,B41,Room,CLEAN,CLEAN,0.004186,3,384,whole,2048,unweighted,0.5,correct,CLEAN,NEAT,Backpack and cushion on the covered bed - normal belongings; floor clean.,
B41 D single attach/IMG_20260918_111527.jpg,IMG_20260918_111527.jpg,B41 D single attach,B41,Room,CLEAN,CLEAN,0.000728,3,384,whole,2048,unweighted,0.5,correct,CLEAN,NEAT,Entry area with doormat and dustbin; tiles clean with no litter.,
C21 A single common/IMG_20260918_113220.jpg,IMG_20260918_113220.jpg,C21 A single common,C21,Room,NOT_CLEAN,NOT_CLEAN,0.252115,4,384,whole,2048,unweighted,0.22,correct,NOT_FULLY_VISIBLE,NOT_NEAT,"A crushed empty bottle, a used tissue roll and a wrapper are left lying on the desk - visible waste that has not been cleared.",
C21 A single common/IMG_20260918_113224.jpg,IMG_20260918_113224.jpg,C21 A single common,C21,Room,CLEAN,CLEAN,0.016872,4,384,whole,2048,unweighted,0.22,correct,CLEAN,NEAT,Cabinet with toiletries and bed corner; visible floor clear of waste and debris.,Marks on wall - maintenance
C21 A single common/IMG_20260918_113231.jpg,IMG_20260918_113231.jpg,C21 A single common,C21,Room,CLEAN,NOT_CLEAN,0.281733,4,384,whole,2048,unweighted,0.22,false_positive,NOT_FULLY_VISIBLE,NEAT,Bed with pillow and bedcover; nothing dirty or discarded visible.,
C21 A single common/IMG_20260918_113239.jpg,IMG_20260918_113239.jpg,C21 A single common,C21,Room,CLEAN,NOT_CLEAN,0.261156,4,384,whole,2048,unweighted,0.22,false_positive,CLEAN,NEAT,Bed with blanket and chair with towel; visible floor clear of waste.,
C21 A single common/IMG_20260918_113243.jpg,IMG_20260918_113243.jpg,C21 A single common,C21,Room,CLEAN,CLEAN,0.08993,4,384,whole,2048,unweighted,0.22,correct,CLEAN,NEAT,Doorway with slippers kept at the side; floor clear of litter.,
C21 A single common/IMG_20260918_113250.jpg,IMG_20260918_113250.jpg,C21 A single common,C21,Room,NOT_CLEAN,NOT_CLEAN,0.246973,4,384,whole,2048,unweighted,0.22,correct,DIRTY,NOT_NEAT,A dried spill/residue patch and a small lid lie on the floor in the desk corner and an empty bottle with a tissue roll is left on the desk - the corner has not been cleaned.,Grimy skirting - maintenance
C21 B double attach/C21 B double attach.jpg,C21 B double attach.jpg,C21 B double attach,C21,Room,CLEAN,CLEAN,0.064182,4,384,whole,2048,unweighted,0.22,correct,CLEAN,NEAT,Helmet and suitcase stored on the wardrobe; floor clean and clear.,
C21 B double attach/IMG_20260918_113357.jpg,IMG_20260918_113357.jpg,C21 B double attach,C21,Room,CLEAN,CLEAN,0.009072,4,384,whole,2048,unweighted,0.22,correct,CLEAN,NEAT,"Clothes on a wall hook, folded clothes on the bed, doormat in place; tiles clean with no waste.",Damp/mould at wall base - maintenance
C21 B double attach/IMG_20260918_113400.jpg,IMG_20260918_113400.jpg,C21 B double attach,C21,Room,CLEAN,CLEAN,0.000751,4,384,whole,2048,unweighted,0.22,correct,CLEAN,NEAT,Two beds with bedding and folded clothes and a rug on the floor; no waste or dirt.,
C21 B double attach/IMG_20260918_113408.jpg,IMG_20260918_113408.jpg,C21 B double attach,C21,Room,CLEAN,CLEAN,0.003024,4,384,whole,2048,unweighted,0.22,correct,CLEAN,NEAT,"Bed with pillows and clothes, cabinet and box beside it; floor clean.",
C21 B double attach/IMG_20260918_113413.jpg,IMG_20260918_113413.jpg,C21 B double attach,C21,Room,CLEAN,NOT_CLEAN,0.422598,4,384,whole,2048,unweighted,0.22,false_positive,CLEAN,NEAT,"Desk with bottle, bag on the chair, stool stored under the desk.",
C21 B double attach/IMG_20260918_113416.jpg,IMG_20260918_113416.jpg,C21 B double attach,C21,Room,CLEAN,CLEAN,0.040798,4,384,whole,2048,unweighted,0.22,correct,CLEAN,NEAT,Desk and wardrobe in order; floor clean with no debris.,
C21 B double attach/IMG_20260918_113422.jpg,IMG_20260918_113422.jpg,C21 B double attach,C21,Room,CLEAN,CLEAN,0.003006,4,384,whole,2048,unweighted,0.22,correct,CLEAN,NEAT,"Wide view: beds and desk in use, floor clean and free of waste.",
C21 B double attach/IMG_20260918_113430.jpg,IMG_20260918_113430.jpg,C21 B double attach,C21,Room,CLEAN,CLEAN,0.000402,4,384,whole,2048,unweighted,0.22,correct,CLEAN,NEAT,Bathroom doorway; tiles clean and clear of litter.,
C21 B double attach/IMG_20260918_113433.jpg,IMG_20260918_113433.jpg,C21 B double attach,C21,Room,CLEAN,CLEAN,0.001019,4,384,whole,2048,unweighted,0.22,correct,CLEAN,NEAT,"Floor mat by the bed, clean tiles, nothing discarded.",
C21 B double attach/IMG_20260918_113438.jpg,IMG_20260918_113438.jpg,C21 B double attach,C21,Room,CLEAN,CLEAN,0.004511,4,384,whole,2048,unweighted,0.22,correct,CLEAN,NEAT,Door with doormat and clothes hanging; floor clean.,Damp/peeling at wall base - maintenance
C21 C double common/Kitchen/IMG_20260918_112605.jpg,IMG_20260918_112605.jpg,C21 C double common,C21,Kitchen,NOT_CLEAN,CLEAN,0.133061,4,384,whole,2048,unweighted,0.22,false_negative,CLEAN,NOT_NEAT,The appliance/fridge top is visibly soiled with brown residue and crumbs and has not been wiped; devices standing on it are stained too.,
C21 C double common/Kitchen/IMG_20260918_112611.jpg,IMG_20260918_112611.jpg,C21 C double common,C21,Kitchen,CLEAN,NOT_CLEAN,0.381572,4,384,whole,2048,unweighted,0.22,false_positive,CLEAN,NEAT,"Kitchen area clean with no visible residue or waste; counter vessels, dustbins and mat are normal household use and the floor is clean.",
C21 C double common/Kitchen/IMG_20260918_112616.jpg,IMG_20260918_112616.jpg,C21 C double common,C21,Kitchen,NOT_CLEAN,NOT_CLEAN,0.997421,4,384,whole,2048,unweighted,0.22,correct,CLEAN,NOT_NEAT,"Unwashed vessels - bowl with knife, cooker, plates, pan - left on the counter with visible crumbs and food residue across the slab.",
C21 C double common/Kitchen/IMG_20260918_112620.jpg,IMG_20260918_112620.jpg,C21 C double common,C21,Kitchen,CLEAN,CLEAN,0.002704,4,384,whole,2048,unweighted,0.22,correct,CLEAN,NEAT,"Clothes on a drying stand - normal common-area use, not dirt; floor tiles clean with no waste.",
C21 C double common/Kitchen/IMG_20260918_112629.jpg,IMG_20260918_112629.jpg,C21 C double common,C21,Kitchen,CLEAN,CLEAN,0.017187,4,384,whole,2048,unweighted,0.22,correct,CLEAN,NEAT,"Drying stand, shoe stand and footwear at the doorway; floor clean, nothing discarded.",
C21 C double common/Kitchen/IMG_20260918_112638.jpg,IMG_20260918_112638.jpg,C21 C double common,C21,Kitchen,CLEAN,NOT_CLEAN,0.898933,4,384,whole,2048,unweighted,0.22,false_positive,CLEAN,NEAT,Sink and counter reasonably clean with bottles and vessels in normal use; no food residue or waste on the floor.,"Broken/blackened plaster under the counter - maintenance, not housekeeping dirt"
C21 C double common/C21 C double Common.jpg,C21 C double Common.jpg,C21 C double common,C21,Room,CLEAN,CLEAN,0.062677,4,384,whole,2048,unweighted,0.22,correct,CLEAN,NEAT,Ironing board stored on the wardrobe and jeans over a chair; floor clean with no waste.,
C21 C double common/IMG_20260918_112714.jpg,IMG_20260918_112714.jpg,C21 C double common,C21,Room,CLEAN,CLEAN,0.065172,4,384,whole,2048,unweighted,0.22,correct,CLEAN,NEAT,"Bed with a storage box, chair and stool in place; tiles clean.",
C21 C double common/IMG_20260918_112717.jpg,IMG_20260918_112717.jpg,C21 C double common,C21,Room,CLEAN,CLEAN,0.07315,4,384,whole,2048,unweighted,0.22,correct,CLEAN,NEAT,"Bed and stool with clothes over it; floor clean, no debris.",
C21 C double common/IMG_20260918_112720.jpg,IMG_20260918_112720.jpg,C21 C double common,C21,Room,CLEAN,NOT_CLEAN,0.458601,4,384,whole,2048,unweighted,0.22,false_positive,CLEAN,NEAT,Bed with bedding and box and a side cabinet; no waste visible.,Damp wall patch - maintenance
C21 C double common/IMG_20260918_112725.jpg,IMG_20260918_112725.jpg,C21 C double common,C21,Room,CLEAN,CLEAN,0.007253,4,384,whole,2048,unweighted,0.22,correct,CLEAN,NEAT,Two beds with cabinets holding bottles and books; tiles clean.,Wall discolouration - maintenance
C21 C double common/IMG_20260918_112727.jpg,IMG_20260918_112727.jpg,C21 C double common,C21,Room,CLEAN,CLEAN,0.005595,4,384,whole,2048,unweighted,0.22,correct,CLEAN,NEAT,Bed with bedcover and cabinet with personal items; nothing discarded.,
C21 C double common/IMG_20260918_112741.jpg,IMG_20260918_112741.jpg,C21 C double common,C21,Room,CLEAN,CLEAN,0.002319,4,384,whole,2048,unweighted,0.22,correct,NOT_FULLY_VISIBLE,NEAT,Bed with quilt spread on it; no waste or dirt visible.,
C21 C double common/IMG_20260918_112745.jpg,IMG_20260918_112745.jpg,C21 C double common,C21,Room,CLEAN,CLEAN,0.008799,4,384,whole,2048,unweighted,0.22,correct,CLEAN,NEAT,"Beds, cabinets and a stored carton; floor clear of litter.",
C21 C double common/IMG_20260918_112750.jpg,IMG_20260918_112750.jpg,C21 C double common,C21,Room,CLEAN,CLEAN,0.075659,4,384,whole,2048,unweighted,0.22,correct,CLEAN,NEAT,Bed with folded clothes and footwear kept at the doorway; floor clean.,
C21 C double common/IMG_20260918_112755.jpg,IMG_20260918_112755.jpg,C21 C double common,C21,Room,CLEAN,NOT_CLEAN,0.584141,4,384,whole,2048,unweighted,0.22,false_positive,CLEAN,NEAT,"Desk with bottles and toiletries and a wardrobe; floor clean, no waste.",
C21 C double common/IMG_20260918_112759.jpg,IMG_20260918_112759.jpg,C21 C double common,C21,Room,CLEAN,CLEAN,0.004354,4,384,whole,2048,unweighted,0.22,correct,CLEAN,NEAT,"Bed with bedcover, cabinet with books and bottles and a paper bag beside it; floor clean.",Dark marks on wall - maintenance
C21 D single attach/C21 D single attach.jpg,C21 D single attach.jpg,C21 D single attach,C21,Room,CLEAN,CLEAN,0.000261,4,384,whole,2048,unweighted,0.22,correct,NOT_FULLY_VISIBLE,NEAT,Wardrobe and wall; visible floor clear with nothing discarded.,
C21 D single attach/IMG_20260918_112920.jpg,IMG_20260918_112920.jpg,C21 D single attach,C21,Room,CLEAN,CLEAN,0.213172,4,384,whole,2048,unweighted,0.22,correct,CLEAN,NEAT,Tiles clean and shiny with mat and drying stand; storage rack against the wall.,
C21 D single attach/IMG_20260918_112926.jpg,IMG_20260918_112926.jpg,C21 D single attach,C21,Room,CLEAN,CLEAN,0.044938,4,384,whole,2048,unweighted,0.22,correct,CLEAN,NEAT,Desk with bottles and toiletries and cartons stacked on the rack; floor clean.,
C21 D single attach/IMG_20260918_112934.jpg,IMG_20260918_112934.jpg,C21 D single attach,C21,Room,CLEAN,CLEAN,0.070377,4,384,whole,2048,unweighted,0.22,correct,CLEAN,NEAT,Bed with blanket and a rack with bottles beside it; no waste.,Wall stain - maintenance
C21 D single attach/IMG_20260918_112938.jpg,IMG_20260918_112938.jpg,C21 D single attach,C21,Room,CLEAN,CLEAN,0.061204,4,384,whole,2048,unweighted,0.22,correct,CLEAN,NEAT,Desk with organised bottles and plate and cartons on the rack; floor clean with no litter.,Chipped desk panel - maintenance
C21 D single attach/IMG_20260918_112950.jpg,IMG_20260918_112950.jpg,C21 D single attach,C21,Room,CLEAN,CLEAN,0.007078,4,384,whole,2048,unweighted,0.22,correct,CLEAN,NEAT,Storage rack with hangers and boxes kept in order; floor clean.,
C21 D single attach/IMG_20260918_112954.jpg,IMG_20260918_112954.jpg,C21 D single attach,C21,Room,CLEAN,CLEAN,0.15851,4,384,whole,2048,unweighted,0.22,correct,CLEAN,NEAT,"Wardrobe and rack with a floor mat by the door and a cloth on the floor; tiles clean, no waste.",
C21 D single attach/IMG_20260918_113000.jpg,IMG_20260918_113000.jpg,C21 D single attach,C21,Room,CLEAN,NOT_CLEAN,0.691937,4,384,whole,2048,unweighted,0.22,false_positive,NOT_FULLY_VISIBLE,NEAT,Bed corner with bottles on the cabinet; no residue or waste visible.,Damp stain - maintenance
C31 B double attach/C31 b double attach.jpg,C31 b double attach.jpg,C31 B double attach,C31,Room,NOT_CLEAN,NOT_CLEAN,0.201384,5,384,whole,2048,unweighted,0.13,correct,CLEAN,NOT_NEAT,"Tiles are clean with no dirt or garbage, but cooking vessels, cables, a racket, bags and a bottle are piled directly on the floor in the corner with packaging and an empty wrapper on the table - the room looks untidy.",
C31 B double attach/IMG_20260918_114321.jpg,IMG_20260918_114321.jpg,C31 B double attach,C31,Room,NOT_CLEAN,CLEAN,0.031435,5,384,whole,2048,unweighted,0.13,false_negative,CLEAN,NOT_NEAT,"Opened carton with papers on the floor by the fridge, backpack dropped beside it, slippers loose and suitcase in the walkway; tiles themselves clean.",
C31 B double attach/IMG_20260918_114326.jpg,IMG_20260918_114326.jpg,C31 B double attach,C31,Room,NOT_CLEAN,CLEAN,0.045287,5,384,whole,2048,unweighted,0.13,false_negative,CLEAN,NOT_NEAT,"Bedding tangled across the bed, packaging carton on the table, bag pushed under it and slippers on the floor.",
C31 B double attach/IMG_20260918_114331.jpg,IMG_20260918_114331.jpg,C31 B double attach,C31,Room,NOT_CLEAN,NOT_CLEAN,0.666273,5,384,whole,2048,unweighted,0.13,correct,CLEAN,NOT_NEAT,"Bed unmade with bedding loose, opened package on the table and bags underneath; tiles clean but the room is visibly unarranged.",
C31 B double attach/IMG_20260918_114344.jpg,IMG_20260918_114344.jpg,C31 B double attach,C31,Room,NOT_CLEAN,NOT_CLEAN,0.375602,5,384,whole,2048,unweighted,0.13,correct,NOT_FULLY_VISIBLE,NOT_NEAT,"Bedding, clothes, a power strip and a plastic bag tangled together across the whole bed.",
C31 B double attach/IMG_20260918_114348.jpg,IMG_20260918_114348.jpg,C31 B double attach,C31,Room,NOT_CLEAN,NOT_CLEAN,0.238554,5,384,whole,2048,unweighted,0.13,correct,CLEAN,NOT_NEAT,"Torn shoe box and bottles on the wardrobes, vessels and cables piled on the floor and opened packaging on the ledge.",
C31 B double attach/IMG_20260918_114351.jpg,IMG_20260918_114351.jpg,C31 B double attach,C31,Room,NOT_CLEAN,CLEAN,0.052925,5,384,whole,2048,unweighted,0.13,false_negative,CLEAN,NOT_NEAT,"Floor tiles visibly clean, but the corner holds vessels, cables and a bag on the floor with a slipper mid-room and a cloth thrown over the bed.",
C31 B double attach/IMG_20260918_114356.jpg,IMG_20260918_114356.jpg,C31 B double attach,C31,Room,CLEAN,CLEAN,0.100932,5,384,whole,2048,unweighted,0.13,correct,CLEAN,NEAT,"Clean tiles with a suitcase stood against the wall, coat on the door and folded bedding - belongings reasonably placed, no waste.",
C31 C double Common/IMG_20260918_113835.jpg,IMG_20260918_113835.jpg,C31 C double Common,C31,Room,CLEAN,CLEAN,0.002073,5,384,whole,2048,unweighted,0.13,correct,CLEAN,NEAT,"Tiles clean with no housekeeping dirt or waste; suitcase stood upright, clothes on the bed and shoes together - reasonably arranged.",
C31 C double Common/IMG_20260918_113838.jpg,IMG_20260918_113838.jpg,C31 C double Common,C31,Room,CLEAN,CLEAN,0.016918,5,384,whole,2048,unweighted,0.13,correct,CLEAN,NEAT,Floor tiles clean and no garbage; clothes on the bed with backpack and slippers beside it are normal belongings reasonably placed.,
C31 C double Common/IMG_20260918_113846.jpg,IMG_20260918_113846.jpg,C31 C double Common,C31,Room,CLEAN,CLEAN,0.014181,5,384,whole,2048,unweighted,0.13,correct,CLEAN,NEAT,One pile of clothes on the mattress; floor clean and empty with nothing discarded.,
C31 C double Common/IMG_20260918_113854.jpg,IMG_20260918_113854.jpg,C31 C double Common,C31,Room,CLEAN,CLEAN,0.020858,5,384,whole,2048,unweighted,0.13,correct,CLEAN,NEAT,A few garments on the mattress and a closed cabinet; floor clean.,
C31 C double Common/IMG_20260918_113857.jpg,IMG_20260918_113857.jpg,C31 C double Common,C31,Room,CLEAN,CLEAN,0.11547,5,384,whole,2048,unweighted,0.13,correct,CLEAN,NEAT,Bare mattress and open doorway; tiles clean and clear.,
C31 C double Common/IMG_20260918_113901.jpg,IMG_20260918_113901.jpg,C31 C double Common,C31,Room,CLEAN,CLEAN,0.091291,5,384,whole,2048,unweighted,0.13,correct,CLEAN,NEAT,"Blanket and clothes on the bed, snack packet and papers on the cabinet, backpack beside it; no waste on the floor and no residue.",Wall marks - maintenance
C31 C double Common/IMG_20260918_113909.jpg,IMG_20260918_113909.jpg,C31 C double Common,C31,Room,CLEAN,CLEAN,0.000825,5,384,whole,2048,unweighted,0.13,correct,CLEAN,NEAT,"Desk with laptop, suitcase and shoes by the wardrobe and clothes on hooks; tiles clean.",
C31 C double Common/IMG_20260918_113912.jpg,IMG_20260918_113912.jpg,C31 C double Common,C31,Room,CLEAN,CLEAN,0.000609,5,384,whole,2048,unweighted,0.13,correct,CLEAN,NEAT,"Study corner with laptop and bottle, clothes hanging and luggage below; nothing discarded.",
C31 D single attach/IMG_20260918_114047.jpg,IMG_20260918_114047.jpg,C31 D single attach,C31,Room,CLEAN,CLEAN,0.000198,5,384,whole,2048,unweighted,0.13,correct,CLEAN,NEAT,Tiles clean and reflective with wardrobe and fridge against the wall; nothing discarded.,
C31 D single attach/IMG_20260918_114050.jpg,IMG_20260918_114050.jpg,C31 D single attach,C31,Room,CLEAN,CLEAN,0.000798,5,384,whole,2048,unweighted,0.13,correct,CLEAN,NEAT,Clean shiny floor with doormat; no litter or residue.,
C31 D single attach/IMG_20260918_114054.jpg,IMG_20260918_114054.jpg,C31 D single attach,C31,Room,CLEAN,CLEAN,0.009779,5,384,whole,2048,unweighted,0.13,correct,CLEAN,NEAT,"Table with iron, bottles and a snack packet and a towel over the chair; floor clean with no waste.",
C31 D single attach/IMG_20260918_114058.jpg,IMG_20260918_114058.jpg,C31 D single attach,C31,Room,CLEAN,CLEAN,0.002021,5,384,whole,2048,unweighted,0.13,correct,NOT_FULLY_VISIBLE,NEAT,Bed with pillows and bedcover and a coat on the hook; nothing dirty or discarded.,
C31 D single attach/IMG_20260918_114111.jpg,IMG_20260918_114111.jpg,C31 D single attach,C31,Room,CLEAN,CLEAN,0.000563,5,384,whole,2048,unweighted,0.13,correct,CLEAN,NEAT,Wardrobe and cabinet; tiles clean and clear.,
C31 D single attach/IMG_20260918_114115.jpg,IMG_20260918_114115.jpg,C31 D single attach,C31,Room,CLEAN,CLEAN,0.002557,5,384,whole,2048,unweighted,0.13,correct,CLEAN,NEAT,Door area with doormat; floor clean with no litter.,Peeling/damp at wall base - maintenance
C31 D single attach/IMG_20260918_114120.jpg,IMG_20260918_114120.jpg,C31 D single attach,C31,Room,CLEAN,CLEAN,0.083971,5,384,whole,2048,unweighted,0.13,correct,CLEAN,NEAT,"Bed with clothes, towel, bottle, comb and remote - normal belongings; floor clean with no waste.",
C31 D single attach/IMG_20260918_114127.jpg,IMG_20260918_114127.jpg,C31 D single attach,C31,Room,CLEAN,CLEAN,0.001708,5,384,whole,2048,unweighted,0.13,correct,CLEAN,NEAT,Door and wardrobe with doormat on clean tiles; no waste or dirt visible.,Peeling paint at wall base - maintenance
A33 A single attach/A33 A Single attach. .jpg,A33 A Single attach. .jpg,A33 A single attach,A33,Room,CLEAN,CLEAN,0.002179,1,384,whole,2048,class_weighted,0.2,correct,CLEAN,NEAT,Tiles are clean with only a doormat; no visible housekeeping dirt or waste.,
A33 A single attach/IMG_20260918_104751.jpg,IMG_20260918_104751.jpg,A33 A single attach,A33,Room,CLEAN,CLEAN,0.129051,1,384,whole,2048,class_weighted,0.2,correct,CLEAN,NEAT,Open floor clean with no debris; suitcase stood against the wall and a few desk items reasonably arranged.,
A33 A single attach/IMG_20260918_104756.jpg,IMG_20260918_104756.jpg,A33 A single attach,A33,Room,CLEAN,CLEAN,0.012166,1,384,whole,2048,class_weighted,0.2,correct,CLEAN,NEAT,"Floor clean and free of waste; bed covered, desks hold bottles and small items in order.",
A33 A single attach/IMG_20260918_104801.jpg,IMG_20260918_104801.jpg,A33 A single attach,A33,Room,CLEAN,NOT_CLEAN,0.421206,1,384,whole,2048,class_weighted,0.2,false_positive,CLEAN,NEAT,"No dirt, residue or waste visible; helmet and a few clothes rest on the made bed.",
A33 A single attach/IMG_20260918_104805.jpg,IMG_20260918_104805.jpg,A33 A single attach,A33,Room,CLEAN,CLEAN,0.143243,1,384,whole,2048,class_weighted,0.2,correct,CLEAN,NEAT,Floor clean with no waste; clothes and helmet on the bed are normal belongings.,
A33 A single attach/IMG_20260918_104828.jpg,IMG_20260918_104828.jpg,A33 A single attach,A33,Room,CLEAN,CLEAN,0.077184,1,384,whole,2048,class_weighted,0.2,correct,CLEAN,NEAT,Wardrobe area clean with one bottle standing on the floor; no debris or residue.,
A33 C double common/A33 C double Common.jpg,A33 C double Common.jpg,A33 C double common,A33,Room,CLEAN,CLEAN,0.028491,1,384,whole,2048,class_weighted,0.2,correct,NOT_FULLY_VISIBLE,NEAT,"Bed with blanket, small carton on the side table and towels at the window; nothing dirty or discarded visible.",
A33 C double common/IMG_20260918_105110.jpg,IMG_20260918_105110.jpg,A33 C double common,A33,Room,CLEAN,CLEAN,0.008882,1,384,whole,2048,class_weighted,0.2,correct,CLEAN,NEAT,"Floor clean with no waste; desk and chair clear, blanket left bunched on the bed only.",
A33 C double common/IMG_20260918_105117.jpg,IMG_20260918_105117.jpg,A33 C double common,A33,Room,CLEAN,NOT_CLEAN,0.244905,1,384,whole,2048,class_weighted,0.2,false_positive,CLEAN,NEAT,"Tiles clean, no housekeeping dirt; bedding loose on the bed.",
A33 C double common/IMG_20260918_105124.jpg,IMG_20260918_105124.jpg,A33 C double common,A33,Room,CLEAN,CLEAN,0.020177,1,384,whole,2048,class_weighted,0.2,correct,CLEAN,NEAT,"Suitcase stored on the wardrobe and a bottle above; floor clean, no waste.",
A33 C double common/IMG_20260918_105135.jpg,IMG_20260918_105135.jpg,A33 C double common,A33,Room,CLEAN,CLEAN,0.022956,1,384,whole,2048,class_weighted,0.2,correct,CLEAN,NEAT,Desks and chairs in place with a cable along the floor; no waste or dirt visible.,
A33 C double common/IMG_20260918_105143.jpg,IMG_20260918_105143.jpg,A33 C double common,A33,Room,CLEAN,NOT_CLEAN,0.783466,1,384,whole,2048,class_weighted,0.2,false_positive,CLEAN,NEAT,A few clothes on the bed and a weighing scale on the floor; floor clean.,
A33 C double common/IMG_20260918_105157.jpg,IMG_20260918_105157.jpg,A33 C double common,A33,Room,NOT_CLEAN,CLEAN,0.019804,1,384,whole,2048,class_weighted,0.2,false_negative,CLEAN,NOT_NEAT,"A large crumpled brown packing cover lies discarded on the floor beside the suitcase - visible waste material, so the area is not clean. Tiles themselves are clean.",
A33 C double common/IMG_20260918_105203.jpg,IMG_20260918_105203.jpg,A33 C double common,A33,Room,NOT_CLEAN,NOT_CLEAN,0.610213,1,384,whole,2048,class_weighted,0.2,correct,CLEAN,NOT_NEAT,Closer view of the same discarded packing cover spread loose across the floor.,
A33 C double common/IMG_20260918_105215.jpg,IMG_20260918_105215.jpg,A33 C double common,A33,Room,CLEAN,CLEAN,0.047571,1,384,whole,2048,class_weighted,0.2,correct,CLEAN,NEAT,"Cabinet with utensils, clothes on a hook, scale on the floor; no waste or residue.",
A33 C double common/IMG_20260918_105219.jpg,IMG_20260918_105219.jpg,A33 C double common,A33,Room,CLEAN,NOT_CLEAN,0.424156,1,384,whole,2048,class_weighted,0.2,false_positive,CLEAN,NEAT,Floor clean and clear; clothes hanging behind the door.,
A33 C double common/IMG_20260918_105224.jpg,IMG_20260918_105224.jpg,A33 C double common,A33,Room,CLEAN,NOT_CLEAN,0.727243,1,384,whole,2048,class_weighted,0.2,false_positive,CLEAN,NEAT,Carton and luggage stored beside the bed; no garbage or dirt visible.,Damp patch on wall - maintenance
A33 C double common/IMG_20260918_105241.jpg,IMG_20260918_105241.jpg,A33 C double common,A33,Room,CLEAN,CLEAN,0.003696,1,384,whole,2048,class_weighted,0.2,correct,CLEAN,NEAT,"Window wall and doorway; floor clean, nothing discarded.",
A33 C double common/IMG_20260918_105245.jpg,IMG_20260918_105245.jpg,A33 C double common,A33,Room,CLEAN,CLEAN,0.01667,1,384,whole,2048,class_weighted,0.2,correct,CLEAN,NEAT,"Wide view: bed made, suitcase on the wardrobe, floor clean.",
A34 A single attach/A34 A Single attach.jpg,A34 A Single attach.jpg,A34 A single attach,A34,Room,CLEAN,CLEAN,0.011878,2,384,whole,2048,class_weighted,0.23,correct,CLEAN,NEAT,Bed corner with folded bedding; no waste and the visible floor is clean.,Wall holes and marks - maintenance
A34 A single attach/IMG_20260918_104319.jpg,IMG_20260918_104319.jpg,A34 A single attach,A34,Room,CLEAN,NOT_CLEAN,0.392129,2,384,whole,2048,class_weighted,0.23,false_positive,CLEAN,NEAT,"Desk, paper bags and stool kept together in the corner; floor clean, no waste.",
A34 A single attach/IMG_20260918_104324.jpg,IMG_20260918_104324.jpg,A34 A single attach,A34,Room,CLEAN,CLEAN,0.081449,2,384,whole,2048,class_weighted,0.23,correct,CLEAN,NEAT,Large open floor area clean and clear of debris.,
A34 A single attach/IMG_20260918_104330.jpg,IMG_20260918_104330.jpg,A34 A single attach,A34,Room,CLEAN,CLEAN,0.001441,2,384,whole,2048,class_weighted,0.23,correct,CLEAN,NEAT,Desk with computer and towel folded on the chair; floor clean.,
A34 A single attach/IMG_20260918_104334.jpg,IMG_20260918_104334.jpg,A34 A single attach,A34,Room,CLEAN,CLEAN,0.000561,2,384,whole,2048,class_weighted,0.23,correct,CLEAN,NEAT,Bed made with a few clothes on it; no waste or residue.,
A34 A single attach/IMG_20260918_104337.jpg,IMG_20260918_104337.jpg,A34 A single attach,A34,Room,CLEAN,CLEAN,0.001045,2,384,whole,2048,class_weighted,0.23,correct,CLEAN,NEAT,"Bed covered, floor clean, nothing discarded.",
A34 A single attach/IMG_20260918_104358.jpg,IMG_20260918_104358.jpg,A34 A single attach,A34,Room,CLEAN,NOT_CLEAN,0.245727,2,384,whole,2048,class_weighted,0.23,false_positive,CLEAN,NEAT,Desk in use with a box stored underneath; no debris on the floor.,
A34 A single attach/IMG_20260918_104414.jpg,IMG_20260918_104414.jpg,A34 A single attach,A34,Room,CLEAN,CLEAN,0.000289,2,384,whole,2048,class_weighted,0.23,correct,CLEAN,NEAT,Doorway with doormat and luggage against the wall; floor clean.,
A34 A single attach/IMG_20260918_104444.jpg,IMG_20260918_104444.jpg,A34 A single attach,A34,Room,CLEAN,CLEAN,0.004442,2,384,whole,2048,class_weighted,0.23,correct,CLEAN,NEAT,"Utility corner with ironing board, rack and bucket arranged along the wall; floor clean.",
A34 A single attach/IMG_20260918_104514.jpg,IMG_20260918_104514.jpg,A34 A single attach,A34,Room,CLEAN,CLEAN,0.012784,2,384,whole,2048,class_weighted,0.23,correct,CLEAN,NEAT,Storage corner kept in order; no waste or dirt visible.,
A34 B double attach/A34 B double attach.jpg,A34 B double attach.jpg,A34 B double attach,A34,Room,NOT_CLEAN,CLEAN,0.154659,2,384,whole,2048,class_weighted,0.23,false_negative,CLEAN,NOT_NEAT,"Tiles are clean with no housekeeping dirt, but clothes are dumped over a chair and over storage boxes with cartons and a jar crowding the corner - the room looks untidy.",
A34 B double attach/IMG_20260918_103815.jpg,IMG_20260918_103815.jpg,A34 B double attach,A34,Room,NOT_CLEAN,CLEAN,0.002954,2,384,whole,2048,class_weighted,0.23,false_negative,CLEAN,NOT_NEAT,"Tiles clean, but five-plus pairs of shoes and a slipper lie spread across the floor, a yellow bag is dropped on the tiles and clothes are strewn over a bare mattress.",
A34 B double attach/IMG_20260918_103820.jpg,IMG_20260918_103820.jpg,A34 B double attach,A34,Room,NOT_CLEAN,CLEAN,0.031606,2,384,whole,2048,class_weighted,0.23,false_negative,CLEAN,NOT_NEAT,"Clothes heaped over both mattresses, shoes and a bag on the floor, a packet left on the mattress; floor itself clean.",
A34 B double attach/IMG_20260918_103827.jpg,IMG_20260918_103827.jpg,A34 B double attach,A34,Room,NOT_CLEAN,CLEAN,0.01886,2,384,whole,2048,class_weighted,0.23,false_negative,CLEAN,NOT_NEAT,"Clothes and a steel vessel dumped on the chair, slippers loose on the floor, mattress standing across the bathroom doorway.",
A34 B double attach/IMG_20260918_103844.jpg,IMG_20260918_103844.jpg,A34 B double attach,A34,Room,NOT_CLEAN,CLEAN,0.000312,2,384,whole,2048,class_weighted,0.23,false_negative,CLEAN,NOT_NEAT,"A cloth is thrown over the chair and trails onto the floor, with further scattered items and bottles visible in the room beyond.",
A34 B double attach/IMG_20260918_103854.jpg,IMG_20260918_103854.jpg,A34 B double attach,A34,Room,NOT_CLEAN,NOT_CLEAN,0.418679,2,384,whole,2048,class_weighted,0.23,correct,CLEAN,NOT_NEAT,"Two open suitcases on the floor with contents spilling out, shoes scattered around them, clothes heaped on the mattress.",
A34 B double attach/IMG_20260918_103858.jpg,IMG_20260918_103858.jpg,A34 B double attach,A34,Room,NOT_CLEAN,NOT_CLEAN,0.76383,2,384,whole,2048,class_weighted,0.23,correct,CLEAN,NOT_NEAT,"Open suitcase tipped onto the floor, yellow bag and slipper on the tiles, clothes across both mattresses.",
A34 B double attach/IMG_20260918_104015.jpg,IMG_20260918_104015.jpg,A34 B double attach,A34,Room,NOT_CLEAN,CLEAN,0.134119,2,384,whole,2048,class_weighted,0.23,false_negative,CLEAN,NOT_NEAT,Clothes draped over two chairs with a carton and jar on the floor corner; tiles clean but the corner is unarranged.,
A34 B double attach/IMG_20260918_104031.jpg,IMG_20260918_104031.jpg,A34 B double attach,A34,Room,NOT_CLEAN,NOT_CLEAN,0.407452,2,384,whole,2048,class_weighted,0.23,correct,CLEAN,NOT_NEAT,"Clothes over chairs, open suitcase on the floor, shoes below the bed; the room looks visibly untidy.",
B41 B double attach/B41  B Double attach.jpg,B41  B Double attach.jpg,B41 B double attach,B41,Room,CLEAN,CLEAN,0.156977,3,384,whole,2048,class_weighted,0.67,correct,CLEAN,NEAT,"Desk with laptop and bottles, towel on the chair; floor clean and clear of waste.",
B41 B double attach/B41 B double attach. .jpg,B41 B double attach. .jpg,B41 B double attach,B41,Room,CLEAN,CLEAN,0.019013,3,384,whole,2048,class_weighted,0.67,correct,CLEAN,NEAT,"Backpack kept on the floor and footwear on a rack; tiles clean, no debris.",
B41 B double attach/IMG_20260918_111705.jpg,IMG_20260918_111705.jpg,B41 B double attach,B41,Room,CLEAN,CLEAN,0.011444,3,384,whole,2048,class_weighted,0.67,correct,CLEAN,NEAT,"Bed with bedding, suitcase beside it and shoes under the bed; no waste or residue.",
B41 B double attach/IMG_20260918_111711.jpg,IMG_20260918_111711.jpg,B41 B double attach,B41,Room,CLEAN,CLEAN,0.034625,3,384,whole,2048,class_weighted,0.67,correct,CLEAN,NEAT,Bedding pulled back and shoes kept under the bed; floor clean.,
B41 B double attach/IMG_20260918_111715.jpg,IMG_20260918_111715.jpg,B41 B double attach,B41,Room,CLEAN,CLEAN,0.108918,3,384,whole,2048,class_weighted,0.67,correct,CLEAN,NEAT,Study corner in use with a towel on the chair; no residue or debris.,
B41 B double attach/IMG_20260918_111718.jpg,IMG_20260918_111718.jpg,B41 B double attach,B41,Room,CLEAN,CLEAN,0.043644,3,384,whole,2048,class_weighted,0.67,correct,CLEAN,NEAT,"Laptop and bottles on the desk, clothes on the bed, slippers at the bedside - reasonably placed.",
B41 B double attach/IMG_20260918_111720.jpg,IMG_20260918_111720.jpg,B41 B double attach,B41,Room,CLEAN,CLEAN,0.005007,3,384,whole,2048,class_weighted,0.67,correct,CLEAN,NEAT,Towel hanging to dry and pillow on the bed; nothing discarded.,
B41 B double attach/IMG_20260918_111728.jpg,IMG_20260918_111728.jpg,B41 B double attach,B41,Room,CLEAN,CLEAN,0.333296,3,384,whole,2048,class_weighted,0.67,correct,CLEAN,NEAT,"Doormat at the door, suitcase and shoes stored beside the bed; floor clean.",
B41 B double attach/IMG_20260918_111733.jpg,IMG_20260918_111733.jpg,B41 B double attach,B41,Room,CLEAN,CLEAN,0.005888,3,384,whole,2048,class_weighted,0.67,correct,CLEAN,NEAT,Wardrobes with containers stored on top; floor clean and clear.,
B41 B double attach/IMG_20260918_111738.jpg,IMG_20260918_111738.jpg,B41 B double attach,B41,Room,CLEAN,CLEAN,0.006172,3,384,whole,2048,class_weighted,0.67,correct,CLEAN,NEAT,"Iron kept on the shelf and clothes hanging; floor clean, no waste.",
B41 B double attach/IMG_20260918_111743.jpg,IMG_20260918_111743.jpg,B41 B double attach,B41,Room,CLEAN,CLEAN,0.484553,3,384,whole,2048,class_weighted,0.67,correct,CLEAN,NEAT,Tiles clean; shoes under the bed and towel on the chair.,
B41 C double common/Kitchen/IMG_20260918_110949.jpg,IMG_20260918_110949.jpg,B41 C double common,B41,Kitchen,NOT_CLEAN,NOT_CLEAN,0.747748,3,384,whole,2048,class_weighted,0.67,correct,CLEAN,NOT_NEAT,"Kitchen surfaces show visible dirty conditions: dried spilled residue across the fridge top, a tray and plastic bags of waste left on the counter, and a cloth lying on the floor.",
B41 C double common/Kitchen/IMG_20260918_111002.jpg,IMG_20260918_111002.jpg,B41 C double common,B41,Kitchen,NOT_CLEAN,NOT_CLEAN,0.997837,3,384,whole,2048,class_weighted,0.67,correct,CLEAN,NOT_NEAT,Counter slab is stained and greasy along its length with food residue around the induction plate; vessels and jars sit in the residue and a cloth is dropped on the floor by the bin.,
B41 C double common/Kitchen/IMG_20260918_111005.jpg,IMG_20260918_111005.jpg,B41 C double common,B41,Kitchen,NOT_CLEAN,CLEAN,0.200792,3,384,whole,2048,class_weighted,0.67,false_negative,CLEAN,NOT_NEAT,"Sink and surrounding slab show residue and grime, and a dirty cloth lies on the floor beside the washing machine.",Flaking plaster below the slab - maintenance
B41 C double common/Kitchen/IMG_20260918_111008.jpg,IMG_20260918_111008.jpg,B41 C double common,B41,Kitchen,CLEAN,NOT_CLEAN,0.722609,3,384,whole,2048,class_weighted,0.67,false_positive,CLEAN,NEAT,"Kitchen/utility area is clean with no visible housekeeping dirt or waste; washing machine, shoe rack and clothes on a stool are normal household use.",
B41 C double common/Kitchen/IMG_20260918_111013.jpg,IMG_20260918_111013.jpg,B41 C double common,B41,Kitchen,CLEAN,CLEAN,0.00323,3,384,whole,2048,class_weighted,0.67,correct,CLEAN,NEAT,"Clothes on a drying stand beside the doors are normal use, not a cleanliness problem; floor clean with no waste.",
B41 C double common/B 41 C  double common.jpg,B 41 C  double common.jpg,B41 C double common,B41,Room,NOT_CLEAN,CLEAN,0.090382,3,384,whole,2048,class_weighted,0.67,false_negative,DIRTY,NOT_NEAT,"White paper debris lies on the floor tiles near the door, so the floor is not clean; cloth over a chair and bucket on the floor.",
B41 C double common/IMG_20260918_111123.jpg,IMG_20260918_111123.jpg,B41 C double common,B41,Room,CLEAN,CLEAN,0.002135,3,384,whole,2048,class_weighted,0.67,correct,CLEAN,NEAT,"Wardrobe, umbrella opened to dry and bed with bedcover; no housekeeping dirt or waste visible.",
B41 C double common/IMG_20260918_111127.jpg,IMG_20260918_111127.jpg,B41 C double common,B41,Room,CLEAN,CLEAN,0.001136,3,384,whole,2048,class_weighted,0.67,correct,NOT_FULLY_VISIBLE,NEAT,"Bedcover left rumpled with two garments on it and clothes hanging on wall hooks; no waste, residue or floor dirt visible - normal belongings.",Damp/peeling wall patch - maintenance
B41 C double common/IMG_20260918_111131.jpg,IMG_20260918_111131.jpg,B41 C double common,B41,Room,NOT_CLEAN,CLEAN,0.129865,3,384,whole,2048,class_weighted,0.67,false_negative,CLEAN,NOT_NEAT,"Table crowded with bottles, packets and paper bags; clothes heaped on the bed and spilling onto the floor with a backpack among them.",Damp wall patch - maintenance
B41 C double common/IMG_20260918_111134.jpg,IMG_20260918_111134.jpg,B41 C double common,B41,Room,NOT_CLEAN,CLEAN,0.00707,3,384,whole,2048,class_weighted,0.67,false_negative,CLEAN,NOT_NEAT,Bed covered by a pile of loose clothes with more items stacked on the side table.,Dark damp staining - maintenance
B41 C double common/IMG_20260918_111147.jpg,IMG_20260918_111147.jpg,B41 C double common,B41,Room,NOT_CLEAN,CLEAN,0.016805,3,384,whole,2048,class_weighted,0.67,false_negative,DIRTY,NOT_NEAT,A crumpled tissue/paper piece lies on the floor tile - visible waste on the floor; cloths draped over the bed frame and chair.,
B41 C double common/IMG_20260918_111209.jpg,IMG_20260918_111209.jpg,B41 C double common,B41,Room,NOT_CLEAN,NOT_CLEAN,0.962367,3,384,whole,2048,class_weighted,0.67,correct,CLEAN,NOT_NEAT,"Clothes heaped on the bed and dropped on the floor, paper bags and a backpack on the tiles, table crowded with bottles.",Damp stain - maintenance
B41 C double common/IMG_20260918_111216.jpg,IMG_20260918_111216.jpg,B41 C double common,B41,Room,CLEAN,CLEAN,0.000339,3,384,whole,2048,class_weighted,0.67,correct,NOT_FULLY_VISIBLE,NEAT,Clothes hanging on the wall hook and bed with bedcover; no waste or housekeeping dirt visible.,Large damp/peeling patch - maintenance only
B41 C double common/IMG_20260918_111220.jpg,IMG_20260918_111220.jpg,B41 C double common,B41,Room,NOT_CLEAN,CLEAN,0.002719,3,384,whole,2048,class_weighted,0.67,false_negative,DIRTY,NOT_NEAT,"Two white paper/tissue pieces lie on the passage tiles, so the floor is not clean; clothes draped over a stool and chair.",
B41 D single attach/B41 D single attach.jpg,B41 D single attach.jpg,B41 D single attach,B41,Room,CLEAN,CLEAN,0.001899,3,384,whole,2048,class_weighted,0.67,correct,CLEAN,NEAT,Tiles clean and shiny with doormat and dustbin in place; no waste.,
B41 D single attach/IMG_20260918_111416.jpg,IMG_20260918_111416.jpg,B41 D single attach,B41,Room,CLEAN,CLEAN,0.034182,3,384,whole,2048,class_weighted,0.67,correct,CLEAN,NEAT,Bed neatly covered with a bag and cushion on it; floor clean.,
B41 D single attach/IMG_20260918_111425.jpg,IMG_20260918_111425.jpg,B41 D single attach,B41,Room,CLEAN,CLEAN,0.005154,3,384,whole,2048,class_weighted,0.67,correct,CLEAN,NEAT,Clean reflective floor with dustbin by the balcony door; no debris or stains.,
B41 D single attach/IMG_20260918_111442.jpg,IMG_20260918_111442.jpg,B41 D single attach,B41,Room,CLEAN,CLEAN,0.002034,3,384,whole,2048,class_weighted,0.67,correct,CLEAN,NEAT,Desk with a bottle and charger; floor clear of waste.,
B41 D single attach/IMG_20260918_111500.jpg,IMG_20260918_111500.jpg,B41 D single attach,B41,Room,CLEAN,CLEAN,0.007059,3,384,whole,2048,class_weighted,0.67,correct,CLEAN,NEAT,Suitcase stored on the wardrobe and slippers kept beside it; floor clean.,
B41 D single attach/IMG_20260918_111507.jpg,IMG_20260918_111507.jpg,B41 D single attach,B41,Room,CLEAN,CLEAN,0.002051,3,384,whole,2048,class_weighted,0.67,correct,CLEAN,NEAT,Bed with pillow and folded cloth; no waste visible.,
B41 D single attach/IMG_20260918_111517.jpg,IMG_20260918_111517.jpg,B41 D single attach,B41,Room,CLEAN,CLEAN,0.006915,3,384,whole,2048,class_weighted,0.67,correct,CLEAN,NEAT,Backpack and cushion on the covered bed - normal belongings; floor clean.,
B41 D single attach/IMG_20260918_111527.jpg,IMG_20260918_111527.jpg,B41 D single attach,B41,Room,CLEAN,CLEAN,0.001196,3,384,whole,2048,class_weighted,0.67,correct,CLEAN,NEAT,Entry area with doormat and dustbin; tiles clean with no litter.,
C21 A single common/IMG_20260918_113220.jpg,IMG_20260918_113220.jpg,C21 A single common,C21,Room,NOT_CLEAN,NOT_CLEAN,0.336445,4,384,whole,2048,class_weighted,0.13,correct,NOT_FULLY_VISIBLE,NOT_NEAT,"A crushed empty bottle, a used tissue roll and a wrapper are left lying on the desk - visible waste that has not been cleared.",
C21 A single common/IMG_20260918_113224.jpg,IMG_20260918_113224.jpg,C21 A single common,C21,Room,CLEAN,CLEAN,0.024293,4,384,whole,2048,class_weighted,0.13,correct,CLEAN,NEAT,Cabinet with toiletries and bed corner; visible floor clear of waste and debris.,Marks on wall - maintenance
C21 A single common/IMG_20260918_113231.jpg,IMG_20260918_113231.jpg,C21 A single common,C21,Room,CLEAN,NOT_CLEAN,0.392638,4,384,whole,2048,class_weighted,0.13,false_positive,NOT_FULLY_VISIBLE,NEAT,Bed with pillow and bedcover; nothing dirty or discarded visible.,
C21 A single common/IMG_20260918_113239.jpg,IMG_20260918_113239.jpg,C21 A single common,C21,Room,CLEAN,NOT_CLEAN,0.362847,4,384,whole,2048,class_weighted,0.13,false_positive,CLEAN,NEAT,Bed with blanket and chair with towel; visible floor clear of waste.,
C21 A single common/IMG_20260918_113243.jpg,IMG_20260918_113243.jpg,C21 A single common,C21,Room,CLEAN,NOT_CLEAN,0.140549,4,384,whole,2048,class_weighted,0.13,false_positive,CLEAN,NEAT,Doorway with slippers kept at the side; floor clear of litter.,
C21 A single common/IMG_20260918_113250.jpg,IMG_20260918_113250.jpg,C21 A single common,C21,Room,NOT_CLEAN,NOT_CLEAN,0.33838,4,384,whole,2048,class_weighted,0.13,correct,DIRTY,NOT_NEAT,A dried spill/residue patch and a small lid lie on the floor in the desk corner and an empty bottle with a tissue roll is left on the desk - the corner has not been cleaned.,Grimy skirting - maintenance
C21 B double attach/C21 B double attach.jpg,C21 B double attach.jpg,C21 B double attach,C21,Room,CLEAN,CLEAN,0.092127,4,384,whole,2048,class_weighted,0.13,correct,CLEAN,NEAT,Helmet and suitcase stored on the wardrobe; floor clean and clear.,
C21 B double attach/IMG_20260918_113357.jpg,IMG_20260918_113357.jpg,C21 B double attach,C21,Room,CLEAN,CLEAN,0.013429,4,384,whole,2048,class_weighted,0.13,correct,CLEAN,NEAT,"Clothes on a wall hook, folded clothes on the bed, doormat in place; tiles clean with no waste.",Damp/mould at wall base - maintenance
C21 B double attach/IMG_20260918_113400.jpg,IMG_20260918_113400.jpg,C21 B double attach,C21,Room,CLEAN,CLEAN,0.001081,4,384,whole,2048,class_weighted,0.13,correct,CLEAN,NEAT,Two beds with bedding and folded clothes and a rug on the floor; no waste or dirt.,
C21 B double attach/IMG_20260918_113408.jpg,IMG_20260918_113408.jpg,C21 B double attach,C21,Room,CLEAN,CLEAN,0.004423,4,384,whole,2048,class_weighted,0.13,correct,CLEAN,NEAT,"Bed with pillows and clothes, cabinet and box beside it; floor clean.",
C21 B double attach/IMG_20260918_113413.jpg,IMG_20260918_113413.jpg,C21 B double attach,C21,Room,CLEAN,NOT_CLEAN,0.535385,4,384,whole,2048,class_weighted,0.13,false_positive,CLEAN,NEAT,"Desk with bottle, bag on the chair, stool stored under the desk.",
C21 B double attach/IMG_20260918_113416.jpg,IMG_20260918_113416.jpg,C21 B double attach,C21,Room,CLEAN,CLEAN,0.058741,4,384,whole,2048,class_weighted,0.13,correct,CLEAN,NEAT,Desk and wardrobe in order; floor clean with no debris.,
C21 B double attach/IMG_20260918_113422.jpg,IMG_20260918_113422.jpg,C21 B double attach,C21,Room,CLEAN,CLEAN,0.004323,4,384,whole,2048,class_weighted,0.13,correct,CLEAN,NEAT,"Wide view: beds and desk in use, floor clean and free of waste.",
C21 B double attach/IMG_20260918_113430.jpg,IMG_20260918_113430.jpg,C21 B double attach,C21,Room,CLEAN,CLEAN,0.000572,4,384,whole,2048,class_weighted,0.13,correct,CLEAN,NEAT,Bathroom doorway; tiles clean and clear of litter.,
C21 B double attach/IMG_20260918_113433.jpg,IMG_20260918_113433.jpg,C21 B double attach,C21,Room,CLEAN,CLEAN,0.001443,4,384,whole,2048,class_weighted,0.13,correct,CLEAN,NEAT,"Floor mat by the bed, clean tiles, nothing discarded.",
C21 B double attach/IMG_20260918_113438.jpg,IMG_20260918_113438.jpg,C21 B double attach,C21,Room,CLEAN,CLEAN,0.006824,4,384,whole,2048,class_weighted,0.13,correct,CLEAN,NEAT,Door with doormat and clothes hanging; floor clean.,Damp/peeling at wall base - maintenance
C21 C double common/Kitchen/IMG_20260918_112605.jpg,IMG_20260918_112605.jpg,C21 C double common,C21,Kitchen,NOT_CLEAN,NOT_CLEAN,0.191552,4,384,whole,2048,class_weighted,0.13,correct,CLEAN,NOT_NEAT,The appliance/fridge top is visibly soiled with brown residue and crumbs and has not been wiped; devices standing on it are stained too.,
C21 C double common/Kitchen/IMG_20260918_112611.jpg,IMG_20260918_112611.jpg,C21 C double common,C21,Kitchen,CLEAN,NOT_CLEAN,0.493337,4,384,whole,2048,class_weighted,0.13,false_positive,CLEAN,NEAT,"Kitchen area clean with no visible residue or waste; counter vessels, dustbins and mat are normal household use and the floor is clean.",
C21 C double common/Kitchen/IMG_20260918_112616.jpg,IMG_20260918_112616.jpg,C21 C double common,C21,Kitchen,NOT_CLEAN,NOT_CLEAN,0.998543,4,384,whole,2048,class_weighted,0.13,correct,CLEAN,NOT_NEAT,"Unwashed vessels - bowl with knife, cooker, plates, pan - left on the counter with visible crumbs and food residue across the slab.",
C21 C double common/Kitchen/IMG_20260918_112620.jpg,IMG_20260918_112620.jpg,C21 C double common,C21,Kitchen,CLEAN,CLEAN,0.003902,4,384,whole,2048,class_weighted,0.13,correct,CLEAN,NEAT,"Clothes on a drying stand - normal common-area use, not dirt; floor tiles clean with no waste.",
C21 C double common/Kitchen/IMG_20260918_112629.jpg,IMG_20260918_112629.jpg,C21 C double common,C21,Kitchen,CLEAN,CLEAN,0.025288,4,384,whole,2048,class_weighted,0.13,correct,CLEAN,NEAT,"Drying stand, shoe stand and footwear at the doorway; floor clean, nothing discarded.",
C21 C double common/Kitchen/IMG_20260918_112638.jpg,IMG_20260918_112638.jpg,C21 C double common,C21,Kitchen,CLEAN,NOT_CLEAN,0.939487,4,384,whole,2048,class_weighted,0.13,false_positive,CLEAN,NEAT,Sink and counter reasonably clean with bottles and vessels in normal use; no food residue or waste on the floor.,"Broken/blackened plaster under the counter - maintenance, not housekeeping dirt"
C21 C double common/C21 C double Common.jpg,C21 C double Common.jpg,C21 C double common,C21,Room,CLEAN,CLEAN,0.095262,4,384,whole,2048,class_weighted,0.13,correct,CLEAN,NEAT,Ironing board stored on the wardrobe and jeans over a chair; floor clean with no waste.,
C21 C double common/IMG_20260918_112714.jpg,IMG_20260918_112714.jpg,C21 C double common,C21,Room,CLEAN,CLEAN,0.093104,4,384,whole,2048,class_weighted,0.13,correct,CLEAN,NEAT,"Bed with a storage box, chair and stool in place; tiles clean.",
C21 C double common/IMG_20260918_112717.jpg,IMG_20260918_112717.jpg,C21 C double common,C21,Room,CLEAN,CLEAN,0.104625,4,384,whole,2048,class_weighted,0.13,correct,CLEAN,NEAT,"Bed and stool with clothes over it; floor clean, no debris.",
C21 C double common/IMG_20260918_112720.jpg,IMG_20260918_112720.jpg,C21 C double common,C21,Room,CLEAN,NOT_CLEAN,0.580386,4,384,whole,2048,class_weighted,0.13,false_positive,CLEAN,NEAT,Bed with bedding and box and a side cabinet; no waste visible.,Damp wall patch - maintenance
C21 C double common/IMG_20260918_112725.jpg,IMG_20260918_112725.jpg,C21 C double common,C21,Room,CLEAN,CLEAN,0.011592,4,384,whole,2048,class_weighted,0.13,correct,CLEAN,NEAT,Two beds with cabinets holding bottles and books; tiles clean.,Wall discolouration - maintenance
C21 C double common/IMG_20260918_112727.jpg,IMG_20260918_112727.jpg,C21 C double common,C21,Room,CLEAN,CLEAN,0.008191,4,384,whole,2048,class_weighted,0.13,correct,CLEAN,NEAT,Bed with bedcover and cabinet with personal items; nothing discarded.,
C21 C double common/IMG_20260918_112741.jpg,IMG_20260918_112741.jpg,C21 C double common,C21,Room,CLEAN,CLEAN,0.003598,4,384,whole,2048,class_weighted,0.13,correct,NOT_FULLY_VISIBLE,NEAT,Bed with quilt spread on it; no waste or dirt visible.,
C21 C double common/IMG_20260918_112745.jpg,IMG_20260918_112745.jpg,C21 C double common,C21,Room,CLEAN,CLEAN,0.012604,4,384,whole,2048,class_weighted,0.13,correct,CLEAN,NEAT,"Beds, cabinets and a stored carton; floor clear of litter.",
C21 C double common/IMG_20260918_112750.jpg,IMG_20260918_112750.jpg,C21 C double common,C21,Room,CLEAN,CLEAN,0.114788,4,384,whole,2048,class_weighted,0.13,correct,CLEAN,NEAT,Bed with folded clothes and footwear kept at the doorway; floor clean.,
C21 C double common/IMG_20260918_112755.jpg,IMG_20260918_112755.jpg,C21 C double common,C21,Room,CLEAN,NOT_CLEAN,0.685177,4,384,whole,2048,class_weighted,0.13,false_positive,CLEAN,NEAT,"Desk with bottles and toiletries and a wardrobe; floor clean, no waste.",
C21 C double common/IMG_20260918_112759.jpg,IMG_20260918_112759.jpg,C21 C double common,C21,Room,CLEAN,CLEAN,0.006452,4,384,whole,2048,class_weighted,0.13,correct,CLEAN,NEAT,"Bed with bedcover, cabinet with books and bottles and a paper bag beside it; floor clean.",Dark marks on wall - maintenance
C21 D single attach/C21 D single attach.jpg,C21 D single attach.jpg,C21 D single attach,C21,Room,CLEAN,CLEAN,0.000352,4,384,whole,2048,class_weighted,0.13,correct,NOT_FULLY_VISIBLE,NEAT,Wardrobe and wall; visible floor clear with nothing discarded.,
C21 D single attach/IMG_20260918_112920.jpg,IMG_20260918_112920.jpg,C21 D single attach,C21,Room,CLEAN,NOT_CLEAN,0.297543,4,384,whole,2048,class_weighted,0.13,false_positive,CLEAN,NEAT,Tiles clean and shiny with mat and drying stand; storage rack against the wall.,
C21 D single attach/IMG_20260918_112926.jpg,IMG_20260918_112926.jpg,C21 D single attach,C21,Room,CLEAN,CLEAN,0.065427,4,384,whole,2048,class_weighted,0.13,correct,CLEAN,NEAT,Desk with bottles and toiletries and cartons stacked on the rack; floor clean.,
C21 D single attach/IMG_20260918_112934.jpg,IMG_20260918_112934.jpg,C21 D single attach,C21,Room,CLEAN,CLEAN,0.106037,4,384,whole,2048,class_weighted,0.13,correct,CLEAN,NEAT,Bed with blanket and a rack with bottles beside it; no waste.,Wall stain - maintenance
C21 D single attach/IMG_20260918_112938.jpg,IMG_20260918_112938.jpg,C21 D single attach,C21,Room,CLEAN,CLEAN,0.099711,4,384,whole,2048,class_weighted,0.13,correct,CLEAN,NEAT,Desk with organised bottles and plate and cartons on the rack; floor clean with no litter.,Chipped desk panel - maintenance
C21 D single attach/IMG_20260918_112950.jpg,IMG_20260918_112950.jpg,C21 D single attach,C21,Room,CLEAN,CLEAN,0.010616,4,384,whole,2048,class_weighted,0.13,correct,CLEAN,NEAT,Storage rack with hangers and boxes kept in order; floor clean.,
C21 D single attach/IMG_20260918_112954.jpg,IMG_20260918_112954.jpg,C21 D single attach,C21,Room,CLEAN,NOT_CLEAN,0.229009,4,384,whole,2048,class_weighted,0.13,false_positive,CLEAN,NEAT,"Wardrobe and rack with a floor mat by the door and a cloth on the floor; tiles clean, no waste.",
C21 D single attach/IMG_20260918_113000.jpg,IMG_20260918_113000.jpg,C21 D single attach,C21,Room,CLEAN,NOT_CLEAN,0.785736,4,384,whole,2048,class_weighted,0.13,false_positive,NOT_FULLY_VISIBLE,NEAT,Bed corner with bottles on the cabinet; no residue or waste visible.,Damp stain - maintenance
C31 B double attach/C31 b double attach.jpg,C31 b double attach.jpg,C31 B double attach,C31,Room,NOT_CLEAN,NOT_CLEAN,0.307064,5,384,whole,2048,class_weighted,0.2,correct,CLEAN,NOT_NEAT,"Tiles are clean with no dirt or garbage, but cooking vessels, cables, a racket, bags and a bottle are piled directly on the floor in the corner with packaging and an empty wrapper on the table - the room looks untidy.",
C31 B double attach/IMG_20260918_114321.jpg,IMG_20260918_114321.jpg,C31 B double attach,C31,Room,NOT_CLEAN,CLEAN,0.05351,5,384,whole,2048,class_weighted,0.2,false_negative,CLEAN,NOT_NEAT,"Opened carton with papers on the floor by the fridge, backpack dropped beside it, slippers loose and suitcase in the walkway; tiles themselves clean.",
C31 B double attach/IMG_20260918_114326.jpg,IMG_20260918_114326.jpg,C31 B double attach,C31,Room,NOT_CLEAN,CLEAN,0.076421,5,384,whole,2048,class_weighted,0.2,false_negative,CLEAN,NOT_NEAT,"Bedding tangled across the bed, packaging carton on the table, bag pushed under it and slippers on the floor.",
C31 B double attach/IMG_20260918_114331.jpg,IMG_20260918_114331.jpg,C31 B double attach,C31,Room,NOT_CLEAN,NOT_CLEAN,0.799485,5,384,whole,2048,class_weighted,0.2,correct,CLEAN,NOT_NEAT,"Bed unmade with bedding loose, opened package on the table and bags underneath; tiles clean but the room is visibly unarranged.",
C31 B double attach/IMG_20260918_114344.jpg,IMG_20260918_114344.jpg,C31 B double attach,C31,Room,NOT_CLEAN,NOT_CLEAN,0.537072,5,384,whole,2048,class_weighted,0.2,correct,NOT_FULLY_VISIBLE,NOT_NEAT,"Bedding, clothes, a power strip and a plastic bag tangled together across the whole bed.",
C31 B double attach/IMG_20260918_114348.jpg,IMG_20260918_114348.jpg,C31 B double attach,C31,Room,NOT_CLEAN,NOT_CLEAN,0.381636,5,384,whole,2048,class_weighted,0.2,correct,CLEAN,NOT_NEAT,"Torn shoe box and bottles on the wardrobes, vessels and cables piled on the floor and opened packaging on the ledge.",
C31 B double attach/IMG_20260918_114351.jpg,IMG_20260918_114351.jpg,C31 B double attach,C31,Room,NOT_CLEAN,CLEAN,0.096739,5,384,whole,2048,class_weighted,0.2,false_negative,CLEAN,NOT_NEAT,"Floor tiles visibly clean, but the corner holds vessels, cables and a bag on the floor with a slipper mid-room and a cloth thrown over the bed.",
C31 B double attach/IMG_20260918_114356.jpg,IMG_20260918_114356.jpg,C31 B double attach,C31,Room,CLEAN,CLEAN,0.154809,5,384,whole,2048,class_weighted,0.2,correct,CLEAN,NEAT,"Clean tiles with a suitcase stood against the wall, coat on the door and folded bedding - belongings reasonably placed, no waste.",
C31 C double Common/IMG_20260918_113835.jpg,IMG_20260918_113835.jpg,C31 C double Common,C31,Room,CLEAN,CLEAN,0.003379,5,384,whole,2048,class_weighted,0.2,correct,CLEAN,NEAT,"Tiles clean with no housekeeping dirt or waste; suitcase stood upright, clothes on the bed and shoes together - reasonably arranged.",
C31 C double Common/IMG_20260918_113838.jpg,IMG_20260918_113838.jpg,C31 C double Common,C31,Room,CLEAN,CLEAN,0.028382,5,384,whole,2048,class_weighted,0.2,correct,CLEAN,NEAT,Floor tiles clean and no garbage; clothes on the bed with backpack and slippers beside it are normal belongings reasonably placed.,
C31 C double Common/IMG_20260918_113846.jpg,IMG_20260918_113846.jpg,C31 C double Common,C31,Room,CLEAN,CLEAN,0.025904,5,384,whole,2048,class_weighted,0.2,correct,CLEAN,NEAT,One pile of clothes on the mattress; floor clean and empty with nothing discarded.,
C31 C double Common/IMG_20260918_113854.jpg,IMG_20260918_113854.jpg,C31 C double Common,C31,Room,CLEAN,CLEAN,0.036841,5,384,whole,2048,class_weighted,0.2,correct,CLEAN,NEAT,A few garments on the mattress and a closed cabinet; floor clean.,
C31 C double Common/IMG_20260918_113857.jpg,IMG_20260918_113857.jpg,C31 C double Common,C31,Room,CLEAN,NOT_CLEAN,0.208627,5,384,whole,2048,class_weighted,0.2,false_positive,CLEAN,NEAT,Bare mattress and open doorway; tiles clean and clear.,
C31 C double Common/IMG_20260918_113901.jpg,IMG_20260918_113901.jpg,C31 C double Common,C31,Room,CLEAN,CLEAN,0.172664,5,384,whole,2048,class_weighted,0.2,correct,CLEAN,NEAT,"Blanket and clothes on the bed, snack packet and papers on the cabinet, backpack beside it; no waste on the floor and no residue.",Wall marks - maintenance
C31 C double Common/IMG_20260918_113909.jpg,IMG_20260918_113909.jpg,C31 C double Common,C31,Room,CLEAN,CLEAN,0.001228,5,384,whole,2048,class_weighted,0.2,correct,CLEAN,NEAT,"Desk with laptop, suitcase and shoes by the wardrobe and clothes on hooks; tiles clean.",
C31 C double Common/IMG_20260918_113912.jpg,IMG_20260918_113912.jpg,C31 C double Common,C31,Room,CLEAN,CLEAN,0.000957,5,384,whole,2048,class_weighted,0.2,correct,CLEAN,NEAT,"Study corner with laptop and bottle, clothes hanging and luggage below; nothing discarded.",
C31 D single attach/IMG_20260918_114047.jpg,IMG_20260918_114047.jpg,C31 D single attach,C31,Room,CLEAN,CLEAN,0.000279,5,384,whole,2048,class_weighted,0.2,correct,CLEAN,NEAT,Tiles clean and reflective with wardrobe and fridge against the wall; nothing discarded.,
C31 D single attach/IMG_20260918_114050.jpg,IMG_20260918_114050.jpg,C31 D single attach,C31,Room,CLEAN,CLEAN,0.001147,5,384,whole,2048,class_weighted,0.2,correct,CLEAN,NEAT,Clean shiny floor with doormat; no litter or residue.,
C31 D single attach/IMG_20260918_114054.jpg,IMG_20260918_114054.jpg,C31 D single attach,C31,Room,CLEAN,CLEAN,0.016046,5,384,whole,2048,class_weighted,0.2,correct,CLEAN,NEAT,"Table with iron, bottles and a snack packet and a towel over the chair; floor clean with no waste.",
C31 D single attach/IMG_20260918_114058.jpg,IMG_20260918_114058.jpg,C31 D single attach,C31,Room,CLEAN,CLEAN,0.003507,5,384,whole,2048,class_weighted,0.2,correct,NOT_FULLY_VISIBLE,NEAT,Bed with pillows and bedcover and a coat on the hook; nothing dirty or discarded.,
C31 D single attach/IMG_20260918_114111.jpg,IMG_20260918_114111.jpg,C31 D single attach,C31,Room,CLEAN,CLEAN,0.000839,5,384,whole,2048,class_weighted,0.2,correct,CLEAN,NEAT,Wardrobe and cabinet; tiles clean and clear.,
C31 D single attach/IMG_20260918_114115.jpg,IMG_20260918_114115.jpg,C31 D single attach,C31,Room,CLEAN,CLEAN,0.004618,5,384,whole,2048,class_weighted,0.2,correct,CLEAN,NEAT,Door area with doormat; floor clean with no litter.,Peeling/damp at wall base - maintenance
C31 D single attach/IMG_20260918_114120.jpg,IMG_20260918_114120.jpg,C31 D single attach,C31,Room,CLEAN,CLEAN,0.142302,5,384,whole,2048,class_weighted,0.2,correct,CLEAN,NEAT,"Bed with clothes, towel, bottle, comb and remote - normal belongings; floor clean with no waste.",
C31 D single attach/IMG_20260918_114127.jpg,IMG_20260918_114127.jpg,C31 D single attach,C31,Room,CLEAN,CLEAN,0.002702,5,384,whole,2048,class_weighted,0.2,correct,CLEAN,NEAT,Door and wardrobe with doormat on clean tiles; no waste or dirt visible.,Peeling paint at wall base - maintenance
A33 A single attach/A33 A Single attach. .jpg,A33 A Single attach. .jpg,A33 A single attach,A33,Room,CLEAN,CLEAN,0.000887,1,384,spatial3_concat,6144,unweighted,0.12,correct,CLEAN,NEAT,Tiles are clean with only a doormat; no visible housekeeping dirt or waste.,
A33 A single attach/IMG_20260918_104751.jpg,IMG_20260918_104751.jpg,A33 A single attach,A33,Room,CLEAN,CLEAN,0.110627,1,384,spatial3_concat,6144,unweighted,0.12,correct,CLEAN,NEAT,Open floor clean with no debris; suitcase stood against the wall and a few desk items reasonably arranged.,
A33 A single attach/IMG_20260918_104756.jpg,IMG_20260918_104756.jpg,A33 A single attach,A33,Room,CLEAN,CLEAN,0.025086,1,384,spatial3_concat,6144,unweighted,0.12,correct,CLEAN,NEAT,"Floor clean and free of waste; bed covered, desks hold bottles and small items in order.",
A33 A single attach/IMG_20260918_104801.jpg,IMG_20260918_104801.jpg,A33 A single attach,A33,Room,CLEAN,CLEAN,0.096412,1,384,spatial3_concat,6144,unweighted,0.12,correct,CLEAN,NEAT,"No dirt, residue or waste visible; helmet and a few clothes rest on the made bed.",
A33 A single attach/IMG_20260918_104805.jpg,IMG_20260918_104805.jpg,A33 A single attach,A33,Room,CLEAN,CLEAN,0.051787,1,384,spatial3_concat,6144,unweighted,0.12,correct,CLEAN,NEAT,Floor clean with no waste; clothes and helmet on the bed are normal belongings.,
A33 A single attach/IMG_20260918_104828.jpg,IMG_20260918_104828.jpg,A33 A single attach,A33,Room,CLEAN,CLEAN,0.032188,1,384,spatial3_concat,6144,unweighted,0.12,correct,CLEAN,NEAT,Wardrobe area clean with one bottle standing on the floor; no debris or residue.,
A33 C double common/A33 C double Common.jpg,A33 C double Common.jpg,A33 C double common,A33,Room,CLEAN,CLEAN,0.001975,1,384,spatial3_concat,6144,unweighted,0.12,correct,NOT_FULLY_VISIBLE,NEAT,"Bed with blanket, small carton on the side table and towels at the window; nothing dirty or discarded visible.",
A33 C double common/IMG_20260918_105110.jpg,IMG_20260918_105110.jpg,A33 C double common,A33,Room,CLEAN,CLEAN,0.00203,1,384,spatial3_concat,6144,unweighted,0.12,correct,CLEAN,NEAT,"Floor clean with no waste; desk and chair clear, blanket left bunched on the bed only.",
A33 C double common/IMG_20260918_105117.jpg,IMG_20260918_105117.jpg,A33 C double common,A33,Room,CLEAN,CLEAN,0.054284,1,384,spatial3_concat,6144,unweighted,0.12,correct,CLEAN,NEAT,"Tiles clean, no housekeeping dirt; bedding loose on the bed.",
A33 C double common/IMG_20260918_105124.jpg,IMG_20260918_105124.jpg,A33 C double common,A33,Room,CLEAN,CLEAN,0.001901,1,384,spatial3_concat,6144,unweighted,0.12,correct,CLEAN,NEAT,"Suitcase stored on the wardrobe and a bottle above; floor clean, no waste.",
A33 C double common/IMG_20260918_105135.jpg,IMG_20260918_105135.jpg,A33 C double common,A33,Room,CLEAN,CLEAN,0.009492,1,384,spatial3_concat,6144,unweighted,0.12,correct,CLEAN,NEAT,Desks and chairs in place with a cable along the floor; no waste or dirt visible.,
A33 C double common/IMG_20260918_105143.jpg,IMG_20260918_105143.jpg,A33 C double common,A33,Room,CLEAN,NOT_CLEAN,0.154939,1,384,spatial3_concat,6144,unweighted,0.12,false_positive,CLEAN,NEAT,A few clothes on the bed and a weighing scale on the floor; floor clean.,
A33 C double common/IMG_20260918_105157.jpg,IMG_20260918_105157.jpg,A33 C double common,A33,Room,NOT_CLEAN,CLEAN,0.022191,1,384,spatial3_concat,6144,unweighted,0.12,false_negative,CLEAN,NOT_NEAT,"A large crumpled brown packing cover lies discarded on the floor beside the suitcase - visible waste material, so the area is not clean. Tiles themselves are clean.",
A33 C double common/IMG_20260918_105203.jpg,IMG_20260918_105203.jpg,A33 C double common,A33,Room,NOT_CLEAN,NOT_CLEAN,0.231888,1,384,spatial3_concat,6144,unweighted,0.12,correct,CLEAN,NOT_NEAT,Closer view of the same discarded packing cover spread loose across the floor.,
A33 C double common/IMG_20260918_105215.jpg,IMG_20260918_105215.jpg,A33 C double common,A33,Room,CLEAN,CLEAN,0.01276,1,384,spatial3_concat,6144,unweighted,0.12,correct,CLEAN,NEAT,"Cabinet with utensils, clothes on a hook, scale on the floor; no waste or residue.",
A33 C double common/IMG_20260918_105219.jpg,IMG_20260918_105219.jpg,A33 C double common,A33,Room,CLEAN,CLEAN,0.091754,1,384,spatial3_concat,6144,unweighted,0.12,correct,CLEAN,NEAT,Floor clean and clear; clothes hanging behind the door.,
A33 C double common/IMG_20260918_105224.jpg,IMG_20260918_105224.jpg,A33 C double common,A33,Room,CLEAN,NOT_CLEAN,0.266712,1,384,spatial3_concat,6144,unweighted,0.12,false_positive,CLEAN,NEAT,Carton and luggage stored beside the bed; no garbage or dirt visible.,Damp patch on wall - maintenance
A33 C double common/IMG_20260918_105241.jpg,IMG_20260918_105241.jpg,A33 C double common,A33,Room,CLEAN,CLEAN,0.001204,1,384,spatial3_concat,6144,unweighted,0.12,correct,CLEAN,NEAT,"Window wall and doorway; floor clean, nothing discarded.",
A33 C double common/IMG_20260918_105245.jpg,IMG_20260918_105245.jpg,A33 C double common,A33,Room,CLEAN,CLEAN,0.002222,1,384,spatial3_concat,6144,unweighted,0.12,correct,CLEAN,NEAT,"Wide view: bed made, suitcase on the wardrobe, floor clean.",
A34 A single attach/A34 A Single attach.jpg,A34 A Single attach.jpg,A34 A single attach,A34,Room,CLEAN,CLEAN,0.001727,2,384,spatial3_concat,6144,unweighted,0.17,correct,CLEAN,NEAT,Bed corner with folded bedding; no waste and the visible floor is clean.,Wall holes and marks - maintenance
A34 A single attach/IMG_20260918_104319.jpg,IMG_20260918_104319.jpg,A34 A single attach,A34,Room,CLEAN,CLEAN,0.041822,2,384,spatial3_concat,6144,unweighted,0.17,correct,CLEAN,NEAT,"Desk, paper bags and stool kept together in the corner; floor clean, no waste.",
A34 A single attach/IMG_20260918_104324.jpg,IMG_20260918_104324.jpg,A34 A single attach,A34,Room,CLEAN,CLEAN,0.006122,2,384,spatial3_concat,6144,unweighted,0.17,correct,CLEAN,NEAT,Large open floor area clean and clear of debris.,
A34 A single attach/IMG_20260918_104330.jpg,IMG_20260918_104330.jpg,A34 A single attach,A34,Room,CLEAN,CLEAN,8e-05,2,384,spatial3_concat,6144,unweighted,0.17,correct,CLEAN,NEAT,Desk with computer and towel folded on the chair; floor clean.,
A34 A single attach/IMG_20260918_104334.jpg,IMG_20260918_104334.jpg,A34 A single attach,A34,Room,CLEAN,CLEAN,0.000479,2,384,spatial3_concat,6144,unweighted,0.17,correct,CLEAN,NEAT,Bed made with a few clothes on it; no waste or residue.,
A34 A single attach/IMG_20260918_104337.jpg,IMG_20260918_104337.jpg,A34 A single attach,A34,Room,CLEAN,CLEAN,0.000331,2,384,spatial3_concat,6144,unweighted,0.17,correct,CLEAN,NEAT,"Bed covered, floor clean, nothing discarded.",
A34 A single attach/IMG_20260918_104358.jpg,IMG_20260918_104358.jpg,A34 A single attach,A34,Room,CLEAN,CLEAN,0.017234,2,384,spatial3_concat,6144,unweighted,0.17,correct,CLEAN,NEAT,Desk in use with a box stored underneath; no debris on the floor.,
A34 A single attach/IMG_20260918_104414.jpg,IMG_20260918_104414.jpg,A34 A single attach,A34,Room,CLEAN,CLEAN,2e-05,2,384,spatial3_concat,6144,unweighted,0.17,correct,CLEAN,NEAT,Doorway with doormat and luggage against the wall; floor clean.,
A34 A single attach/IMG_20260918_104444.jpg,IMG_20260918_104444.jpg,A34 A single attach,A34,Room,CLEAN,CLEAN,0.003517,2,384,spatial3_concat,6144,unweighted,0.17,correct,CLEAN,NEAT,"Utility corner with ironing board, rack and bucket arranged along the wall; floor clean.",
A34 A single attach/IMG_20260918_104514.jpg,IMG_20260918_104514.jpg,A34 A single attach,A34,Room,CLEAN,CLEAN,0.003572,2,384,spatial3_concat,6144,unweighted,0.17,correct,CLEAN,NEAT,Storage corner kept in order; no waste or dirt visible.,
A34 B double attach/A34 B double attach.jpg,A34 B double attach.jpg,A34 B double attach,A34,Room,NOT_CLEAN,NOT_CLEAN,0.655485,2,384,spatial3_concat,6144,unweighted,0.17,correct,CLEAN,NOT_NEAT,"Tiles are clean with no housekeeping dirt, but clothes are dumped over a chair and over storage boxes with cartons and a jar crowding the corner - the room looks untidy.",
A34 B double attach/IMG_20260918_103815.jpg,IMG_20260918_103815.jpg,A34 B double attach,A34,Room,NOT_CLEAN,CLEAN,0.001405,2,384,spatial3_concat,6144,unweighted,0.17,false_negative,CLEAN,NOT_NEAT,"Tiles clean, but five-plus pairs of shoes and a slipper lie spread across the floor, a yellow bag is dropped on the tiles and clothes are strewn over a bare mattress.",
A34 B double attach/IMG_20260918_103820.jpg,IMG_20260918_103820.jpg,A34 B double attach,A34,Room,NOT_CLEAN,CLEAN,0.056431,2,384,spatial3_concat,6144,unweighted,0.17,false_negative,CLEAN,NOT_NEAT,"Clothes heaped over both mattresses, shoes and a bag on the floor, a packet left on the mattress; floor itself clean.",
A34 B double attach/IMG_20260918_103827.jpg,IMG_20260918_103827.jpg,A34 B double attach,A34,Room,NOT_CLEAN,CLEAN,0.035261,2,384,spatial3_concat,6144,unweighted,0.17,false_negative,CLEAN,NOT_NEAT,"Clothes and a steel vessel dumped on the chair, slippers loose on the floor, mattress standing across the bathroom doorway.",
A34 B double attach/IMG_20260918_103844.jpg,IMG_20260918_103844.jpg,A34 B double attach,A34,Room,NOT_CLEAN,CLEAN,0.001843,2,384,spatial3_concat,6144,unweighted,0.17,false_negative,CLEAN,NOT_NEAT,"A cloth is thrown over the chair and trails onto the floor, with further scattered items and bottles visible in the room beyond.",
A34 B double attach/IMG_20260918_103854.jpg,IMG_20260918_103854.jpg,A34 B double attach,A34,Room,NOT_CLEAN,NOT_CLEAN,0.442343,2,384,spatial3_concat,6144,unweighted,0.17,correct,CLEAN,NOT_NEAT,"Two open suitcases on the floor with contents spilling out, shoes scattered around them, clothes heaped on the mattress.",
A34 B double attach/IMG_20260918_103858.jpg,IMG_20260918_103858.jpg,A34 B double attach,A34,Room,NOT_CLEAN,CLEAN,0.143689,2,384,spatial3_concat,6144,unweighted,0.17,false_negative,CLEAN,NOT_NEAT,"Open suitcase tipped onto the floor, yellow bag and slipper on the tiles, clothes across both mattresses.",
A34 B double attach/IMG_20260918_104015.jpg,IMG_20260918_104015.jpg,A34 B double attach,A34,Room,NOT_CLEAN,NOT_CLEAN,0.425176,2,384,spatial3_concat,6144,unweighted,0.17,correct,CLEAN,NOT_NEAT,Clothes draped over two chairs with a carton and jar on the floor corner; tiles clean but the corner is unarranged.,
A34 B double attach/IMG_20260918_104031.jpg,IMG_20260918_104031.jpg,A34 B double attach,A34,Room,NOT_CLEAN,NOT_CLEAN,0.213305,2,384,spatial3_concat,6144,unweighted,0.17,correct,CLEAN,NOT_NEAT,"Clothes over chairs, open suitcase on the floor, shoes below the bed; the room looks visibly untidy.",
B41 B double attach/B41  B Double attach.jpg,B41  B Double attach.jpg,B41 B double attach,B41,Room,CLEAN,NOT_CLEAN,0.082849,3,384,spatial3_concat,6144,unweighted,0.07,false_positive,CLEAN,NEAT,"Desk with laptop and bottles, towel on the chair; floor clean and clear of waste.",
B41 B double attach/B41 B double attach. .jpg,B41 B double attach. .jpg,B41 B double attach,B41,Room,CLEAN,CLEAN,0.006645,3,384,spatial3_concat,6144,unweighted,0.07,correct,CLEAN,NEAT,"Backpack kept on the floor and footwear on a rack; tiles clean, no debris.",
B41 B double attach/IMG_20260918_111705.jpg,IMG_20260918_111705.jpg,B41 B double attach,B41,Room,CLEAN,CLEAN,0.054378,3,384,spatial3_concat,6144,unweighted,0.07,correct,CLEAN,NEAT,"Bed with bedding, suitcase beside it and shoes under the bed; no waste or residue.",
B41 B double attach/IMG_20260918_111711.jpg,IMG_20260918_111711.jpg,B41 B double attach,B41,Room,CLEAN,CLEAN,0.015083,3,384,spatial3_concat,6144,unweighted,0.07,correct,CLEAN,NEAT,Bedding pulled back and shoes kept under the bed; floor clean.,
B41 B double attach/IMG_20260918_111715.jpg,IMG_20260918_111715.jpg,B41 B double attach,B41,Room,CLEAN,CLEAN,0.008592,3,384,spatial3_concat,6144,unweighted,0.07,correct,CLEAN,NEAT,Study corner in use with a towel on the chair; no residue or debris.,
B41 B double attach/IMG_20260918_111718.jpg,IMG_20260918_111718.jpg,B41 B double attach,B41,Room,CLEAN,CLEAN,0.023501,3,384,spatial3_concat,6144,unweighted,0.07,correct,CLEAN,NEAT,"Laptop and bottles on the desk, clothes on the bed, slippers at the bedside - reasonably placed.",
B41 B double attach/IMG_20260918_111720.jpg,IMG_20260918_111720.jpg,B41 B double attach,B41,Room,CLEAN,CLEAN,0.002399,3,384,spatial3_concat,6144,unweighted,0.07,correct,CLEAN,NEAT,Towel hanging to dry and pillow on the bed; nothing discarded.,
B41 B double attach/IMG_20260918_111728.jpg,IMG_20260918_111728.jpg,B41 B double attach,B41,Room,CLEAN,CLEAN,0.018097,3,384,spatial3_concat,6144,unweighted,0.07,correct,CLEAN,NEAT,"Doormat at the door, suitcase and shoes stored beside the bed; floor clean.",
B41 B double attach/IMG_20260918_111733.jpg,IMG_20260918_111733.jpg,B41 B double attach,B41,Room,CLEAN,CLEAN,0.001836,3,384,spatial3_concat,6144,unweighted,0.07,correct,CLEAN,NEAT,Wardrobes with containers stored on top; floor clean and clear.,
B41 B double attach/IMG_20260918_111738.jpg,IMG_20260918_111738.jpg,B41 B double attach,B41,Room,CLEAN,CLEAN,0.001615,3,384,spatial3_concat,6144,unweighted,0.07,correct,CLEAN,NEAT,"Iron kept on the shelf and clothes hanging; floor clean, no waste.",
B41 B double attach/IMG_20260918_111743.jpg,IMG_20260918_111743.jpg,B41 B double attach,B41,Room,CLEAN,NOT_CLEAN,0.182186,3,384,spatial3_concat,6144,unweighted,0.07,false_positive,CLEAN,NEAT,Tiles clean; shoes under the bed and towel on the chair.,
B41 C double common/Kitchen/IMG_20260918_110949.jpg,IMG_20260918_110949.jpg,B41 C double common,B41,Kitchen,NOT_CLEAN,NOT_CLEAN,0.405091,3,384,spatial3_concat,6144,unweighted,0.07,correct,CLEAN,NOT_NEAT,"Kitchen surfaces show visible dirty conditions: dried spilled residue across the fridge top, a tray and plastic bags of waste left on the counter, and a cloth lying on the floor.",
B41 C double common/Kitchen/IMG_20260918_111002.jpg,IMG_20260918_111002.jpg,B41 C double common,B41,Kitchen,NOT_CLEAN,NOT_CLEAN,0.99659,3,384,spatial3_concat,6144,unweighted,0.07,correct,CLEAN,NOT_NEAT,Counter slab is stained and greasy along its length with food residue around the induction plate; vessels and jars sit in the residue and a cloth is dropped on the floor by the bin.,
B41 C double common/Kitchen/IMG_20260918_111005.jpg,IMG_20260918_111005.jpg,B41 C double common,B41,Kitchen,NOT_CLEAN,NOT_CLEAN,0.561086,3,384,spatial3_concat,6144,unweighted,0.07,correct,CLEAN,NOT_NEAT,"Sink and surrounding slab show residue and grime, and a dirty cloth lies on the floor beside the washing machine.",Flaking plaster below the slab - maintenance
B41 C double common/Kitchen/IMG_20260918_111008.jpg,IMG_20260918_111008.jpg,B41 C double common,B41,Kitchen,CLEAN,NOT_CLEAN,0.243453,3,384,spatial3_concat,6144,unweighted,0.07,false_positive,CLEAN,NEAT,"Kitchen/utility area is clean with no visible housekeeping dirt or waste; washing machine, shoe rack and clothes on a stool are normal household use.",
B41 C double common/Kitchen/IMG_20260918_111013.jpg,IMG_20260918_111013.jpg,B41 C double common,B41,Kitchen,CLEAN,CLEAN,0.001118,3,384,spatial3_concat,6144,unweighted,0.07,correct,CLEAN,NEAT,"Clothes on a drying stand beside the doors are normal use, not a cleanliness problem; floor clean with no waste.",
B41 C double common/B 41 C  double common.jpg,B 41 C  double common.jpg,B41 C double common,B41,Room,NOT_CLEAN,CLEAN,0.025094,3,384,spatial3_concat,6144,unweighted,0.07,false_negative,DIRTY,NOT_NEAT,"White paper debris lies on the floor tiles near the door, so the floor is not clean; cloth over a chair and bucket on the floor.",
B41 C double common/IMG_20260918_111123.jpg,IMG_20260918_111123.jpg,B41 C double common,B41,Room,CLEAN,CLEAN,0.001622,3,384,spatial3_concat,6144,unweighted,0.07,correct,CLEAN,NEAT,"Wardrobe, umbrella opened to dry and bed with bedcover; no housekeeping dirt or waste visible.",
B41 C double common/IMG_20260918_111127.jpg,IMG_20260918_111127.jpg,B41 C double common,B41,Room,CLEAN,CLEAN,0.000914,3,384,spatial3_concat,6144,unweighted,0.07,correct,NOT_FULLY_VISIBLE,NEAT,"Bedcover left rumpled with two garments on it and clothes hanging on wall hooks; no waste, residue or floor dirt visible - normal belongings.",Damp/peeling wall patch - maintenance
B41 C double common/IMG_20260918_111131.jpg,IMG_20260918_111131.jpg,B41 C double common,B41,Room,NOT_CLEAN,NOT_CLEAN,0.138165,3,384,spatial3_concat,6144,unweighted,0.07,correct,CLEAN,NOT_NEAT,"Table crowded with bottles, packets and paper bags; clothes heaped on the bed and spilling onto the floor with a backpack among them.",Damp wall patch - maintenance
B41 C double common/IMG_20260918_111134.jpg,IMG_20260918_111134.jpg,B41 C double common,B41,Room,NOT_CLEAN,CLEAN,0.025782,3,384,spatial3_concat,6144,unweighted,0.07,false_negative,CLEAN,NOT_NEAT,Bed covered by a pile of loose clothes with more items stacked on the side table.,Dark damp staining - maintenance
B41 C double common/IMG_20260918_111147.jpg,IMG_20260918_111147.jpg,B41 C double common,B41,Room,NOT_CLEAN,CLEAN,0.007944,3,384,spatial3_concat,6144,unweighted,0.07,false_negative,DIRTY,NOT_NEAT,A crumpled tissue/paper piece lies on the floor tile - visible waste on the floor; cloths draped over the bed frame and chair.,
B41 C double common/IMG_20260918_111209.jpg,IMG_20260918_111209.jpg,B41 C double common,B41,Room,NOT_CLEAN,NOT_CLEAN,0.227836,3,384,spatial3_concat,6144,unweighted,0.07,correct,CLEAN,NOT_NEAT,"Clothes heaped on the bed and dropped on the floor, paper bags and a backpack on the tiles, table crowded with bottles.",Damp stain - maintenance
B41 C double common/IMG_20260918_111216.jpg,IMG_20260918_111216.jpg,B41 C double common,B41,Room,CLEAN,CLEAN,0.000163,3,384,spatial3_concat,6144,unweighted,0.07,correct,NOT_FULLY_VISIBLE,NEAT,Clothes hanging on the wall hook and bed with bedcover; no waste or housekeeping dirt visible.,Large damp/peeling patch - maintenance only
B41 C double common/IMG_20260918_111220.jpg,IMG_20260918_111220.jpg,B41 C double common,B41,Room,NOT_CLEAN,CLEAN,0.00024,3,384,spatial3_concat,6144,unweighted,0.07,false_negative,DIRTY,NOT_NEAT,"Two white paper/tissue pieces lie on the passage tiles, so the floor is not clean; clothes draped over a stool and chair.",
B41 D single attach/B41 D single attach.jpg,B41 D single attach.jpg,B41 D single attach,B41,Room,CLEAN,CLEAN,0.000314,3,384,spatial3_concat,6144,unweighted,0.07,correct,CLEAN,NEAT,Tiles clean and shiny with doormat and dustbin in place; no waste.,
B41 D single attach/IMG_20260918_111416.jpg,IMG_20260918_111416.jpg,B41 D single attach,B41,Room,CLEAN,CLEAN,0.053049,3,384,spatial3_concat,6144,unweighted,0.07,correct,CLEAN,NEAT,Bed neatly covered with a bag and cushion on it; floor clean.,
B41 D single attach/IMG_20260918_111425.jpg,IMG_20260918_111425.jpg,B41 D single attach,B41,Room,CLEAN,CLEAN,0.00203,3,384,spatial3_concat,6144,unweighted,0.07,correct,CLEAN,NEAT,Clean reflective floor with dustbin by the balcony door; no debris or stains.,
B41 D single attach/IMG_20260918_111442.jpg,IMG_20260918_111442.jpg,B41 D single attach,B41,Room,CLEAN,CLEAN,0.003142,3,384,spatial3_concat,6144,unweighted,0.07,correct,CLEAN,NEAT,Desk with a bottle and charger; floor clear of waste.,
B41 D single attach/IMG_20260918_111500.jpg,IMG_20260918_111500.jpg,B41 D single attach,B41,Room,CLEAN,CLEAN,0.011864,3,384,spatial3_concat,6144,unweighted,0.07,correct,CLEAN,NEAT,Suitcase stored on the wardrobe and slippers kept beside it; floor clean.,
B41 D single attach/IMG_20260918_111507.jpg,IMG_20260918_111507.jpg,B41 D single attach,B41,Room,CLEAN,CLEAN,0.000438,3,384,spatial3_concat,6144,unweighted,0.07,correct,CLEAN,NEAT,Bed with pillow and folded cloth; no waste visible.,
B41 D single attach/IMG_20260918_111517.jpg,IMG_20260918_111517.jpg,B41 D single attach,B41,Room,CLEAN,CLEAN,0.008306,3,384,spatial3_concat,6144,unweighted,0.07,correct,CLEAN,NEAT,Backpack and cushion on the covered bed - normal belongings; floor clean.,
B41 D single attach/IMG_20260918_111527.jpg,IMG_20260918_111527.jpg,B41 D single attach,B41,Room,CLEAN,CLEAN,0.001253,3,384,spatial3_concat,6144,unweighted,0.07,correct,CLEAN,NEAT,Entry area with doormat and dustbin; tiles clean with no litter.,
C21 A single common/IMG_20260918_113220.jpg,IMG_20260918_113220.jpg,C21 A single common,C21,Room,NOT_CLEAN,CLEAN,0.019085,4,384,spatial3_concat,6144,unweighted,0.09,false_negative,NOT_FULLY_VISIBLE,NOT_NEAT,"A crushed empty bottle, a used tissue roll and a wrapper are left lying on the desk - visible waste that has not been cleared.",
C21 A single common/IMG_20260918_113224.jpg,IMG_20260918_113224.jpg,C21 A single common,C21,Room,CLEAN,CLEAN,0.005758,4,384,spatial3_concat,6144,unweighted,0.09,correct,CLEAN,NEAT,Cabinet with toiletries and bed corner; visible floor clear of waste and debris.,Marks on wall - maintenance
C21 A single common/IMG_20260918_113231.jpg,IMG_20260918_113231.jpg,C21 A single common,C21,Room,CLEAN,NOT_CLEAN,0.111935,4,384,spatial3_concat,6144,unweighted,0.09,false_positive,NOT_FULLY_VISIBLE,NEAT,Bed with pillow and bedcover; nothing dirty or discarded visible.,
C21 A single common/IMG_20260918_113239.jpg,IMG_20260918_113239.jpg,C21 A single common,C21,Room,CLEAN,CLEAN,0.021628,4,384,spatial3_concat,6144,unweighted,0.09,correct,CLEAN,NEAT,Bed with blanket and chair with towel; visible floor clear of waste.,
C21 A single common/IMG_20260918_113243.jpg,IMG_20260918_113243.jpg,C21 A single common,C21,Room,CLEAN,CLEAN,0.040192,4,384,spatial3_concat,6144,unweighted,0.09,correct,CLEAN,NEAT,Doorway with slippers kept at the side; floor clear of litter.,
C21 A single common/IMG_20260918_113250.jpg,IMG_20260918_113250.jpg,C21 A single common,C21,Room,NOT_CLEAN,CLEAN,0.028628,4,384,spatial3_concat,6144,unweighted,0.09,false_negative,DIRTY,NOT_NEAT,A dried spill/residue patch and a small lid lie on the floor in the desk corner and an empty bottle with a tissue roll is left on the desk - the corner has not been cleaned.,Grimy skirting - maintenance
C21 B double attach/C21 B double attach.jpg,C21 B double attach.jpg,C21 B double attach,C21,Room,CLEAN,CLEAN,0.012356,4,384,spatial3_concat,6144,unweighted,0.09,correct,CLEAN,NEAT,Helmet and suitcase stored on the wardrobe; floor clean and clear.,
C21 B double attach/IMG_20260918_113357.jpg,IMG_20260918_113357.jpg,C21 B double attach,C21,Room,CLEAN,CLEAN,0.006962,4,384,spatial3_concat,6144,unweighted,0.09,correct,CLEAN,NEAT,"Clothes on a wall hook, folded clothes on the bed, doormat in place; tiles clean with no waste.",Damp/mould at wall base - maintenance
C21 B double attach/IMG_20260918_113400.jpg,IMG_20260918_113400.jpg,C21 B double attach,C21,Room,CLEAN,CLEAN,0.001484,4,384,spatial3_concat,6144,unweighted,0.09,correct,CLEAN,NEAT,Two beds with bedding and folded clothes and a rug on the floor; no waste or dirt.,
C21 B double attach/IMG_20260918_113408.jpg,IMG_20260918_113408.jpg,C21 B double attach,C21,Room,CLEAN,CLEAN,0.000553,4,384,spatial3_concat,6144,unweighted,0.09,correct,CLEAN,NEAT,"Bed with pillows and clothes, cabinet and box beside it; floor clean.",
C21 B double attach/IMG_20260918_113413.jpg,IMG_20260918_113413.jpg,C21 B double attach,C21,Room,CLEAN,CLEAN,0.008523,4,384,spatial3_concat,6144,unweighted,0.09,correct,CLEAN,NEAT,"Desk with bottle, bag on the chair, stool stored under the desk.",
C21 B double attach/IMG_20260918_113416.jpg,IMG_20260918_113416.jpg,C21 B double attach,C21,Room,CLEAN,CLEAN,0.001016,4,384,spatial3_concat,6144,unweighted,0.09,correct,CLEAN,NEAT,Desk and wardrobe in order; floor clean with no debris.,
C21 B double attach/IMG_20260918_113422.jpg,IMG_20260918_113422.jpg,C21 B double attach,C21,Room,CLEAN,CLEAN,0.000822,4,384,spatial3_concat,6144,unweighted,0.09,correct,CLEAN,NEAT,"Wide view: beds and desk in use, floor clean and free of waste.",
C21 B double attach/IMG_20260918_113430.jpg,IMG_20260918_113430.jpg,C21 B double attach,C21,Room,CLEAN,CLEAN,0.000835,4,384,spatial3_concat,6144,unweighted,0.09,correct,CLEAN,NEAT,Bathroom doorway; tiles clean and clear of litter.,
C21 B double attach/IMG_20260918_113433.jpg,IMG_20260918_113433.jpg,C21 B double attach,C21,Room,CLEAN,CLEAN,0.000636,4,384,spatial3_concat,6144,unweighted,0.09,correct,CLEAN,NEAT,"Floor mat by the bed, clean tiles, nothing discarded.",
C21 B double attach/IMG_20260918_113438.jpg,IMG_20260918_113438.jpg,C21 B double attach,C21,Room,CLEAN,CLEAN,0.000699,4,384,spatial3_concat,6144,unweighted,0.09,correct,CLEAN,NEAT,Door with doormat and clothes hanging; floor clean.,Damp/peeling at wall base - maintenance
C21 C double common/Kitchen/IMG_20260918_112605.jpg,IMG_20260918_112605.jpg,C21 C double common,C21,Kitchen,NOT_CLEAN,NOT_CLEAN,0.237827,4,384,spatial3_concat,6144,unweighted,0.09,correct,CLEAN,NOT_NEAT,The appliance/fridge top is visibly soiled with brown residue and crumbs and has not been wiped; devices standing on it are stained too.,
C21 C double common/Kitchen/IMG_20260918_112611.jpg,IMG_20260918_112611.jpg,C21 C double common,C21,Kitchen,CLEAN,NOT_CLEAN,0.091216,4,384,spatial3_concat,6144,unweighted,0.09,false_positive,CLEAN,NEAT,"Kitchen area clean with no visible residue or waste; counter vessels, dustbins and mat are normal household use and the floor is clean.",
C21 C double common/Kitchen/IMG_20260918_112616.jpg,IMG_20260918_112616.jpg,C21 C double common,C21,Kitchen,NOT_CLEAN,NOT_CLEAN,0.996714,4,384,spatial3_concat,6144,unweighted,0.09,correct,CLEAN,NOT_NEAT,"Unwashed vessels - bowl with knife, cooker, plates, pan - left on the counter with visible crumbs and food residue across the slab.",
C21 C double common/Kitchen/IMG_20260918_112620.jpg,IMG_20260918_112620.jpg,C21 C double common,C21,Kitchen,CLEAN,CLEAN,0.000361,4,384,spatial3_concat,6144,unweighted,0.09,correct,CLEAN,NEAT,"Clothes on a drying stand - normal common-area use, not dirt; floor tiles clean with no waste.",
C21 C double common/Kitchen/IMG_20260918_112629.jpg,IMG_20260918_112629.jpg,C21 C double common,C21,Kitchen,CLEAN,CLEAN,0.002341,4,384,spatial3_concat,6144,unweighted,0.09,correct,CLEAN,NEAT,"Drying stand, shoe stand and footwear at the doorway; floor clean, nothing discarded.",
C21 C double common/Kitchen/IMG_20260918_112638.jpg,IMG_20260918_112638.jpg,C21 C double common,C21,Kitchen,CLEAN,NOT_CLEAN,0.934617,4,384,spatial3_concat,6144,unweighted,0.09,false_positive,CLEAN,NEAT,Sink and counter reasonably clean with bottles and vessels in normal use; no food residue or waste on the floor.,"Broken/blackened plaster under the counter - maintenance, not housekeeping dirt"
C21 C double common/C21 C double Common.jpg,C21 C double Common.jpg,C21 C double common,C21,Room,CLEAN,CLEAN,0.029933,4,384,spatial3_concat,6144,unweighted,0.09,correct,CLEAN,NEAT,Ironing board stored on the wardrobe and jeans over a chair; floor clean with no waste.,
C21 C double common/IMG_20260918_112714.jpg,IMG_20260918_112714.jpg,C21 C double common,C21,Room,CLEAN,CLEAN,0.036766,4,384,spatial3_concat,6144,unweighted,0.09,correct,CLEAN,NEAT,"Bed with a storage box, chair and stool in place; tiles clean.",
C21 C double common/IMG_20260918_112717.jpg,IMG_20260918_112717.jpg,C21 C double common,C21,Room,CLEAN,CLEAN,0.012176,4,384,spatial3_concat,6144,unweighted,0.09,correct,CLEAN,NEAT,"Bed and stool with clothes over it; floor clean, no debris.",
C21 C double common/IMG_20260918_112720.jpg,IMG_20260918_112720.jpg,C21 C double common,C21,Room,CLEAN,CLEAN,0.056202,4,384,spatial3_concat,6144,unweighted,0.09,correct,CLEAN,NEAT,Bed with bedding and box and a side cabinet; no waste visible.,Damp wall patch - maintenance
C21 C double common/IMG_20260918_112725.jpg,IMG_20260918_112725.jpg,C21 C double common,C21,Room,CLEAN,CLEAN,0.003463,4,384,spatial3_concat,6144,unweighted,0.09,correct,CLEAN,NEAT,Two beds with cabinets holding bottles and books; tiles clean.,Wall discolouration - maintenance
C21 C double common/IMG_20260918_112727.jpg,IMG_20260918_112727.jpg,C21 C double common,C21,Room,CLEAN,CLEAN,0.004502,4,384,spatial3_concat,6144,unweighted,0.09,correct,CLEAN,NEAT,Bed with bedcover and cabinet with personal items; nothing discarded.,
C21 C double common/IMG_20260918_112741.jpg,IMG_20260918_112741.jpg,C21 C double common,C21,Room,CLEAN,CLEAN,0.000807,4,384,spatial3_concat,6144,unweighted,0.09,correct,NOT_FULLY_VISIBLE,NEAT,Bed with quilt spread on it; no waste or dirt visible.,
C21 C double common/IMG_20260918_112745.jpg,IMG_20260918_112745.jpg,C21 C double common,C21,Room,CLEAN,CLEAN,0.027662,4,384,spatial3_concat,6144,unweighted,0.09,correct,CLEAN,NEAT,"Beds, cabinets and a stored carton; floor clear of litter.",
C21 C double common/IMG_20260918_112750.jpg,IMG_20260918_112750.jpg,C21 C double common,C21,Room,CLEAN,CLEAN,0.011329,4,384,spatial3_concat,6144,unweighted,0.09,correct,CLEAN,NEAT,Bed with folded clothes and footwear kept at the doorway; floor clean.,
C21 C double common/IMG_20260918_112755.jpg,IMG_20260918_112755.jpg,C21 C double common,C21,Room,CLEAN,NOT_CLEAN,0.600515,4,384,spatial3_concat,6144,unweighted,0.09,false_positive,CLEAN,NEAT,"Desk with bottles and toiletries and a wardrobe; floor clean, no waste.",
C21 C double common/IMG_20260918_112759.jpg,IMG_20260918_112759.jpg,C21 C double common,C21,Room,CLEAN,CLEAN,0.003179,4,384,spatial3_concat,6144,unweighted,0.09,correct,CLEAN,NEAT,"Bed with bedcover, cabinet with books and bottles and a paper bag beside it; floor clean.",Dark marks on wall - maintenance
C21 D single attach/C21 D single attach.jpg,C21 D single attach.jpg,C21 D single attach,C21,Room,CLEAN,CLEAN,5.1e-05,4,384,spatial3_concat,6144,unweighted,0.09,correct,NOT_FULLY_VISIBLE,NEAT,Wardrobe and wall; visible floor clear with nothing discarded.,
C21 D single attach/IMG_20260918_112920.jpg,IMG_20260918_112920.jpg,C21 D single attach,C21,Room,CLEAN,NOT_CLEAN,0.877656,4,384,spatial3_concat,6144,unweighted,0.09,false_positive,CLEAN,NEAT,Tiles clean and shiny with mat and drying stand; storage rack against the wall.,
C21 D single attach/IMG_20260918_112926.jpg,IMG_20260918_112926.jpg,C21 D single attach,C21,Room,CLEAN,NOT_CLEAN,0.765611,4,384,spatial3_concat,6144,unweighted,0.09,false_positive,CLEAN,NEAT,Desk with bottles and toiletries and cartons stacked on the rack; floor clean.,
C21 D single attach/IMG_20260918_112934.jpg,IMG_20260918_112934.jpg,C21 D single attach,C21,Room,CLEAN,CLEAN,0.021387,4,384,spatial3_concat,6144,unweighted,0.09,correct,CLEAN,NEAT,Bed with blanket and a rack with bottles beside it; no waste.,Wall stain - maintenance
C21 D single attach/IMG_20260918_112938.jpg,IMG_20260918_112938.jpg,C21 D single attach,C21,Room,CLEAN,NOT_CLEAN,0.646158,4,384,spatial3_concat,6144,unweighted,0.09,false_positive,CLEAN,NEAT,Desk with organised bottles and plate and cartons on the rack; floor clean with no litter.,Chipped desk panel - maintenance
C21 D single attach/IMG_20260918_112950.jpg,IMG_20260918_112950.jpg,C21 D single attach,C21,Room,CLEAN,CLEAN,0.025793,4,384,spatial3_concat,6144,unweighted,0.09,correct,CLEAN,NEAT,Storage rack with hangers and boxes kept in order; floor clean.,
C21 D single attach/IMG_20260918_112954.jpg,IMG_20260918_112954.jpg,C21 D single attach,C21,Room,CLEAN,NOT_CLEAN,0.237959,4,384,spatial3_concat,6144,unweighted,0.09,false_positive,CLEAN,NEAT,"Wardrobe and rack with a floor mat by the door and a cloth on the floor; tiles clean, no waste.",
C21 D single attach/IMG_20260918_113000.jpg,IMG_20260918_113000.jpg,C21 D single attach,C21,Room,CLEAN,NOT_CLEAN,0.203858,4,384,spatial3_concat,6144,unweighted,0.09,false_positive,NOT_FULLY_VISIBLE,NEAT,Bed corner with bottles on the cabinet; no residue or waste visible.,Damp stain - maintenance
C31 B double attach/C31 b double attach.jpg,C31 b double attach.jpg,C31 B double attach,C31,Room,NOT_CLEAN,CLEAN,0.130118,5,384,spatial3_concat,6144,unweighted,0.14,false_negative,CLEAN,NOT_NEAT,"Tiles are clean with no dirt or garbage, but cooking vessels, cables, a racket, bags and a bottle are piled directly on the floor in the corner with packaging and an empty wrapper on the table - the room looks untidy.",
C31 B double attach/IMG_20260918_114321.jpg,IMG_20260918_114321.jpg,C31 B double attach,C31,Room,NOT_CLEAN,CLEAN,0.050238,5,384,spatial3_concat,6144,unweighted,0.14,false_negative,CLEAN,NOT_NEAT,"Opened carton with papers on the floor by the fridge, backpack dropped beside it, slippers loose and suitcase in the walkway; tiles themselves clean.",
C31 B double attach/IMG_20260918_114326.jpg,IMG_20260918_114326.jpg,C31 B double attach,C31,Room,NOT_CLEAN,CLEAN,0.01157,5,384,spatial3_concat,6144,unweighted,0.14,false_negative,CLEAN,NOT_NEAT,"Bedding tangled across the bed, packaging carton on the table, bag pushed under it and slippers on the floor.",
C31 B double attach/IMG_20260918_114331.jpg,IMG_20260918_114331.jpg,C31 B double attach,C31,Room,NOT_CLEAN,CLEAN,0.105771,5,384,spatial3_concat,6144,unweighted,0.14,false_negative,CLEAN,NOT_NEAT,"Bed unmade with bedding loose, opened package on the table and bags underneath; tiles clean but the room is visibly unarranged.",
C31 B double attach/IMG_20260918_114344.jpg,IMG_20260918_114344.jpg,C31 B double attach,C31,Room,NOT_CLEAN,NOT_CLEAN,0.451941,5,384,spatial3_concat,6144,unweighted,0.14,correct,NOT_FULLY_VISIBLE,NOT_NEAT,"Bedding, clothes, a power strip and a plastic bag tangled together across the whole bed.",
C31 B double attach/IMG_20260918_114348.jpg,IMG_20260918_114348.jpg,C31 B double attach,C31,Room,NOT_CLEAN,NOT_CLEAN,0.91099,5,384,spatial3_concat,6144,unweighted,0.14,correct,CLEAN,NOT_NEAT,"Torn shoe box and bottles on the wardrobes, vessels and cables piled on the floor and opened packaging on the ledge.",
C31 B double attach/IMG_20260918_114351.jpg,IMG_20260918_114351.jpg,C31 B double attach,C31,Room,NOT_CLEAN,CLEAN,0.062206,5,384,spatial3_concat,6144,unweighted,0.14,false_negative,CLEAN,NOT_NEAT,"Floor tiles visibly clean, but the corner holds vessels, cables and a bag on the floor with a slipper mid-room and a cloth thrown over the bed.",
C31 B double attach/IMG_20260918_114356.jpg,IMG_20260918_114356.jpg,C31 B double attach,C31,Room,CLEAN,CLEAN,0.018024,5,384,spatial3_concat,6144,unweighted,0.14,correct,CLEAN,NEAT,"Clean tiles with a suitcase stood against the wall, coat on the door and folded bedding - belongings reasonably placed, no waste.",
C31 C double Common/IMG_20260918_113835.jpg,IMG_20260918_113835.jpg,C31 C double Common,C31,Room,CLEAN,CLEAN,0.000632,5,384,spatial3_concat,6144,unweighted,0.14,correct,CLEAN,NEAT,"Tiles clean with no housekeeping dirt or waste; suitcase stood upright, clothes on the bed and shoes together - reasonably arranged.",
C31 C double Common/IMG_20260918_113838.jpg,IMG_20260918_113838.jpg,C31 C double Common,C31,Room,CLEAN,CLEAN,0.002425,5,384,spatial3_concat,6144,unweighted,0.14,correct,CLEAN,NEAT,Floor tiles clean and no garbage; clothes on the bed with backpack and slippers beside it are normal belongings reasonably placed.,
C31 C double Common/IMG_20260918_113846.jpg,IMG_20260918_113846.jpg,C31 C double Common,C31,Room,CLEAN,CLEAN,0.003635,5,384,spatial3_concat,6144,unweighted,0.14,correct,CLEAN,NEAT,One pile of clothes on the mattress; floor clean and empty with nothing discarded.,
C31 C double Common/IMG_20260918_113854.jpg,IMG_20260918_113854.jpg,C31 C double Common,C31,Room,CLEAN,CLEAN,0.001318,5,384,spatial3_concat,6144,unweighted,0.14,correct,CLEAN,NEAT,A few garments on the mattress and a closed cabinet; floor clean.,
C31 C double Common/IMG_20260918_113857.jpg,IMG_20260918_113857.jpg,C31 C double Common,C31,Room,CLEAN,CLEAN,0.044441,5,384,spatial3_concat,6144,unweighted,0.14,correct,CLEAN,NEAT,Bare mattress and open doorway; tiles clean and clear.,
C31 C double Common/IMG_20260918_113901.jpg,IMG_20260918_113901.jpg,C31 C double Common,C31,Room,CLEAN,NOT_CLEAN,0.168462,5,384,spatial3_concat,6144,unweighted,0.14,false_positive,CLEAN,NEAT,"Blanket and clothes on the bed, snack packet and papers on the cabinet, backpack beside it; no waste on the floor and no residue.",Wall marks - maintenance
C31 C double Common/IMG_20260918_113909.jpg,IMG_20260918_113909.jpg,C31 C double Common,C31,Room,CLEAN,CLEAN,0.001921,5,384,spatial3_concat,6144,unweighted,0.14,correct,CLEAN,NEAT,"Desk with laptop, suitcase and shoes by the wardrobe and clothes on hooks; tiles clean.",
C31 C double Common/IMG_20260918_113912.jpg,IMG_20260918_113912.jpg,C31 C double Common,C31,Room,CLEAN,CLEAN,0.00052,5,384,spatial3_concat,6144,unweighted,0.14,correct,CLEAN,NEAT,"Study corner with laptop and bottle, clothes hanging and luggage below; nothing discarded.",
C31 D single attach/IMG_20260918_114047.jpg,IMG_20260918_114047.jpg,C31 D single attach,C31,Room,CLEAN,CLEAN,4.1e-05,5,384,spatial3_concat,6144,unweighted,0.14,correct,CLEAN,NEAT,Tiles clean and reflective with wardrobe and fridge against the wall; nothing discarded.,
C31 D single attach/IMG_20260918_114050.jpg,IMG_20260918_114050.jpg,C31 D single attach,C31,Room,CLEAN,CLEAN,0.000215,5,384,spatial3_concat,6144,unweighted,0.14,correct,CLEAN,NEAT,Clean shiny floor with doormat; no litter or residue.,
C31 D single attach/IMG_20260918_114054.jpg,IMG_20260918_114054.jpg,C31 D single attach,C31,Room,CLEAN,CLEAN,0.001964,5,384,spatial3_concat,6144,unweighted,0.14,correct,CLEAN,NEAT,"Table with iron, bottles and a snack packet and a towel over the chair; floor clean with no waste.",
C31 D single attach/IMG_20260918_114058.jpg,IMG_20260918_114058.jpg,C31 D single attach,C31,Room,CLEAN,CLEAN,0.000111,5,384,spatial3_concat,6144,unweighted,0.14,correct,NOT_FULLY_VISIBLE,NEAT,Bed with pillows and bedcover and a coat on the hook; nothing dirty or discarded.,
C31 D single attach/IMG_20260918_114111.jpg,IMG_20260918_114111.jpg,C31 D single attach,C31,Room,CLEAN,CLEAN,0.001763,5,384,spatial3_concat,6144,unweighted,0.14,correct,CLEAN,NEAT,Wardrobe and cabinet; tiles clean and clear.,
C31 D single attach/IMG_20260918_114115.jpg,IMG_20260918_114115.jpg,C31 D single attach,C31,Room,CLEAN,CLEAN,0.002421,5,384,spatial3_concat,6144,unweighted,0.14,correct,CLEAN,NEAT,Door area with doormat; floor clean with no litter.,Peeling/damp at wall base - maintenance
C31 D single attach/IMG_20260918_114120.jpg,IMG_20260918_114120.jpg,C31 D single attach,C31,Room,CLEAN,CLEAN,0.032816,5,384,spatial3_concat,6144,unweighted,0.14,correct,CLEAN,NEAT,"Bed with clothes, towel, bottle, comb and remote - normal belongings; floor clean with no waste.",
C31 D single attach/IMG_20260918_114127.jpg,IMG_20260918_114127.jpg,C31 D single attach,C31,Room,CLEAN,CLEAN,0.000381,5,384,spatial3_concat,6144,unweighted,0.14,correct,CLEAN,NEAT,Door and wardrobe with doormat on clean tiles; no waste or dirt visible.,Peeling paint at wall base - maintenance
A33 A single attach/A33 A Single attach. .jpg,A33 A Single attach. .jpg,A33 A single attach,A33,Room,CLEAN,CLEAN,0.001362,1,384,spatial3_concat,6144,class_weighted,0.17,correct,CLEAN,NEAT,Tiles are clean with only a doormat; no visible housekeeping dirt or waste.,
A33 A single attach/IMG_20260918_104751.jpg,IMG_20260918_104751.jpg,A33 A single attach,A33,Room,CLEAN,CLEAN,0.166327,1,384,spatial3_concat,6144,class_weighted,0.17,correct,CLEAN,NEAT,Open floor clean with no debris; suitcase stood against the wall and a few desk items reasonably arranged.,
A33 A single attach/IMG_20260918_104756.jpg,IMG_20260918_104756.jpg,A33 A single attach,A33,Room,CLEAN,CLEAN,0.035248,1,384,spatial3_concat,6144,class_weighted,0.17,correct,CLEAN,NEAT,"Floor clean and free of waste; bed covered, desks hold bottles and small items in order.",
A33 A single attach/IMG_20260918_104801.jpg,IMG_20260918_104801.jpg,A33 A single attach,A33,Room,CLEAN,NOT_CLEAN,0.19551,1,384,spatial3_concat,6144,class_weighted,0.17,false_positive,CLEAN,NEAT,"No dirt, residue or waste visible; helmet and a few clothes rest on the made bed.",
A33 A single attach/IMG_20260918_104805.jpg,IMG_20260918_104805.jpg,A33 A single attach,A33,Room,CLEAN,CLEAN,0.16523,1,384,spatial3_concat,6144,class_weighted,0.17,correct,CLEAN,NEAT,Floor clean with no waste; clothes and helmet on the bed are normal belongings.,
A33 A single attach/IMG_20260918_104828.jpg,IMG_20260918_104828.jpg,A33 A single attach,A33,Room,CLEAN,CLEAN,0.050177,1,384,spatial3_concat,6144,class_weighted,0.17,correct,CLEAN,NEAT,Wardrobe area clean with one bottle standing on the floor; no debris or residue.,
A33 C double common/A33 C double Common.jpg,A33 C double Common.jpg,A33 C double common,A33,Room,CLEAN,CLEAN,0.00263,1,384,spatial3_concat,6144,class_weighted,0.17,correct,NOT_FULLY_VISIBLE,NEAT,"Bed with blanket, small carton on the side table and towels at the window; nothing dirty or discarded visible.",
A33 C double common/IMG_20260918_105110.jpg,IMG_20260918_105110.jpg,A33 C double common,A33,Room,CLEAN,CLEAN,0.00186,1,384,spatial3_concat,6144,class_weighted,0.17,correct,CLEAN,NEAT,"Floor clean with no waste; desk and chair clear, blanket left bunched on the bed only.",
A33 C double common/IMG_20260918_105117.jpg,IMG_20260918_105117.jpg,A33 C double common,A33,Room,CLEAN,CLEAN,0.066509,1,384,spatial3_concat,6144,class_weighted,0.17,correct,CLEAN,NEAT,"Tiles clean, no housekeeping dirt; bedding loose on the bed.",
A33 C double common/IMG_20260918_105124.jpg,IMG_20260918_105124.jpg,A33 C double common,A33,Room,CLEAN,CLEAN,0.002537,1,384,spatial3_concat,6144,class_weighted,0.17,correct,CLEAN,NEAT,"Suitcase stored on the wardrobe and a bottle above; floor clean, no waste.",
A33 C double common/IMG_20260918_105135.jpg,IMG_20260918_105135.jpg,A33 C double common,A33,Room,CLEAN,CLEAN,0.01442,1,384,spatial3_concat,6144,class_weighted,0.17,correct,CLEAN,NEAT,Desks and chairs in place with a cable along the floor; no waste or dirt visible.,
A33 C double common/IMG_20260918_105143.jpg,IMG_20260918_105143.jpg,A33 C double common,A33,Room,CLEAN,NOT_CLEAN,0.255664,1,384,spatial3_concat,6144,class_weighted,0.17,false_positive,CLEAN,NEAT,A few clothes on the bed and a weighing scale on the floor; floor clean.,
A33 C double common/IMG_20260918_105157.jpg,IMG_20260918_105157.jpg,A33 C double common,A33,Room,NOT_CLEAN,CLEAN,0.036972,1,384,spatial3_concat,6144,class_weighted,0.17,false_negative,CLEAN,NOT_NEAT,"A large crumpled brown packing cover lies discarded on the floor beside the suitcase - visible waste material, so the area is not clean. Tiles themselves are clean.",
A33 C double common/IMG_20260918_105203.jpg,IMG_20260918_105203.jpg,A33 C double common,A33,Room,NOT_CLEAN,NOT_CLEAN,0.335058,1,384,spatial3_concat,6144,class_weighted,0.17,correct,CLEAN,NOT_NEAT,Closer view of the same discarded packing cover spread loose across the floor.,
A33 C double common/IMG_20260918_105215.jpg,IMG_20260918_105215.jpg,A33 C double common,A33,Room,CLEAN,CLEAN,0.017137,1,384,spatial3_concat,6144,class_weighted,0.17,correct,CLEAN,NEAT,"Cabinet with utensils, clothes on a hook, scale on the floor; no waste or residue.",
A33 C double common/IMG_20260918_105219.jpg,IMG_20260918_105219.jpg,A33 C double common,A33,Room,CLEAN,CLEAN,0.148231,1,384,spatial3_concat,6144,class_weighted,0.17,correct,CLEAN,NEAT,Floor clean and clear; clothes hanging behind the door.,
A33 C double common/IMG_20260918_105224.jpg,IMG_20260918_105224.jpg,A33 C double common,A33,Room,CLEAN,NOT_CLEAN,0.373491,1,384,spatial3_concat,6144,class_weighted,0.17,false_positive,CLEAN,NEAT,Carton and luggage stored beside the bed; no garbage or dirt visible.,Damp patch on wall - maintenance
A33 C double common/IMG_20260918_105241.jpg,IMG_20260918_105241.jpg,A33 C double common,A33,Room,CLEAN,CLEAN,0.00251,1,384,spatial3_concat,6144,class_weighted,0.17,correct,CLEAN,NEAT,"Window wall and doorway; floor clean, nothing discarded.",
A33 C double common/IMG_20260918_105245.jpg,IMG_20260918_105245.jpg,A33 C double common,A33,Room,CLEAN,CLEAN,0.004067,1,384,spatial3_concat,6144,class_weighted,0.17,correct,CLEAN,NEAT,"Wide view: bed made, suitcase on the wardrobe, floor clean.",
A34 A single attach/A34 A Single attach.jpg,A34 A Single attach.jpg,A34 A single attach,A34,Room,CLEAN,CLEAN,0.004926,2,384,spatial3_concat,6144,class_weighted,0.25,correct,CLEAN,NEAT,Bed corner with folded bedding; no waste and the visible floor is clean.,Wall holes and marks - maintenance
A34 A single attach/IMG_20260918_104319.jpg,IMG_20260918_104319.jpg,A34 A single attach,A34,Room,CLEAN,CLEAN,0.135639,2,384,spatial3_concat,6144,class_weighted,0.25,correct,CLEAN,NEAT,"Desk, paper bags and stool kept together in the corner; floor clean, no waste.",
A34 A single attach/IMG_20260918_104324.jpg,IMG_20260918_104324.jpg,A34 A single attach,A34,Room,CLEAN,CLEAN,0.012158,2,384,spatial3_concat,6144,class_weighted,0.25,correct,CLEAN,NEAT,Large open floor area clean and clear of debris.,
A34 A single attach/IMG_20260918_104330.jpg,IMG_20260918_104330.jpg,A34 A single attach,A34,Room,CLEAN,CLEAN,0.000127,2,384,spatial3_concat,6144,class_weighted,0.25,correct,CLEAN,NEAT,Desk with computer and towel folded on the chair; floor clean.,
A34 A single attach/IMG_20260918_104334.jpg,IMG_20260918_104334.jpg,A34 A single attach,A34,Room,CLEAN,CLEAN,0.000619,2,384,spatial3_concat,6144,class_weighted,0.25,correct,CLEAN,NEAT,Bed made with a few clothes on it; no waste or residue.,
A34 A single attach/IMG_20260918_104337.jpg,IMG_20260918_104337.jpg,A34 A single attach,A34,Room,CLEAN,CLEAN,0.00045,2,384,spatial3_concat,6144,class_weighted,0.25,correct,CLEAN,NEAT,"Bed covered, floor clean, nothing discarded.",
A34 A single attach/IMG_20260918_104358.jpg,IMG_20260918_104358.jpg,A34 A single attach,A34,Room,CLEAN,CLEAN,0.053295,2,384,spatial3_concat,6144,class_weighted,0.25,correct,CLEAN,NEAT,Desk in use with a box stored underneath; no debris on the floor.,
A34 A single attach/IMG_20260918_104414.jpg,IMG_20260918_104414.jpg,A34 A single attach,A34,Room,CLEAN,CLEAN,4.1e-05,2,384,spatial3_concat,6144,class_weighted,0.25,correct,CLEAN,NEAT,Doorway with doormat and luggage against the wall; floor clean.,
A34 A single attach/IMG_20260918_104444.jpg,IMG_20260918_104444.jpg,A34 A single attach,A34,Room,CLEAN,CLEAN,0.00527,2,384,spatial3_concat,6144,class_weighted,0.25,correct,CLEAN,NEAT,"Utility corner with ironing board, rack and bucket arranged along the wall; floor clean.",
A34 A single attach/IMG_20260918_104514.jpg,IMG_20260918_104514.jpg,A34 A single attach,A34,Room,CLEAN,CLEAN,0.007739,2,384,spatial3_concat,6144,class_weighted,0.25,correct,CLEAN,NEAT,Storage corner kept in order; no waste or dirt visible.,
A34 B double attach/A34 B double attach.jpg,A34 B double attach.jpg,A34 B double attach,A34,Room,NOT_CLEAN,NOT_CLEAN,0.797547,2,384,spatial3_concat,6144,class_weighted,0.25,correct,CLEAN,NOT_NEAT,"Tiles are clean with no housekeeping dirt, but clothes are dumped over a chair and over storage boxes with cartons and a jar crowding the corner - the room looks untidy.",
A34 B double attach/IMG_20260918_103815.jpg,IMG_20260918_103815.jpg,A34 B double attach,A34,Room,NOT_CLEAN,CLEAN,0.00649,2,384,spatial3_concat,6144,class_weighted,0.25,false_negative,CLEAN,NOT_NEAT,"Tiles clean, but five-plus pairs of shoes and a slipper lie spread across the floor, a yellow bag is dropped on the tiles and clothes are strewn over a bare mattress.",
A34 B double attach/IMG_20260918_103820.jpg,IMG_20260918_103820.jpg,A34 B double attach,A34,Room,NOT_CLEAN,CLEAN,0.1271,2,384,spatial3_concat,6144,class_weighted,0.25,false_negative,CLEAN,NOT_NEAT,"Clothes heaped over both mattresses, shoes and a bag on the floor, a packet left on the mattress; floor itself clean.",
A34 B double attach/IMG_20260918_103827.jpg,IMG_20260918_103827.jpg,A34 B double attach,A34,Room,NOT_CLEAN,CLEAN,0.070352,2,384,spatial3_concat,6144,class_weighted,0.25,false_negative,CLEAN,NOT_NEAT,"Clothes and a steel vessel dumped on the chair, slippers loose on the floor, mattress standing across the bathroom doorway.",
A34 B double attach/IMG_20260918_103844.jpg,IMG_20260918_103844.jpg,A34 B double attach,A34,Room,NOT_CLEAN,CLEAN,0.003055,2,384,spatial3_concat,6144,class_weighted,0.25,false_negative,CLEAN,NOT_NEAT,"A cloth is thrown over the chair and trails onto the floor, with further scattered items and bottles visible in the room beyond.",
A34 B double attach/IMG_20260918_103854.jpg,IMG_20260918_103854.jpg,A34 B double attach,A34,Room,NOT_CLEAN,NOT_CLEAN,0.72721,2,384,spatial3_concat,6144,class_weighted,0.25,correct,CLEAN,NOT_NEAT,"Two open suitcases on the floor with contents spilling out, shoes scattered around them, clothes heaped on the mattress.",
A34 B double attach/IMG_20260918_103858.jpg,IMG_20260918_103858.jpg,A34 B double attach,A34,Room,NOT_CLEAN,NOT_CLEAN,0.26943,2,384,spatial3_concat,6144,class_weighted,0.25,correct,CLEAN,NOT_NEAT,"Open suitcase tipped onto the floor, yellow bag and slipper on the tiles, clothes across both mattresses.",
A34 B double attach/IMG_20260918_104015.jpg,IMG_20260918_104015.jpg,A34 B double attach,A34,Room,NOT_CLEAN,NOT_CLEAN,0.676953,2,384,spatial3_concat,6144,class_weighted,0.25,correct,CLEAN,NOT_NEAT,Clothes draped over two chairs with a carton and jar on the floor corner; tiles clean but the corner is unarranged.,
A34 B double attach/IMG_20260918_104031.jpg,IMG_20260918_104031.jpg,A34 B double attach,A34,Room,NOT_CLEAN,NOT_CLEAN,0.434758,2,384,spatial3_concat,6144,class_weighted,0.25,correct,CLEAN,NOT_NEAT,"Clothes over chairs, open suitcase on the floor, shoes below the bed; the room looks visibly untidy.",
B41 B double attach/B41  B Double attach.jpg,B41  B Double attach.jpg,B41 B double attach,B41,Room,CLEAN,CLEAN,0.099713,3,384,spatial3_concat,6144,class_weighted,0.1,correct,CLEAN,NEAT,"Desk with laptop and bottles, towel on the chair; floor clean and clear of waste.",
B41 B double attach/B41 B double attach. .jpg,B41 B double attach. .jpg,B41 B double attach,B41,Room,CLEAN,CLEAN,0.010344,3,384,spatial3_concat,6144,class_weighted,0.1,correct,CLEAN,NEAT,"Backpack kept on the floor and footwear on a rack; tiles clean, no debris.",
B41 B double attach/IMG_20260918_111705.jpg,IMG_20260918_111705.jpg,B41 B double attach,B41,Room,CLEAN,CLEAN,0.06089,3,384,spatial3_concat,6144,class_weighted,0.1,correct,CLEAN,NEAT,"Bed with bedding, suitcase beside it and shoes under the bed; no waste or residue.",
B41 B double attach/IMG_20260918_111711.jpg,IMG_20260918_111711.jpg,B41 B double attach,B41,Room,CLEAN,CLEAN,0.017569,3,384,spatial3_concat,6144,class_weighted,0.1,correct,CLEAN,NEAT,Bedding pulled back and shoes kept under the bed; floor clean.,
B41 B double attach/IMG_20260918_111715.jpg,IMG_20260918_111715.jpg,B41 B double attach,B41,Room,CLEAN,CLEAN,0.009928,3,384,spatial3_concat,6144,class_weighted,0.1,correct,CLEAN,NEAT,Study corner in use with a towel on the chair; no residue or debris.,
B41 B double attach/IMG_20260918_111718.jpg,IMG_20260918_111718.jpg,B41 B double attach,B41,Room,CLEAN,CLEAN,0.032773,3,384,spatial3_concat,6144,class_weighted,0.1,correct,CLEAN,NEAT,"Laptop and bottles on the desk, clothes on the bed, slippers at the bedside - reasonably placed.",
B41 B double attach/IMG_20260918_111720.jpg,IMG_20260918_111720.jpg,B41 B double attach,B41,Room,CLEAN,CLEAN,0.003196,3,384,spatial3_concat,6144,class_weighted,0.1,correct,CLEAN,NEAT,Towel hanging to dry and pillow on the bed; nothing discarded.,
B41 B double attach/IMG_20260918_111728.jpg,IMG_20260918_111728.jpg,B41 B double attach,B41,Room,CLEAN,CLEAN,0.035212,3,384,spatial3_concat,6144,class_weighted,0.1,correct,CLEAN,NEAT,"Doormat at the door, suitcase and shoes stored beside the bed; floor clean.",
B41 B double attach/IMG_20260918_111733.jpg,IMG_20260918_111733.jpg,B41 B double attach,B41,Room,CLEAN,CLEAN,0.002695,3,384,spatial3_concat,6144,class_weighted,0.1,correct,CLEAN,NEAT,Wardrobes with containers stored on top; floor clean and clear.,
B41 B double attach/IMG_20260918_111738.jpg,IMG_20260918_111738.jpg,B41 B double attach,B41,Room,CLEAN,CLEAN,0.002424,3,384,spatial3_concat,6144,class_weighted,0.1,correct,CLEAN,NEAT,"Iron kept on the shelf and clothes hanging; floor clean, no waste.",
B41 B double attach/IMG_20260918_111743.jpg,IMG_20260918_111743.jpg,B41 B double attach,B41,Room,CLEAN,NOT_CLEAN,0.268095,3,384,spatial3_concat,6144,class_weighted,0.1,false_positive,CLEAN,NEAT,Tiles clean; shoes under the bed and towel on the chair.,
B41 C double common/Kitchen/IMG_20260918_110949.jpg,IMG_20260918_110949.jpg,B41 C double common,B41,Kitchen,NOT_CLEAN,NOT_CLEAN,0.603537,3,384,spatial3_concat,6144,class_weighted,0.1,correct,CLEAN,NOT_NEAT,"Kitchen surfaces show visible dirty conditions: dried spilled residue across the fridge top, a tray and plastic bags of waste left on the counter, and a cloth lying on the floor.",
B41 C double common/Kitchen/IMG_20260918_111002.jpg,IMG_20260918_111002.jpg,B41 C double common,B41,Kitchen,NOT_CLEAN,NOT_CLEAN,0.99857,3,384,spatial3_concat,6144,class_weighted,0.1,correct,CLEAN,NOT_NEAT,Counter slab is stained and greasy along its length with food residue around the induction plate; vessels and jars sit in the residue and a cloth is dropped on the floor by the bin.,
B41 C double common/Kitchen/IMG_20260918_111005.jpg,IMG_20260918_111005.jpg,B41 C double common,B41,Kitchen,NOT_CLEAN,NOT_CLEAN,0.743435,3,384,spatial3_concat,6144,class_weighted,0.1,correct,CLEAN,NOT_NEAT,"Sink and surrounding slab show residue and grime, and a dirty cloth lies on the floor beside the washing machine.",Flaking plaster below the slab - maintenance
B41 C double common/Kitchen/IMG_20260918_111008.jpg,IMG_20260918_111008.jpg,B41 C double common,B41,Kitchen,CLEAN,NOT_CLEAN,0.41535,3,384,spatial3_concat,6144,class_weighted,0.1,false_positive,CLEAN,NEAT,"Kitchen/utility area is clean with no visible housekeeping dirt or waste; washing machine, shoe rack and clothes on a stool are normal household use.",
B41 C double common/Kitchen/IMG_20260918_111013.jpg,IMG_20260918_111013.jpg,B41 C double common,B41,Kitchen,CLEAN,CLEAN,0.001611,3,384,spatial3_concat,6144,class_weighted,0.1,correct,CLEAN,NEAT,"Clothes on a drying stand beside the doors are normal use, not a cleanliness problem; floor clean with no waste.",
B41 C double common/B 41 C  double common.jpg,B 41 C  double common.jpg,B41 C double common,B41,Room,NOT_CLEAN,CLEAN,0.046674,3,384,spatial3_concat,6144,class_weighted,0.1,false_negative,DIRTY,NOT_NEAT,"White paper debris lies on the floor tiles near the door, so the floor is not clean; cloth over a chair and bucket on the floor.",
B41 C double common/IMG_20260918_111123.jpg,IMG_20260918_111123.jpg,B41 C double common,B41,Room,CLEAN,CLEAN,0.002964,3,384,spatial3_concat,6144,class_weighted,0.1,correct,CLEAN,NEAT,"Wardrobe, umbrella opened to dry and bed with bedcover; no housekeeping dirt or waste visible.",
B41 C double common/IMG_20260918_111127.jpg,IMG_20260918_111127.jpg,B41 C double common,B41,Room,CLEAN,CLEAN,0.001693,3,384,spatial3_concat,6144,class_weighted,0.1,correct,NOT_FULLY_VISIBLE,NEAT,"Bedcover left rumpled with two garments on it and clothes hanging on wall hooks; no waste, residue or floor dirt visible - normal belongings.",Damp/peeling wall patch - maintenance
B41 C double common/IMG_20260918_111131.jpg,IMG_20260918_111131.jpg,B41 C double common,B41,Room,NOT_CLEAN,NOT_CLEAN,0.264884,3,384,spatial3_concat,6144,class_weighted,0.1,correct,CLEAN,NOT_NEAT,"Table crowded with bottles, packets and paper bags; clothes heaped on the bed and spilling onto the floor with a backpack among them.",Damp wall patch - maintenance
B41 C double common/IMG_20260918_111134.jpg,IMG_20260918_111134.jpg,B41 C double common,B41,Room,NOT_CLEAN,CLEAN,0.056697,3,384,spatial3_concat,6144,class_weighted,0.1,false_negative,CLEAN,NOT_NEAT,Bed covered by a pile of loose clothes with more items stacked on the side table.,Dark damp staining - maintenance
B41 C double common/IMG_20260918_111147.jpg,IMG_20260918_111147.jpg,B41 C double common,B41,Room,NOT_CLEAN,CLEAN,0.019874,3,384,spatial3_concat,6144,class_weighted,0.1,false_negative,DIRTY,NOT_NEAT,A crumpled tissue/paper piece lies on the floor tile - visible waste on the floor; cloths draped over the bed frame and chair.,
B41 C double common/IMG_20260918_111209.jpg,IMG_20260918_111209.jpg,B41 C double common,B41,Room,NOT_CLEAN,NOT_CLEAN,0.403248,3,384,spatial3_concat,6144,class_weighted,0.1,correct,CLEAN,NOT_NEAT,"Clothes heaped on the bed and dropped on the floor, paper bags and a backpack on the tiles, table crowded with bottles.",Damp stain - maintenance
B41 C double common/IMG_20260918_111216.jpg,IMG_20260918_111216.jpg,B41 C double common,B41,Room,CLEAN,CLEAN,0.00039,3,384,spatial3_concat,6144,class_weighted,0.1,correct,NOT_FULLY_VISIBLE,NEAT,Clothes hanging on the wall hook and bed with bedcover; no waste or housekeeping dirt visible.,Large damp/peeling patch - maintenance only
B41 C double common/IMG_20260918_111220.jpg,IMG_20260918_111220.jpg,B41 C double common,B41,Room,NOT_CLEAN,CLEAN,0.000327,3,384,spatial3_concat,6144,class_weighted,0.1,false_negative,DIRTY,NOT_NEAT,"Two white paper/tissue pieces lie on the passage tiles, so the floor is not clean; clothes draped over a stool and chair.",
B41 D single attach/B41 D single attach.jpg,B41 D single attach.jpg,B41 D single attach,B41,Room,CLEAN,CLEAN,0.00053,3,384,spatial3_concat,6144,class_weighted,0.1,correct,CLEAN,NEAT,Tiles clean and shiny with doormat and dustbin in place; no waste.,
B41 D single attach/IMG_20260918_111416.jpg,IMG_20260918_111416.jpg,B41 D single attach,B41,Room,CLEAN,CLEAN,0.091887,3,384,spatial3_concat,6144,class_weighted,0.1,correct,CLEAN,NEAT,Bed neatly covered with a bag and cushion on it; floor clean.,
B41 D single attach/IMG_20260918_111425.jpg,IMG_20260918_111425.jpg,B41 D single attach,B41,Room,CLEAN,CLEAN,0.005305,3,384,spatial3_concat,6144,class_weighted,0.1,correct,CLEAN,NEAT,Clean reflective floor with dustbin by the balcony door; no debris or stains.,
B41 D single attach/IMG_20260918_111442.jpg,IMG_20260918_111442.jpg,B41 D single attach,B41,Room,CLEAN,CLEAN,0.002729,3,384,spatial3_concat,6144,class_weighted,0.1,correct,CLEAN,NEAT,Desk with a bottle and charger; floor clear of waste.,
B41 D single attach/IMG_20260918_111500.jpg,IMG_20260918_111500.jpg,B41 D single attach,B41,Room,CLEAN,CLEAN,0.017814,3,384,spatial3_concat,6144,class_weighted,0.1,correct,CLEAN,NEAT,Suitcase stored on the wardrobe and slippers kept beside it; floor clean.,
B41 D single attach/IMG_20260918_111507.jpg,IMG_20260918_111507.jpg,B41 D single attach,B41,Room,CLEAN,CLEAN,0.000622,3,384,spatial3_concat,6144,class_weighted,0.1,correct,CLEAN,NEAT,Bed with pillow and folded cloth; no waste visible.,
B41 D single attach/IMG_20260918_111517.jpg,IMG_20260918_111517.jpg,B41 D single attach,B41,Room,CLEAN,CLEAN,0.01452,3,384,spatial3_concat,6144,class_weighted,0.1,correct,CLEAN,NEAT,Backpack and cushion on the covered bed - normal belongings; floor clean.,
B41 D single attach/IMG_20260918_111527.jpg,IMG_20260918_111527.jpg,B41 D single attach,B41,Room,CLEAN,CLEAN,0.001613,3,384,spatial3_concat,6144,class_weighted,0.1,correct,CLEAN,NEAT,Entry area with doormat and dustbin; tiles clean with no litter.,
C21 A single common/IMG_20260918_113220.jpg,IMG_20260918_113220.jpg,C21 A single common,C21,Room,NOT_CLEAN,CLEAN,0.029407,4,384,spatial3_concat,6144,class_weighted,0.11,false_negative,NOT_FULLY_VISIBLE,NOT_NEAT,"A crushed empty bottle, a used tissue roll and a wrapper are left lying on the desk - visible waste that has not been cleared.",
C21 A single common/IMG_20260918_113224.jpg,IMG_20260918_113224.jpg,C21 A single common,C21,Room,CLEAN,CLEAN,0.009583,4,384,spatial3_concat,6144,class_weighted,0.11,correct,CLEAN,NEAT,Cabinet with toiletries and bed corner; visible floor clear of waste and debris.,Marks on wall - maintenance
C21 A single common/IMG_20260918_113231.jpg,IMG_20260918_113231.jpg,C21 A single common,C21,Room,CLEAN,NOT_CLEAN,0.198932,4,384,spatial3_concat,6144,class_weighted,0.11,false_positive,NOT_FULLY_VISIBLE,NEAT,Bed with pillow and bedcover; nothing dirty or discarded visible.,
C21 A single common/IMG_20260918_113239.jpg,IMG_20260918_113239.jpg,C21 A single common,C21,Room,CLEAN,CLEAN,0.041127,4,384,spatial3_concat,6144,class_weighted,0.11,correct,CLEAN,NEAT,Bed with blanket and chair with towel; visible floor clear of waste.,
C21 A single common/IMG_20260918_113243.jpg,IMG_20260918_113243.jpg,C21 A single common,C21,Room,CLEAN,CLEAN,0.064067,4,384,spatial3_concat,6144,class_weighted,0.11,correct,CLEAN,NEAT,Doorway with slippers kept at the side; floor clear of litter.,
C21 A single common/IMG_20260918_113250.jpg,IMG_20260918_113250.jpg,C21 A single common,C21,Room,NOT_CLEAN,CLEAN,0.052808,4,384,spatial3_concat,6144,class_weighted,0.11,false_negative,DIRTY,NOT_NEAT,A dried spill/residue patch and a small lid lie on the floor in the desk corner and an empty bottle with a tissue roll is left on the desk - the corner has not been cleaned.,Grimy skirting - maintenance
C21 B double attach/C21 B double attach.jpg,C21 B double attach.jpg,C21 B double attach,C21,Room,CLEAN,CLEAN,0.015745,4,384,spatial3_concat,6144,class_weighted,0.11,correct,CLEAN,NEAT,Helmet and suitcase stored on the wardrobe; floor clean and clear.,
C21 B double attach/IMG_20260918_113357.jpg,IMG_20260918_113357.jpg,C21 B double attach,C21,Room,CLEAN,CLEAN,0.009371,4,384,spatial3_concat,6144,class_weighted,0.11,correct,CLEAN,NEAT,"Clothes on a wall hook, folded clothes on the bed, doormat in place; tiles clean with no waste.",Damp/mould at wall base - maintenance
C21 B double attach/IMG_20260918_113400.jpg,IMG_20260918_113400.jpg,C21 B double attach,C21,Room,CLEAN,CLEAN,0.002146,4,384,spatial3_concat,6144,class_weighted,0.11,correct,CLEAN,NEAT,Two beds with bedding and folded clothes and a rug on the floor; no waste or dirt.,
C21 B double attach/IMG_20260918_113408.jpg,IMG_20260918_113408.jpg,C21 B double attach,C21,Room,CLEAN,CLEAN,0.000889,4,384,spatial3_concat,6144,class_weighted,0.11,correct,CLEAN,NEAT,"Bed with pillows and clothes, cabinet and box beside it; floor clean.",
C21 B double attach/IMG_20260918_113413.jpg,IMG_20260918_113413.jpg,C21 B double attach,C21,Room,CLEAN,CLEAN,0.012281,4,384,spatial3_concat,6144,class_weighted,0.11,correct,CLEAN,NEAT,"Desk with bottle, bag on the chair, stool stored under the desk.",
C21 B double attach/IMG_20260918_113416.jpg,IMG_20260918_113416.jpg,C21 B double attach,C21,Room,CLEAN,CLEAN,0.001486,4,384,spatial3_concat,6144,class_weighted,0.11,correct,CLEAN,NEAT,Desk and wardrobe in order; floor clean with no debris.,
C21 B double attach/IMG_20260918_113422.jpg,IMG_20260918_113422.jpg,C21 B double attach,C21,Room,CLEAN,CLEAN,0.001523,4,384,spatial3_concat,6144,class_weighted,0.11,correct,CLEAN,NEAT,"Wide view: beds and desk in use, floor clean and free of waste.",
C21 B double attach/IMG_20260918_113430.jpg,IMG_20260918_113430.jpg,C21 B double attach,C21,Room,CLEAN,CLEAN,0.001181,4,384,spatial3_concat,6144,class_weighted,0.11,correct,CLEAN,NEAT,Bathroom doorway; tiles clean and clear of litter.,
C21 B double attach/IMG_20260918_113433.jpg,IMG_20260918_113433.jpg,C21 B double attach,C21,Room,CLEAN,CLEAN,0.001108,4,384,spatial3_concat,6144,class_weighted,0.11,correct,CLEAN,NEAT,"Floor mat by the bed, clean tiles, nothing discarded.",
C21 B double attach/IMG_20260918_113438.jpg,IMG_20260918_113438.jpg,C21 B double attach,C21,Room,CLEAN,CLEAN,0.001058,4,384,spatial3_concat,6144,class_weighted,0.11,correct,CLEAN,NEAT,Door with doormat and clothes hanging; floor clean.,Damp/peeling at wall base - maintenance
C21 C double common/Kitchen/IMG_20260918_112605.jpg,IMG_20260918_112605.jpg,C21 C double common,C21,Kitchen,NOT_CLEAN,NOT_CLEAN,0.357601,4,384,spatial3_concat,6144,class_weighted,0.11,correct,CLEAN,NOT_NEAT,The appliance/fridge top is visibly soiled with brown residue and crumbs and has not been wiped; devices standing on it are stained too.,
C21 C double common/Kitchen/IMG_20260918_112611.jpg,IMG_20260918_112611.jpg,C21 C double common,C21,Kitchen,CLEAN,NOT_CLEAN,0.147495,4,384,spatial3_concat,6144,class_weighted,0.11,false_positive,CLEAN,NEAT,"Kitchen area clean with no visible residue or waste; counter vessels, dustbins and mat are normal household use and the floor is clean.",
C21 C double common/Kitchen/IMG_20260918_112616.jpg,IMG_20260918_112616.jpg,C21 C double common,C21,Kitchen,NOT_CLEAN,NOT_CLEAN,0.998463,4,384,spatial3_concat,6144,class_weighted,0.11,correct,CLEAN,NOT_NEAT,"Unwashed vessels - bowl with knife, cooker, plates, pan - left on the counter with visible crumbs and food residue across the slab.",
C21 C double common/Kitchen/IMG_20260918_112620.jpg,IMG_20260918_112620.jpg,C21 C double common,C21,Kitchen,CLEAN,CLEAN,0.000413,4,384,spatial3_concat,6144,class_weighted,0.11,correct,CLEAN,NEAT,"Clothes on a drying stand - normal common-area use, not dirt; floor tiles clean with no waste.",
C21 C double common/Kitchen/IMG_20260918_112629.jpg,IMG_20260918_112629.jpg,C21 C double common,C21,Kitchen,CLEAN,CLEAN,0.003622,4,384,spatial3_concat,6144,class_weighted,0.11,correct,CLEAN,NEAT,"Drying stand, shoe stand and footwear at the doorway; floor clean, nothing discarded.",
C21 C double common/Kitchen/IMG_20260918_112638.jpg,IMG_20260918_112638.jpg,C21 C double common,C21,Kitchen,CLEAN,NOT_CLEAN,0.973648,4,384,spatial3_concat,6144,class_weighted,0.11,false_positive,CLEAN,NEAT,Sink and counter reasonably clean with bottles and vessels in normal use; no food residue or waste on the floor.,"Broken/blackened plaster under the counter - maintenance, not housekeeping dirt"
C21 C double common/C21 C double Common.jpg,C21 C double Common.jpg,C21 C double common,C21,Room,CLEAN,CLEAN,0.050509,4,384,spatial3_concat,6144,class_weighted,0.11,correct,CLEAN,NEAT,Ironing board stored on the wardrobe and jeans over a chair; floor clean with no waste.,
C21 C double common/IMG_20260918_112714.jpg,IMG_20260918_112714.jpg,C21 C double common,C21,Room,CLEAN,CLEAN,0.037152,4,384,spatial3_concat,6144,class_weighted,0.11,correct,CLEAN,NEAT,"Bed with a storage box, chair and stool in place; tiles clean.",
C21 C double common/IMG_20260918_112717.jpg,IMG_20260918_112717.jpg,C21 C double common,C21,Room,CLEAN,CLEAN,0.013241,4,384,spatial3_concat,6144,class_weighted,0.11,correct,CLEAN,NEAT,"Bed and stool with clothes over it; floor clean, no debris.",
C21 C double common/IMG_20260918_112720.jpg,IMG_20260918_112720.jpg,C21 C double common,C21,Room,CLEAN,CLEAN,0.082295,4,384,spatial3_concat,6144,class_weighted,0.11,correct,CLEAN,NEAT,Bed with bedding and box and a side cabinet; no waste visible.,Damp wall patch - maintenance
C21 C double common/IMG_20260918_112725.jpg,IMG_20260918_112725.jpg,C21 C double common,C21,Room,CLEAN,CLEAN,0.006039,4,384,spatial3_concat,6144,class_weighted,0.11,correct,CLEAN,NEAT,Two beds with cabinets holding bottles and books; tiles clean.,Wall discolouration - maintenance
C21 C double common/IMG_20260918_112727.jpg,IMG_20260918_112727.jpg,C21 C double common,C21,Room,CLEAN,CLEAN,0.007355,4,384,spatial3_concat,6144,class_weighted,0.11,correct,CLEAN,NEAT,Bed with bedcover and cabinet with personal items; nothing discarded.,
C21 C double common/IMG_20260918_112741.jpg,IMG_20260918_112741.jpg,C21 C double common,C21,Room,CLEAN,CLEAN,0.000809,4,384,spatial3_concat,6144,class_weighted,0.11,correct,NOT_FULLY_VISIBLE,NEAT,Bed with quilt spread on it; no waste or dirt visible.,
C21 C double common/IMG_20260918_112745.jpg,IMG_20260918_112745.jpg,C21 C double common,C21,Room,CLEAN,CLEAN,0.03833,4,384,spatial3_concat,6144,class_weighted,0.11,correct,CLEAN,NEAT,"Beds, cabinets and a stored carton; floor clear of litter.",
C21 C double common/IMG_20260918_112750.jpg,IMG_20260918_112750.jpg,C21 C double common,C21,Room,CLEAN,CLEAN,0.014958,4,384,spatial3_concat,6144,class_weighted,0.11,correct,CLEAN,NEAT,Bed with folded clothes and footwear kept at the doorway; floor clean.,
C21 C double common/IMG_20260918_112755.jpg,IMG_20260918_112755.jpg,C21 C double common,C21,Room,CLEAN,NOT_CLEAN,0.719942,4,384,spatial3_concat,6144,class_weighted,0.11,false_positive,CLEAN,NEAT,"Desk with bottles and toiletries and a wardrobe; floor clean, no waste.",
C21 C double common/IMG_20260918_112759.jpg,IMG_20260918_112759.jpg,C21 C double common,C21,Room,CLEAN,CLEAN,0.005142,4,384,spatial3_concat,6144,class_weighted,0.11,correct,CLEAN,NEAT,"Bed with bedcover, cabinet with books and bottles and a paper bag beside it; floor clean.",Dark marks on wall - maintenance
C21 D single attach/C21 D single attach.jpg,C21 D single attach.jpg,C21 D single attach,C21,Room,CLEAN,CLEAN,7.9e-05,4,384,spatial3_concat,6144,class_weighted,0.11,correct,NOT_FULLY_VISIBLE,NEAT,Wardrobe and wall; visible floor clear with nothing discarded.,
C21 D single attach/IMG_20260918_112920.jpg,IMG_20260918_112920.jpg,C21 D single attach,C21,Room,CLEAN,NOT_CLEAN,0.91761,4,384,spatial3_concat,6144,class_weighted,0.11,false_positive,CLEAN,NEAT,Tiles clean and shiny with mat and drying stand; storage rack against the wall.,
C21 D single attach/IMG_20260918_112926.jpg,IMG_20260918_112926.jpg,C21 D single attach,C21,Room,CLEAN,NOT_CLEAN,0.843898,4,384,spatial3_concat,6144,class_weighted,0.11,false_positive,CLEAN,NEAT,Desk with bottles and toiletries and cartons stacked on the rack; floor clean.,
C21 D single attach/IMG_20260918_112934.jpg,IMG_20260918_112934.jpg,C21 D single attach,C21,Room,CLEAN,CLEAN,0.026568,4,384,spatial3_concat,6144,class_weighted,0.11,correct,CLEAN,NEAT,Bed with blanket and a rack with bottles beside it; no waste.,Wall stain - maintenance
C21 D single attach/IMG_20260918_112938.jpg,IMG_20260918_112938.jpg,C21 D single attach,C21,Room,CLEAN,NOT_CLEAN,0.760699,4,384,spatial3_concat,6144,class_weighted,0.11,false_positive,CLEAN,NEAT,Desk with organised bottles and plate and cartons on the rack; floor clean with no litter.,Chipped desk panel - maintenance
C21 D single attach/IMG_20260918_112950.jpg,IMG_20260918_112950.jpg,C21 D single attach,C21,Room,CLEAN,CLEAN,0.041403,4,384,spatial3_concat,6144,class_weighted,0.11,correct,CLEAN,NEAT,Storage rack with hangers and boxes kept in order; floor clean.,
C21 D single attach/IMG_20260918_112954.jpg,IMG_20260918_112954.jpg,C21 D single attach,C21,Room,CLEAN,NOT_CLEAN,0.335697,4,384,spatial3_concat,6144,class_weighted,0.11,false_positive,CLEAN,NEAT,"Wardrobe and rack with a floor mat by the door and a cloth on the floor; tiles clean, no waste.",
C21 D single attach/IMG_20260918_113000.jpg,IMG_20260918_113000.jpg,C21 D single attach,C21,Room,CLEAN,NOT_CLEAN,0.306664,4,384,spatial3_concat,6144,class_weighted,0.11,false_positive,NOT_FULLY_VISIBLE,NEAT,Bed corner with bottles on the cabinet; no residue or waste visible.,Damp stain - maintenance
C31 B double attach/C31 b double attach.jpg,C31 b double attach.jpg,C31 B double attach,C31,Room,NOT_CLEAN,NOT_CLEAN,0.221597,5,384,spatial3_concat,6144,class_weighted,0.19,correct,CLEAN,NOT_NEAT,"Tiles are clean with no dirt or garbage, but cooking vessels, cables, a racket, bags and a bottle are piled directly on the floor in the corner with packaging and an empty wrapper on the table - the room looks untidy.",
C31 B double attach/IMG_20260918_114321.jpg,IMG_20260918_114321.jpg,C31 B double attach,C31,Room,NOT_CLEAN,CLEAN,0.095101,5,384,spatial3_concat,6144,class_weighted,0.19,false_negative,CLEAN,NOT_NEAT,"Opened carton with papers on the floor by the fridge, backpack dropped beside it, slippers loose and suitcase in the walkway; tiles themselves clean.",
C31 B double attach/IMG_20260918_114326.jpg,IMG_20260918_114326.jpg,C31 B double attach,C31,Room,NOT_CLEAN,CLEAN,0.022504,5,384,spatial3_concat,6144,class_weighted,0.19,false_negative,CLEAN,NOT_NEAT,"Bedding tangled across the bed, packaging carton on the table, bag pushed under it and slippers on the floor.",
C31 B double attach/IMG_20260918_114331.jpg,IMG_20260918_114331.jpg,C31 B double attach,C31,Room,NOT_CLEAN,NOT_CLEAN,0.205163,5,384,spatial3_concat,6144,class_weighted,0.19,correct,CLEAN,NOT_NEAT,"Bed unmade with bedding loose, opened package on the table and bags underneath; tiles clean but the room is visibly unarranged.",
C31 B double attach/IMG_20260918_114344.jpg,IMG_20260918_114344.jpg,C31 B double attach,C31,Room,NOT_CLEAN,NOT_CLEAN,0.720511,5,384,spatial3_concat,6144,class_weighted,0.19,correct,NOT_FULLY_VISIBLE,NOT_NEAT,"Bedding, clothes, a power strip and a plastic bag tangled together across the whole bed.",
C31 B double attach/IMG_20260918_114348.jpg,IMG_20260918_114348.jpg,C31 B double attach,C31,Room,NOT_CLEAN,NOT_CLEAN,0.964028,5,384,spatial3_concat,6144,class_weighted,0.19,correct,CLEAN,NOT_NEAT,"Torn shoe box and bottles on the wardrobes, vessels and cables piled on the floor and opened packaging on the ledge.",
C31 B double attach/IMG_20260918_114351.jpg,IMG_20260918_114351.jpg,C31 B double attach,C31,Room,NOT_CLEAN,CLEAN,0.138457,5,384,spatial3_concat,6144,class_weighted,0.19,false_negative,CLEAN,NOT_NEAT,"Floor tiles visibly clean, but the corner holds vessels, cables and a bag on the floor with a slipper mid-room and a cloth thrown over the bed.",
C31 B double attach/IMG_20260918_114356.jpg,IMG_20260918_114356.jpg,C31 B double attach,C31,Room,CLEAN,CLEAN,0.030144,5,384,spatial3_concat,6144,class_weighted,0.19,correct,CLEAN,NEAT,"Clean tiles with a suitcase stood against the wall, coat on the door and folded bedding - belongings reasonably placed, no waste.",
C31 C double Common/IMG_20260918_113835.jpg,IMG_20260918_113835.jpg,C31 C double Common,C31,Room,CLEAN,CLEAN,0.001208,5,384,spatial3_concat,6144,class_weighted,0.19,correct,CLEAN,NEAT,"Tiles clean with no housekeeping dirt or waste; suitcase stood upright, clothes on the bed and shoes together - reasonably arranged.",
C31 C double Common/IMG_20260918_113838.jpg,IMG_20260918_113838.jpg,C31 C double Common,C31,Room,CLEAN,CLEAN,0.004956,5,384,spatial3_concat,6144,class_weighted,0.19,correct,CLEAN,NEAT,Floor tiles clean and no garbage; clothes on the bed with backpack and slippers beside it are normal belongings reasonably placed.,
C31 C double Common/IMG_20260918_113846.jpg,IMG_20260918_113846.jpg,C31 C double Common,C31,Room,CLEAN,CLEAN,0.00836,5,384,spatial3_concat,6144,class_weighted,0.19,correct,CLEAN,NEAT,One pile of clothes on the mattress; floor clean and empty with nothing discarded.,
C31 C double Common/IMG_20260918_113854.jpg,IMG_20260918_113854.jpg,C31 C double Common,C31,Room,CLEAN,CLEAN,0.002595,5,384,spatial3_concat,6144,class_weighted,0.19,correct,CLEAN,NEAT,A few garments on the mattress and a closed cabinet; floor clean.,
C31 C double Common/IMG_20260918_113857.jpg,IMG_20260918_113857.jpg,C31 C double Common,C31,Room,CLEAN,CLEAN,0.086516,5,384,spatial3_concat,6144,class_weighted,0.19,correct,CLEAN,NEAT,Bare mattress and open doorway; tiles clean and clear.,
C31 C double Common/IMG_20260918_113901.jpg,IMG_20260918_113901.jpg,C31 C double Common,C31,Room,CLEAN,NOT_CLEAN,0.30945,5,384,spatial3_concat,6144,class_weighted,0.19,false_positive,CLEAN,NEAT,"Blanket and clothes on the bed, snack packet and papers on the cabinet, backpack beside it; no waste on the floor and no residue.",Wall marks - maintenance
C31 C double Common/IMG_20260918_113909.jpg,IMG_20260918_113909.jpg,C31 C double Common,C31,Room,CLEAN,CLEAN,0.003268,5,384,spatial3_concat,6144,class_weighted,0.19,correct,CLEAN,NEAT,"Desk with laptop, suitcase and shoes by the wardrobe and clothes on hooks; tiles clean.",
C31 C double Common/IMG_20260918_113912.jpg,IMG_20260918_113912.jpg,C31 C double Common,C31,Room,CLEAN,CLEAN,0.001099,5,384,spatial3_concat,6144,class_weighted,0.19,correct,CLEAN,NEAT,"Study corner with laptop and bottle, clothes hanging and luggage below; nothing discarded.",
C31 D single attach/IMG_20260918_114047.jpg,IMG_20260918_114047.jpg,C31 D single attach,C31,Room,CLEAN,CLEAN,8.4e-05,5,384,spatial3_concat,6144,class_weighted,0.19,correct,CLEAN,NEAT,Tiles clean and reflective with wardrobe and fridge against the wall; nothing discarded.,
C31 D single attach/IMG_20260918_114050.jpg,IMG_20260918_114050.jpg,C31 D single attach,C31,Room,CLEAN,CLEAN,0.000441,5,384,spatial3_concat,6144,class_weighted,0.19,correct,CLEAN,NEAT,Clean shiny floor with doormat; no litter or residue.,
C31 D single attach/IMG_20260918_114054.jpg,IMG_20260918_114054.jpg,C31 D single attach,C31,Room,CLEAN,CLEAN,0.003667,5,384,spatial3_concat,6144,class_weighted,0.19,correct,CLEAN,NEAT,"Table with iron, bottles and a snack packet and a towel over the chair; floor clean with no waste.",
C31 D single attach/IMG_20260918_114058.jpg,IMG_20260918_114058.jpg,C31 D single attach,C31,Room,CLEAN,CLEAN,0.000226,5,384,spatial3_concat,6144,class_weighted,0.19,correct,NOT_FULLY_VISIBLE,NEAT,Bed with pillows and bedcover and a coat on the hook; nothing dirty or discarded.,
C31 D single attach/IMG_20260918_114111.jpg,IMG_20260918_114111.jpg,C31 D single attach,C31,Room,CLEAN,CLEAN,0.003458,5,384,spatial3_concat,6144,class_weighted,0.19,correct,CLEAN,NEAT,Wardrobe and cabinet; tiles clean and clear.,
C31 D single attach/IMG_20260918_114115.jpg,IMG_20260918_114115.jpg,C31 D single attach,C31,Room,CLEAN,CLEAN,0.004638,5,384,spatial3_concat,6144,class_weighted,0.19,correct,CLEAN,NEAT,Door area with doormat; floor clean with no litter.,Peeling/damp at wall base - maintenance
C31 D single attach/IMG_20260918_114120.jpg,IMG_20260918_114120.jpg,C31 D single attach,C31,Room,CLEAN,CLEAN,0.088471,5,384,spatial3_concat,6144,class_weighted,0.19,correct,CLEAN,NEAT,"Bed with clothes, towel, bottle, comb and remote - normal belongings; floor clean with no waste.",
C31 D single attach/IMG_20260918_114127.jpg,IMG_20260918_114127.jpg,C31 D single attach,C31,Room,CLEAN,CLEAN,0.000724,5,384,spatial3_concat,6144,class_weighted,0.19,correct,CLEAN,NEAT,Door and wardrobe with doormat on clean tiles; no waste or dirt visible.,Peeling paint at wall base - maintenance
A33 A single attach/A33 A Single attach. .jpg,A33 A Single attach. .jpg,A33 A single attach,A33,Room,CLEAN,CLEAN,0.003232,1,384,spatial3_mean,2048,unweighted,0.09,correct,CLEAN,NEAT,Tiles are clean with only a doormat; no visible housekeeping dirt or waste.,
A33 A single attach/IMG_20260918_104751.jpg,IMG_20260918_104751.jpg,A33 A single attach,A33,Room,CLEAN,CLEAN,0.043142,1,384,spatial3_mean,2048,unweighted,0.09,correct,CLEAN,NEAT,Open floor clean with no debris; suitcase stood against the wall and a few desk items reasonably arranged.,
A33 A single attach/IMG_20260918_104756.jpg,IMG_20260918_104756.jpg,A33 A single attach,A33,Room,CLEAN,CLEAN,0.006919,1,384,spatial3_mean,2048,unweighted,0.09,correct,CLEAN,NEAT,"Floor clean and free of waste; bed covered, desks hold bottles and small items in order.",
A33 A single attach/IMG_20260918_104801.jpg,IMG_20260918_104801.jpg,A33 A single attach,A33,Room,CLEAN,CLEAN,0.064856,1,384,spatial3_mean,2048,unweighted,0.09,correct,CLEAN,NEAT,"No dirt, residue or waste visible; helmet and a few clothes rest on the made bed.",
A33 A single attach/IMG_20260918_104805.jpg,IMG_20260918_104805.jpg,A33 A single attach,A33,Room,CLEAN,NOT_CLEAN,0.245366,1,384,spatial3_mean,2048,unweighted,0.09,false_positive,CLEAN,NEAT,Floor clean with no waste; clothes and helmet on the bed are normal belongings.,
A33 A single attach/IMG_20260918_104828.jpg,IMG_20260918_104828.jpg,A33 A single attach,A33,Room,CLEAN,NOT_CLEAN,0.111052,1,384,spatial3_mean,2048,unweighted,0.09,false_positive,CLEAN,NEAT,Wardrobe area clean with one bottle standing on the floor; no debris or residue.,
A33 C double common/A33 C double Common.jpg,A33 C double Common.jpg,A33 C double common,A33,Room,CLEAN,CLEAN,0.002477,1,384,spatial3_mean,2048,unweighted,0.09,correct,NOT_FULLY_VISIBLE,NEAT,"Bed with blanket, small carton on the side table and towels at the window; nothing dirty or discarded visible.",
A33 C double common/IMG_20260918_105110.jpg,IMG_20260918_105110.jpg,A33 C double common,A33,Room,CLEAN,CLEAN,0.006173,1,384,spatial3_mean,2048,unweighted,0.09,correct,CLEAN,NEAT,"Floor clean with no waste; desk and chair clear, blanket left bunched on the bed only.",
A33 C double common/IMG_20260918_105117.jpg,IMG_20260918_105117.jpg,A33 C double common,A33,Room,CLEAN,CLEAN,0.022736,1,384,spatial3_mean,2048,unweighted,0.09,correct,CLEAN,NEAT,"Tiles clean, no housekeeping dirt; bedding loose on the bed.",
A33 C double common/IMG_20260918_105124.jpg,IMG_20260918_105124.jpg,A33 C double common,A33,Room,CLEAN,CLEAN,0.002538,1,384,spatial3_mean,2048,unweighted,0.09,correct,CLEAN,NEAT,"Suitcase stored on the wardrobe and a bottle above; floor clean, no waste.",
A33 C double common/IMG_20260918_105135.jpg,IMG_20260918_105135.jpg,A33 C double common,A33,Room,CLEAN,CLEAN,0.020879,1,384,spatial3_mean,2048,unweighted,0.09,correct,CLEAN,NEAT,Desks and chairs in place with a cable along the floor; no waste or dirt visible.,
A33 C double common/IMG_20260918_105143.jpg,IMG_20260918_105143.jpg,A33 C double common,A33,Room,CLEAN,NOT_CLEAN,0.186665,1,384,spatial3_mean,2048,unweighted,0.09,false_positive,CLEAN,NEAT,A few clothes on the bed and a weighing scale on the floor; floor clean.,
A33 C double common/IMG_20260918_105157.jpg,IMG_20260918_105157.jpg,A33 C double common,A33,Room,NOT_CLEAN,CLEAN,0.013925,1,384,spatial3_mean,2048,unweighted,0.09,false_negative,CLEAN,NOT_NEAT,"A large crumpled brown packing cover lies discarded on the floor beside the suitcase - visible waste material, so the area is not clean. Tiles themselves are clean.",
A33 C double common/IMG_20260918_105203.jpg,IMG_20260918_105203.jpg,A33 C double common,A33,Room,NOT_CLEAN,NOT_CLEAN,0.363506,1,384,spatial3_mean,2048,unweighted,0.09,correct,CLEAN,NOT_NEAT,Closer view of the same discarded packing cover spread loose across the floor.,
A33 C double common/IMG_20260918_105215.jpg,IMG_20260918_105215.jpg,A33 C double common,A33,Room,CLEAN,CLEAN,0.018783,1,384,spatial3_mean,2048,unweighted,0.09,correct,CLEAN,NEAT,"Cabinet with utensils, clothes on a hook, scale on the floor; no waste or residue.",
A33 C double common/IMG_20260918_105219.jpg,IMG_20260918_105219.jpg,A33 C double common,A33,Room,CLEAN,CLEAN,0.08654,1,384,spatial3_mean,2048,unweighted,0.09,correct,CLEAN,NEAT,Floor clean and clear; clothes hanging behind the door.,
A33 C double common/IMG_20260918_105224.jpg,IMG_20260918_105224.jpg,A33 C double common,A33,Room,CLEAN,NOT_CLEAN,0.251475,1,384,spatial3_mean,2048,unweighted,0.09,false_positive,CLEAN,NEAT,Carton and luggage stored beside the bed; no garbage or dirt visible.,Damp patch on wall - maintenance
A33 C double common/IMG_20260918_105241.jpg,IMG_20260918_105241.jpg,A33 C double common,A33,Room,CLEAN,CLEAN,0.000216,1,384,spatial3_mean,2048,unweighted,0.09,correct,CLEAN,NEAT,"Window wall and doorway; floor clean, nothing discarded.",
A33 C double common/IMG_20260918_105245.jpg,IMG_20260918_105245.jpg,A33 C double common,A33,Room,CLEAN,CLEAN,0.001327,1,384,spatial3_mean,2048,unweighted,0.09,correct,CLEAN,NEAT,"Wide view: bed made, suitcase on the wardrobe, floor clean.",
A34 A single attach/A34 A Single attach.jpg,A34 A Single attach.jpg,A34 A single attach,A34,Room,CLEAN,CLEAN,0.006515,2,384,spatial3_mean,2048,unweighted,0.48,correct,CLEAN,NEAT,Bed corner with folded bedding; no waste and the visible floor is clean.,Wall holes and marks - maintenance
A34 A single attach/IMG_20260918_104319.jpg,IMG_20260918_104319.jpg,A34 A single attach,A34,Room,CLEAN,CLEAN,0.051806,2,384,spatial3_mean,2048,unweighted,0.48,correct,CLEAN,NEAT,"Desk, paper bags and stool kept together in the corner; floor clean, no waste.",
A34 A single attach/IMG_20260918_104324.jpg,IMG_20260918_104324.jpg,A34 A single attach,A34,Room,CLEAN,CLEAN,0.012149,2,384,spatial3_mean,2048,unweighted,0.48,correct,CLEAN,NEAT,Large open floor area clean and clear of debris.,
A34 A single attach/IMG_20260918_104330.jpg,IMG_20260918_104330.jpg,A34 A single attach,A34,Room,CLEAN,CLEAN,9.6e-05,2,384,spatial3_mean,2048,unweighted,0.48,correct,CLEAN,NEAT,Desk with computer and towel folded on the chair; floor clean.,
A34 A single attach/IMG_20260918_104334.jpg,IMG_20260918_104334.jpg,A34 A single attach,A34,Room,CLEAN,CLEAN,0.001219,2,384,spatial3_mean,2048,unweighted,0.48,correct,CLEAN,NEAT,Bed made with a few clothes on it; no waste or residue.,
A34 A single attach/IMG_20260918_104337.jpg,IMG_20260918_104337.jpg,A34 A single attach,A34,Room,CLEAN,CLEAN,0.000698,2,384,spatial3_mean,2048,unweighted,0.48,correct,CLEAN,NEAT,"Bed covered, floor clean, nothing discarded.",
A34 A single attach/IMG_20260918_104358.jpg,IMG_20260918_104358.jpg,A34 A single attach,A34,Room,CLEAN,CLEAN,0.023727,2,384,spatial3_mean,2048,unweighted,0.48,correct,CLEAN,NEAT,Desk in use with a box stored underneath; no debris on the floor.,
A34 A single attach/IMG_20260918_104414.jpg,IMG_20260918_104414.jpg,A34 A single attach,A34,Room,CLEAN,CLEAN,1.6e-05,2,384,spatial3_mean,2048,unweighted,0.48,correct,CLEAN,NEAT,Doorway with doormat and luggage against the wall; floor clean.,
A34 A single attach/IMG_20260918_104444.jpg,IMG_20260918_104444.jpg,A34 A single attach,A34,Room,CLEAN,CLEAN,0.001539,2,384,spatial3_mean,2048,unweighted,0.48,correct,CLEAN,NEAT,"Utility corner with ironing board, rack and bucket arranged along the wall; floor clean.",
A34 A single attach/IMG_20260918_104514.jpg,IMG_20260918_104514.jpg,A34 A single attach,A34,Room,CLEAN,CLEAN,0.000981,2,384,spatial3_mean,2048,unweighted,0.48,correct,CLEAN,NEAT,Storage corner kept in order; no waste or dirt visible.,
A34 B double attach/A34 B double attach.jpg,A34 B double attach.jpg,A34 B double attach,A34,Room,NOT_CLEAN,CLEAN,0.314931,2,384,spatial3_mean,2048,unweighted,0.48,false_negative,CLEAN,NOT_NEAT,"Tiles are clean with no housekeeping dirt, but clothes are dumped over a chair and over storage boxes with cartons and a jar crowding the corner - the room looks untidy.",
A34 B double attach/IMG_20260918_103815.jpg,IMG_20260918_103815.jpg,A34 B double attach,A34,Room,NOT_CLEAN,CLEAN,0.004909,2,384,spatial3_mean,2048,unweighted,0.48,false_negative,CLEAN,NOT_NEAT,"Tiles clean, but five-plus pairs of shoes and a slipper lie spread across the floor, a yellow bag is dropped on the tiles and clothes are strewn over a bare mattress.",
A34 B double attach/IMG_20260918_103820.jpg,IMG_20260918_103820.jpg,A34 B double attach,A34,Room,NOT_CLEAN,CLEAN,0.088278,2,384,spatial3_mean,2048,unweighted,0.48,false_negative,CLEAN,NOT_NEAT,"Clothes heaped over both mattresses, shoes and a bag on the floor, a packet left on the mattress; floor itself clean.",
A34 B double attach/IMG_20260918_103827.jpg,IMG_20260918_103827.jpg,A34 B double attach,A34,Room,NOT_CLEAN,CLEAN,0.008399,2,384,spatial3_mean,2048,unweighted,0.48,false_negative,CLEAN,NOT_NEAT,"Clothes and a steel vessel dumped on the chair, slippers loose on the floor, mattress standing across the bathroom doorway.",
A34 B double attach/IMG_20260918_103844.jpg,IMG_20260918_103844.jpg,A34 B double attach,A34,Room,NOT_CLEAN,CLEAN,0.004351,2,384,spatial3_mean,2048,unweighted,0.48,false_negative,CLEAN,NOT_NEAT,"A cloth is thrown over the chair and trails onto the floor, with further scattered items and bottles visible in the room beyond.",
A34 B double attach/IMG_20260918_103854.jpg,IMG_20260918_103854.jpg,A34 B double attach,A34,Room,NOT_CLEAN,CLEAN,0.16383,2,384,spatial3_mean,2048,unweighted,0.48,false_negative,CLEAN,NOT_NEAT,"Two open suitcases on the floor with contents spilling out, shoes scattered around them, clothes heaped on the mattress.",
A34 B double attach/IMG_20260918_103858.jpg,IMG_20260918_103858.jpg,A34 B double attach,A34,Room,NOT_CLEAN,CLEAN,0.110373,2,384,spatial3_mean,2048,unweighted,0.48,false_negative,CLEAN,NOT_NEAT,"Open suitcase tipped onto the floor, yellow bag and slipper on the tiles, clothes across both mattresses.",
A34 B double attach/IMG_20260918_104015.jpg,IMG_20260918_104015.jpg,A34 B double attach,A34,Room,NOT_CLEAN,CLEAN,0.122721,2,384,spatial3_mean,2048,unweighted,0.48,false_negative,CLEAN,NOT_NEAT,Clothes draped over two chairs with a carton and jar on the floor corner; tiles clean but the corner is unarranged.,
A34 B double attach/IMG_20260918_104031.jpg,IMG_20260918_104031.jpg,A34 B double attach,A34,Room,NOT_CLEAN,CLEAN,0.336108,2,384,spatial3_mean,2048,unweighted,0.48,false_negative,CLEAN,NOT_NEAT,"Clothes over chairs, open suitcase on the floor, shoes below the bed; the room looks visibly untidy.",
B41 B double attach/B41  B Double attach.jpg,B41  B Double attach.jpg,B41 B double attach,B41,Room,CLEAN,CLEAN,0.045531,3,384,spatial3_mean,2048,unweighted,0.25,correct,CLEAN,NEAT,"Desk with laptop and bottles, towel on the chair; floor clean and clear of waste.",
B41 B double attach/B41 B double attach. .jpg,B41 B double attach. .jpg,B41 B double attach,B41,Room,CLEAN,CLEAN,0.018024,3,384,spatial3_mean,2048,unweighted,0.25,correct,CLEAN,NEAT,"Backpack kept on the floor and footwear on a rack; tiles clean, no debris.",
B41 B double attach/IMG_20260918_111705.jpg,IMG_20260918_111705.jpg,B41 B double attach,B41,Room,CLEAN,CLEAN,0.075366,3,384,spatial3_mean,2048,unweighted,0.25,correct,CLEAN,NEAT,"Bed with bedding, suitcase beside it and shoes under the bed; no waste or residue.",
B41 B double attach/IMG_20260918_111711.jpg,IMG_20260918_111711.jpg,B41 B double attach,B41,Room,CLEAN,CLEAN,0.036645,3,384,spatial3_mean,2048,unweighted,0.25,correct,CLEAN,NEAT,Bedding pulled back and shoes kept under the bed; floor clean.,
B41 B double attach/IMG_20260918_111715.jpg,IMG_20260918_111715.jpg,B41 B double attach,B41,Room,CLEAN,CLEAN,0.005672,3,384,spatial3_mean,2048,unweighted,0.25,correct,CLEAN,NEAT,Study corner in use with a towel on the chair; no residue or debris.,
B41 B double attach/IMG_20260918_111718.jpg,IMG_20260918_111718.jpg,B41 B double attach,B41,Room,CLEAN,CLEAN,0.041588,3,384,spatial3_mean,2048,unweighted,0.25,correct,CLEAN,NEAT,"Laptop and bottles on the desk, clothes on the bed, slippers at the bedside - reasonably placed.",
B41 B double attach/IMG_20260918_111720.jpg,IMG_20260918_111720.jpg,B41 B double attach,B41,Room,CLEAN,CLEAN,0.001337,3,384,spatial3_mean,2048,unweighted,0.25,correct,CLEAN,NEAT,Towel hanging to dry and pillow on the bed; nothing discarded.,
B41 B double attach/IMG_20260918_111728.jpg,IMG_20260918_111728.jpg,B41 B double attach,B41,Room,CLEAN,CLEAN,0.06471,3,384,spatial3_mean,2048,unweighted,0.25,correct,CLEAN,NEAT,"Doormat at the door, suitcase and shoes stored beside the bed; floor clean.",
B41 B double attach/IMG_20260918_111733.jpg,IMG_20260918_111733.jpg,B41 B double attach,B41,Room,CLEAN,CLEAN,0.002799,3,384,spatial3_mean,2048,unweighted,0.25,correct,CLEAN,NEAT,Wardrobes with containers stored on top; floor clean and clear.,
B41 B double attach/IMG_20260918_111738.jpg,IMG_20260918_111738.jpg,B41 B double attach,B41,Room,CLEAN,CLEAN,0.001544,3,384,spatial3_mean,2048,unweighted,0.25,correct,CLEAN,NEAT,"Iron kept on the shelf and clothes hanging; floor clean, no waste.",
B41 B double attach/IMG_20260918_111743.jpg,IMG_20260918_111743.jpg,B41 B double attach,B41,Room,CLEAN,NOT_CLEAN,0.727095,3,384,spatial3_mean,2048,unweighted,0.25,false_positive,CLEAN,NEAT,Tiles clean; shoes under the bed and towel on the chair.,
B41 C double common/Kitchen/IMG_20260918_110949.jpg,IMG_20260918_110949.jpg,B41 C double common,B41,Kitchen,NOT_CLEAN,NOT_CLEAN,0.538084,3,384,spatial3_mean,2048,unweighted,0.25,correct,CLEAN,NOT_NEAT,"Kitchen surfaces show visible dirty conditions: dried spilled residue across the fridge top, a tray and plastic bags of waste left on the counter, and a cloth lying on the floor.",
B41 C double common/Kitchen/IMG_20260918_111002.jpg,IMG_20260918_111002.jpg,B41 C double common,B41,Kitchen,NOT_CLEAN,NOT_CLEAN,0.991742,3,384,spatial3_mean,2048,unweighted,0.25,correct,CLEAN,NOT_NEAT,Counter slab is stained and greasy along its length with food residue around the induction plate; vessels and jars sit in the residue and a cloth is dropped on the floor by the bin.,
B41 C double common/Kitchen/IMG_20260918_111005.jpg,IMG_20260918_111005.jpg,B41 C double common,B41,Kitchen,NOT_CLEAN,NOT_CLEAN,0.833646,3,384,spatial3_mean,2048,unweighted,0.25,correct,CLEAN,NOT_NEAT,"Sink and surrounding slab show residue and grime, and a dirty cloth lies on the floor beside the washing machine.",Flaking plaster below the slab - maintenance
B41 C double common/Kitchen/IMG_20260918_111008.jpg,IMG_20260918_111008.jpg,B41 C double common,B41,Kitchen,CLEAN,CLEAN,0.131228,3,384,spatial3_mean,2048,unweighted,0.25,correct,CLEAN,NEAT,"Kitchen/utility area is clean with no visible housekeeping dirt or waste; washing machine, shoe rack and clothes on a stool are normal household use.",
B41 C double common/Kitchen/IMG_20260918_111013.jpg,IMG_20260918_111013.jpg,B41 C double common,B41,Kitchen,CLEAN,CLEAN,0.002016,3,384,spatial3_mean,2048,unweighted,0.25,correct,CLEAN,NEAT,"Clothes on a drying stand beside the doors are normal use, not a cleanliness problem; floor clean with no waste.",
B41 C double common/B 41 C  double common.jpg,B 41 C  double common.jpg,B41 C double common,B41,Room,NOT_CLEAN,CLEAN,0.089274,3,384,spatial3_mean,2048,unweighted,0.25,false_negative,DIRTY,NOT_NEAT,"White paper debris lies on the floor tiles near the door, so the floor is not clean; cloth over a chair and bucket on the floor.",
B41 C double common/IMG_20260918_111123.jpg,IMG_20260918_111123.jpg,B41 C double common,B41,Room,CLEAN,CLEAN,0.005582,3,384,spatial3_mean,2048,unweighted,0.25,correct,CLEAN,NEAT,"Wardrobe, umbrella opened to dry and bed with bedcover; no housekeeping dirt or waste visible.",
B41 C double common/IMG_20260918_111127.jpg,IMG_20260918_111127.jpg,B41 C double common,B41,Room,CLEAN,CLEAN,0.003192,3,384,spatial3_mean,2048,unweighted,0.25,correct,NOT_FULLY_VISIBLE,NEAT,"Bedcover left rumpled with two garments on it and clothes hanging on wall hooks; no waste, residue or floor dirt visible - normal belongings.",Damp/peeling wall patch - maintenance
B41 C double common/IMG_20260918_111131.jpg,IMG_20260918_111131.jpg,B41 C double common,B41,Room,NOT_CLEAN,CLEAN,0.169169,3,384,spatial3_mean,2048,unweighted,0.25,false_negative,CLEAN,NOT_NEAT,"Table crowded with bottles, packets and paper bags; clothes heaped on the bed and spilling onto the floor with a backpack among them.",Damp wall patch - maintenance
B41 C double common/IMG_20260918_111134.jpg,IMG_20260918_111134.jpg,B41 C double common,B41,Room,NOT_CLEAN,CLEAN,0.020237,3,384,spatial3_mean,2048,unweighted,0.25,false_negative,CLEAN,NOT_NEAT,Bed covered by a pile of loose clothes with more items stacked on the side table.,Dark damp staining - maintenance
B41 C double common/IMG_20260918_111147.jpg,IMG_20260918_111147.jpg,B41 C double common,B41,Room,NOT_CLEAN,CLEAN,0.020954,3,384,spatial3_mean,2048,unweighted,0.25,false_negative,DIRTY,NOT_NEAT,A crumpled tissue/paper piece lies on the floor tile - visible waste on the floor; cloths draped over the bed frame and chair.,
B41 C double common/IMG_20260918_111209.jpg,IMG_20260918_111209.jpg,B41 C double common,B41,Room,NOT_CLEAN,NOT_CLEAN,0.298582,3,384,spatial3_mean,2048,unweighted,0.25,correct,CLEAN,NOT_NEAT,"Clothes heaped on the bed and dropped on the floor, paper bags and a backpack on the tiles, table crowded with bottles.",Damp stain - maintenance
B41 C double common/IMG_20260918_111216.jpg,IMG_20260918_111216.jpg,B41 C double common,B41,Room,CLEAN,CLEAN,0.000412,3,384,spatial3_mean,2048,unweighted,0.25,correct,NOT_FULLY_VISIBLE,NEAT,Clothes hanging on the wall hook and bed with bedcover; no waste or housekeeping dirt visible.,Large damp/peeling patch - maintenance only
B41 C double common/IMG_20260918_111220.jpg,IMG_20260918_111220.jpg,B41 C double common,B41,Room,NOT_CLEAN,CLEAN,0.000346,3,384,spatial3_mean,2048,unweighted,0.25,false_negative,DIRTY,NOT_NEAT,"Two white paper/tissue pieces lie on the passage tiles, so the floor is not clean; clothes draped over a stool and chair.",
B41 D single attach/B41 D single attach.jpg,B41 D single attach.jpg,B41 D single attach,B41,Room,CLEAN,CLEAN,0.000438,3,384,spatial3_mean,2048,unweighted,0.25,correct,CLEAN,NEAT,Tiles clean and shiny with doormat and dustbin in place; no waste.,
B41 D single attach/IMG_20260918_111416.jpg,IMG_20260918_111416.jpg,B41 D single attach,B41,Room,CLEAN,CLEAN,0.09107,3,384,spatial3_mean,2048,unweighted,0.25,correct,CLEAN,NEAT,Bed neatly covered with a bag and cushion on it; floor clean.,
B41 D single attach/IMG_20260918_111425.jpg,IMG_20260918_111425.jpg,B41 D single attach,B41,Room,CLEAN,CLEAN,0.00793,3,384,spatial3_mean,2048,unweighted,0.25,correct,CLEAN,NEAT,Clean reflective floor with dustbin by the balcony door; no debris or stains.,
B41 D single attach/IMG_20260918_111442.jpg,IMG_20260918_111442.jpg,B41 D single attach,B41,Room,CLEAN,CLEAN,0.003245,3,384,spatial3_mean,2048,unweighted,0.25,correct,CLEAN,NEAT,Desk with a bottle and charger; floor clear of waste.,
B41 D single attach/IMG_20260918_111500.jpg,IMG_20260918_111500.jpg,B41 D single attach,B41,Room,CLEAN,CLEAN,0.022998,3,384,spatial3_mean,2048,unweighted,0.25,correct,CLEAN,NEAT,Suitcase stored on the wardrobe and slippers kept beside it; floor clean.,
B41 D single attach/IMG_20260918_111507.jpg,IMG_20260918_111507.jpg,B41 D single attach,B41,Room,CLEAN,CLEAN,0.000594,3,384,spatial3_mean,2048,unweighted,0.25,correct,CLEAN,NEAT,Bed with pillow and folded cloth; no waste visible.,
B41 D single attach/IMG_20260918_111517.jpg,IMG_20260918_111517.jpg,B41 D single attach,B41,Room,CLEAN,CLEAN,0.024362,3,384,spatial3_mean,2048,unweighted,0.25,correct,CLEAN,NEAT,Backpack and cushion on the covered bed - normal belongings; floor clean.,
B41 D single attach/IMG_20260918_111527.jpg,IMG_20260918_111527.jpg,B41 D single attach,B41,Room,CLEAN,CLEAN,0.001949,3,384,spatial3_mean,2048,unweighted,0.25,correct,CLEAN,NEAT,Entry area with doormat and dustbin; tiles clean with no litter.,
C21 A single common/IMG_20260918_113220.jpg,IMG_20260918_113220.jpg,C21 A single common,C21,Room,NOT_CLEAN,CLEAN,0.113223,4,384,spatial3_mean,2048,unweighted,0.13,false_negative,NOT_FULLY_VISIBLE,NOT_NEAT,"A crushed empty bottle, a used tissue roll and a wrapper are left lying on the desk - visible waste that has not been cleared.",
C21 A single common/IMG_20260918_113224.jpg,IMG_20260918_113224.jpg,C21 A single common,C21,Room,CLEAN,CLEAN,0.00838,4,384,spatial3_mean,2048,unweighted,0.13,correct,CLEAN,NEAT,Cabinet with toiletries and bed corner; visible floor clear of waste and debris.,Marks on wall - maintenance
C21 A single common/IMG_20260918_113231.jpg,IMG_20260918_113231.jpg,C21 A single common,C21,Room,CLEAN,NOT_CLEAN,0.255351,4,384,spatial3_mean,2048,unweighted,0.13,false_positive,NOT_FULLY_VISIBLE,NEAT,Bed with pillow and bedcover; nothing dirty or discarded visible.,
C21 A single common/IMG_20260918_113239.jpg,IMG_20260918_113239.jpg,C21 A single common,C21,Room,CLEAN,CLEAN,0.053288,4,384,spatial3_mean,2048,unweighted,0.13,correct,CLEAN,NEAT,Bed with blanket and chair with towel; visible floor clear of waste.,
C21 A single common/IMG_20260918_113243.jpg,IMG_20260918_113243.jpg,C21 A single common,C21,Room,CLEAN,CLEAN,0.023324,4,384,spatial3_mean,2048,unweighted,0.13,correct,CLEAN,NEAT,Doorway with slippers kept at the side; floor clear of litter.,
C21 A single common/IMG_20260918_113250.jpg,IMG_20260918_113250.jpg,C21 A single common,C21,Room,NOT_CLEAN,CLEAN,0.014941,4,384,spatial3_mean,2048,unweighted,0.13,false_negative,DIRTY,NOT_NEAT,A dried spill/residue patch and a small lid lie on the floor in the desk corner and an empty bottle with a tissue roll is left on the desk - the corner has not been cleaned.,Grimy skirting - maintenance
C21 B double attach/C21 B double attach.jpg,C21 B double attach.jpg,C21 B double attach,C21,Room,CLEAN,CLEAN,0.018844,4,384,spatial3_mean,2048,unweighted,0.13,correct,CLEAN,NEAT,Helmet and suitcase stored on the wardrobe; floor clean and clear.,
C21 B double attach/IMG_20260918_113357.jpg,IMG_20260918_113357.jpg,C21 B double attach,C21,Room,CLEAN,CLEAN,0.012877,4,384,spatial3_mean,2048,unweighted,0.13,correct,CLEAN,NEAT,"Clothes on a wall hook, folded clothes on the bed, doormat in place; tiles clean with no waste.",Damp/mould at wall base - maintenance
C21 B double attach/IMG_20260918_113400.jpg,IMG_20260918_113400.jpg,C21 B double attach,C21,Room,CLEAN,CLEAN,0.002044,4,384,spatial3_mean,2048,unweighted,0.13,correct,CLEAN,NEAT,Two beds with bedding and folded clothes and a rug on the floor; no waste or dirt.,
C21 B double attach/IMG_20260918_113408.jpg,IMG_20260918_113408.jpg,C21 B double attach,C21,Room,CLEAN,CLEAN,0.00044,4,384,spatial3_mean,2048,unweighted,0.13,correct,CLEAN,NEAT,"Bed with pillows and clothes, cabinet and box beside it; floor clean.",
C21 B double attach/IMG_20260918_113413.jpg,IMG_20260918_113413.jpg,C21 B double attach,C21,Room,CLEAN,CLEAN,0.014236,4,384,spatial3_mean,2048,unweighted,0.13,correct,CLEAN,NEAT,"Desk with bottle, bag on the chair, stool stored under the desk.",
C21 B double attach/IMG_20260918_113416.jpg,IMG_20260918_113416.jpg,C21 B double attach,C21,Room,CLEAN,CLEAN,0.001952,4,384,spatial3_mean,2048,unweighted,0.13,correct,CLEAN,NEAT,Desk and wardrobe in order; floor clean with no debris.,
C21 B double attach/IMG_20260918_113422.jpg,IMG_20260918_113422.jpg,C21 B double attach,C21,Room,CLEAN,CLEAN,0.000838,4,384,spatial3_mean,2048,unweighted,0.13,correct,CLEAN,NEAT,"Wide view: beds and desk in use, floor clean and free of waste.",
C21 B double attach/IMG_20260918_113430.jpg,IMG_20260918_113430.jpg,C21 B double attach,C21,Room,CLEAN,CLEAN,0.001176,4,384,spatial3_mean,2048,unweighted,0.13,correct,CLEAN,NEAT,Bathroom doorway; tiles clean and clear of litter.,
C21 B double attach/IMG_20260918_113433.jpg,IMG_20260918_113433.jpg,C21 B double attach,C21,Room,CLEAN,CLEAN,0.000367,4,384,spatial3_mean,2048,unweighted,0.13,correct,CLEAN,NEAT,"Floor mat by the bed, clean tiles, nothing discarded.",
C21 B double attach/IMG_20260918_113438.jpg,IMG_20260918_113438.jpg,C21 B double attach,C21,Room,CLEAN,CLEAN,0.001857,4,384,spatial3_mean,2048,unweighted,0.13,correct,CLEAN,NEAT,Door with doormat and clothes hanging; floor clean.,Damp/peeling at wall base - maintenance
C21 C double common/Kitchen/IMG_20260918_112605.jpg,IMG_20260918_112605.jpg,C21 C double common,C21,Kitchen,NOT_CLEAN,NOT_CLEAN,0.2774,4,384,spatial3_mean,2048,unweighted,0.13,correct,CLEAN,NOT_NEAT,The appliance/fridge top is visibly soiled with brown residue and crumbs and has not been wiped; devices standing on it are stained too.,
C21 C double common/Kitchen/IMG_20260918_112611.jpg,IMG_20260918_112611.jpg,C21 C double common,C21,Kitchen,CLEAN,NOT_CLEAN,0.404351,4,384,spatial3_mean,2048,unweighted,0.13,false_positive,CLEAN,NEAT,"Kitchen area clean with no visible residue or waste; counter vessels, dustbins and mat are normal household use and the floor is clean.",
C21 C double common/Kitchen/IMG_20260918_112616.jpg,IMG_20260918_112616.jpg,C21 C double common,C21,Kitchen,NOT_CLEAN,NOT_CLEAN,0.999981,4,384,spatial3_mean,2048,unweighted,0.13,correct,CLEAN,NOT_NEAT,"Unwashed vessels - bowl with knife, cooker, plates, pan - left on the counter with visible crumbs and food residue across the slab.",
C21 C double common/Kitchen/IMG_20260918_112620.jpg,IMG_20260918_112620.jpg,C21 C double common,C21,Kitchen,CLEAN,CLEAN,0.000314,4,384,spatial3_mean,2048,unweighted,0.13,correct,CLEAN,NEAT,"Clothes on a drying stand - normal common-area use, not dirt; floor tiles clean with no waste.",
C21 C double common/Kitchen/IMG_20260918_112629.jpg,IMG_20260918_112629.jpg,C21 C double common,C21,Kitchen,CLEAN,CLEAN,0.01865,4,384,spatial3_mean,2048,unweighted,0.13,correct,CLEAN,NEAT,"Drying stand, shoe stand and footwear at the doorway; floor clean, nothing discarded.",
C21 C double common/Kitchen/IMG_20260918_112638.jpg,IMG_20260918_112638.jpg,C21 C double common,C21,Kitchen,CLEAN,NOT_CLEAN,0.998668,4,384,spatial3_mean,2048,unweighted,0.13,false_positive,CLEAN,NEAT,Sink and counter reasonably clean with bottles and vessels in normal use; no food residue or waste on the floor.,"Broken/blackened plaster under the counter - maintenance, not housekeeping dirt"
C21 C double common/C21 C double Common.jpg,C21 C double Common.jpg,C21 C double common,C21,Room,CLEAN,CLEAN,0.012834,4,384,spatial3_mean,2048,unweighted,0.13,correct,CLEAN,NEAT,Ironing board stored on the wardrobe and jeans over a chair; floor clean with no waste.,
C21 C double common/IMG_20260918_112714.jpg,IMG_20260918_112714.jpg,C21 C double common,C21,Room,CLEAN,CLEAN,0.086564,4,384,spatial3_mean,2048,unweighted,0.13,correct,CLEAN,NEAT,"Bed with a storage box, chair and stool in place; tiles clean.",
C21 C double common/IMG_20260918_112717.jpg,IMG_20260918_112717.jpg,C21 C double common,C21,Room,CLEAN,NOT_CLEAN,0.162896,4,384,spatial3_mean,2048,unweighted,0.13,false_positive,CLEAN,NEAT,"Bed and stool with clothes over it; floor clean, no debris.",
C21 C double common/IMG_20260918_112720.jpg,IMG_20260918_112720.jpg,C21 C double common,C21,Room,CLEAN,CLEAN,0.093412,4,384,spatial3_mean,2048,unweighted,0.13,correct,CLEAN,NEAT,Bed with bedding and box and a side cabinet; no waste visible.,Damp wall patch - maintenance
C21 C double common/IMG_20260918_112725.jpg,IMG_20260918_112725.jpg,C21 C double common,C21,Room,CLEAN,CLEAN,0.021229,4,384,spatial3_mean,2048,unweighted,0.13,correct,CLEAN,NEAT,Two beds with cabinets holding bottles and books; tiles clean.,Wall discolouration - maintenance
C21 C double common/IMG_20260918_112727.jpg,IMG_20260918_112727.jpg,C21 C double common,C21,Room,CLEAN,CLEAN,0.02284,4,384,spatial3_mean,2048,unweighted,0.13,correct,CLEAN,NEAT,Bed with bedcover and cabinet with personal items; nothing discarded.,
C21 C double common/IMG_20260918_112741.jpg,IMG_20260918_112741.jpg,C21 C double common,C21,Room,CLEAN,CLEAN,0.000551,4,384,spatial3_mean,2048,unweighted,0.13,correct,NOT_FULLY_VISIBLE,NEAT,Bed with quilt spread on it; no waste or dirt visible.,
C21 C double common/IMG_20260918_112745.jpg,IMG_20260918_112745.jpg,C21 C double common,C21,Room,CLEAN,CLEAN,0.067776,4,384,spatial3_mean,2048,unweighted,0.13,correct,CLEAN,NEAT,"Beds, cabinets and a stored carton; floor clear of litter.",
C21 C double common/IMG_20260918_112750.jpg,IMG_20260918_112750.jpg,C21 C double common,C21,Room,CLEAN,CLEAN,0.027542,4,384,spatial3_mean,2048,unweighted,0.13,correct,CLEAN,NEAT,Bed with folded clothes and footwear kept at the doorway; floor clean.,
C21 C double common/IMG_20260918_112755.jpg,IMG_20260918_112755.jpg,C21 C double common,C21,Room,CLEAN,NOT_CLEAN,0.444773,4,384,spatial3_mean,2048,unweighted,0.13,false_positive,CLEAN,NEAT,"Desk with bottles and toiletries and a wardrobe; floor clean, no waste.",
C21 C double common/IMG_20260918_112759.jpg,IMG_20260918_112759.jpg,C21 C double common,C21,Room,CLEAN,CLEAN,0.001497,4,384,spatial3_mean,2048,unweighted,0.13,correct,CLEAN,NEAT,"Bed with bedcover, cabinet with books and bottles and a paper bag beside it; floor clean.",Dark marks on wall - maintenance
C21 D single attach/C21 D single attach.jpg,C21 D single attach.jpg,C21 D single attach,C21,Room,CLEAN,CLEAN,0.000132,4,384,spatial3_mean,2048,unweighted,0.13,correct,NOT_FULLY_VISIBLE,NEAT,Wardrobe and wall; visible floor clear with nothing discarded.,
C21 D single attach/IMG_20260918_112920.jpg,IMG_20260918_112920.jpg,C21 D single attach,C21,Room,CLEAN,NOT_CLEAN,0.845787,4,384,spatial3_mean,2048,unweighted,0.13,false_positive,CLEAN,NEAT,Tiles clean and shiny with mat and drying stand; storage rack against the wall.,
C21 D single attach/IMG_20260918_112926.jpg,IMG_20260918_112926.jpg,C21 D single attach,C21,Room,CLEAN,NOT_CLEAN,0.668767,4,384,spatial3_mean,2048,unweighted,0.13,false_positive,CLEAN,NEAT,Desk with bottles and toiletries and cartons stacked on the rack; floor clean.,
C21 D single attach/IMG_20260918_112934.jpg,IMG_20260918_112934.jpg,C21 D single attach,C21,Room,CLEAN,NOT_CLEAN,0.179299,4,384,spatial3_mean,2048,unweighted,0.13,false_positive,CLEAN,NEAT,Bed with blanket and a rack with bottles beside it; no waste.,Wall stain - maintenance
C21 D single attach/IMG_20260918_112938.jpg,IMG_20260918_112938.jpg,C21 D single attach,C21,Room,CLEAN,NOT_CLEAN,0.744284,4,384,spatial3_mean,2048,unweighted,0.13,false_positive,CLEAN,NEAT,Desk with organised bottles and plate and cartons on the rack; floor clean with no litter.,Chipped desk panel - maintenance
C21 D single attach/IMG_20260918_112950.jpg,IMG_20260918_112950.jpg,C21 D single attach,C21,Room,CLEAN,CLEAN,0.064592,4,384,spatial3_mean,2048,unweighted,0.13,correct,CLEAN,NEAT,Storage rack with hangers and boxes kept in order; floor clean.,
C21 D single attach/IMG_20260918_112954.jpg,IMG_20260918_112954.jpg,C21 D single attach,C21,Room,CLEAN,NOT_CLEAN,0.31796,4,384,spatial3_mean,2048,unweighted,0.13,false_positive,CLEAN,NEAT,"Wardrobe and rack with a floor mat by the door and a cloth on the floor; tiles clean, no waste.",
C21 D single attach/IMG_20260918_113000.jpg,IMG_20260918_113000.jpg,C21 D single attach,C21,Room,CLEAN,NOT_CLEAN,0.191997,4,384,spatial3_mean,2048,unweighted,0.13,false_positive,NOT_FULLY_VISIBLE,NEAT,Bed corner with bottles on the cabinet; no residue or waste visible.,Damp stain - maintenance
C31 B double attach/C31 b double attach.jpg,C31 b double attach.jpg,C31 B double attach,C31,Room,NOT_CLEAN,NOT_CLEAN,0.677299,5,384,spatial3_mean,2048,unweighted,0.09,correct,CLEAN,NOT_NEAT,"Tiles are clean with no dirt or garbage, but cooking vessels, cables, a racket, bags and a bottle are piled directly on the floor in the corner with packaging and an empty wrapper on the table - the room looks untidy.",
C31 B double attach/IMG_20260918_114321.jpg,IMG_20260918_114321.jpg,C31 B double attach,C31,Room,NOT_CLEAN,CLEAN,0.082813,5,384,spatial3_mean,2048,unweighted,0.09,false_negative,CLEAN,NOT_NEAT,"Opened carton with papers on the floor by the fridge, backpack dropped beside it, slippers loose and suitcase in the walkway; tiles themselves clean.",
C31 B double attach/IMG_20260918_114326.jpg,IMG_20260918_114326.jpg,C31 B double attach,C31,Room,NOT_CLEAN,CLEAN,0.021641,5,384,spatial3_mean,2048,unweighted,0.09,false_negative,CLEAN,NOT_NEAT,"Bedding tangled across the bed, packaging carton on the table, bag pushed under it and slippers on the floor.",
C31 B double attach/IMG_20260918_114331.jpg,IMG_20260918_114331.jpg,C31 B double attach,C31,Room,NOT_CLEAN,CLEAN,0.048835,5,384,spatial3_mean,2048,unweighted,0.09,false_negative,CLEAN,NOT_NEAT,"Bed unmade with bedding loose, opened package on the table and bags underneath; tiles clean but the room is visibly unarranged.",
C31 B double attach/IMG_20260918_114344.jpg,IMG_20260918_114344.jpg,C31 B double attach,C31,Room,NOT_CLEAN,NOT_CLEAN,0.434917,5,384,spatial3_mean,2048,unweighted,0.09,correct,NOT_FULLY_VISIBLE,NOT_NEAT,"Bedding, clothes, a power strip and a plastic bag tangled together across the whole bed.",
C31 B double attach/IMG_20260918_114348.jpg,IMG_20260918_114348.jpg,C31 B double attach,C31,Room,NOT_CLEAN,NOT_CLEAN,0.970228,5,384,spatial3_mean,2048,unweighted,0.09,correct,CLEAN,NOT_NEAT,"Torn shoe box and bottles on the wardrobes, vessels and cables piled on the floor and opened packaging on the ledge.",
C31 B double attach/IMG_20260918_114351.jpg,IMG_20260918_114351.jpg,C31 B double attach,C31,Room,NOT_CLEAN,NOT_CLEAN,0.097827,5,384,spatial3_mean,2048,unweighted,0.09,correct,CLEAN,NOT_NEAT,"Floor tiles visibly clean, but the corner holds vessels, cables and a bag on the floor with a slipper mid-room and a cloth thrown over the bed.",
C31 B double attach/IMG_20260918_114356.jpg,IMG_20260918_114356.jpg,C31 B double attach,C31,Room,CLEAN,CLEAN,0.007411,5,384,spatial3_mean,2048,unweighted,0.09,correct,CLEAN,NEAT,"Clean tiles with a suitcase stood against the wall, coat on the door and folded bedding - belongings reasonably placed, no waste.",
C31 C double Common/IMG_20260918_113835.jpg,IMG_20260918_113835.jpg,C31 C double Common,C31,Room,CLEAN,CLEAN,0.000616,5,384,spatial3_mean,2048,unweighted,0.09,correct,CLEAN,NEAT,"Tiles clean with no housekeeping dirt or waste; suitcase stood upright, clothes on the bed and shoes together - reasonably arranged.",
C31 C double Common/IMG_20260918_113838.jpg,IMG_20260918_113838.jpg,C31 C double Common,C31,Room,CLEAN,CLEAN,0.00374,5,384,spatial3_mean,2048,unweighted,0.09,correct,CLEAN,NEAT,Floor tiles clean and no garbage; clothes on the bed with backpack and slippers beside it are normal belongings reasonably placed.,
C31 C double Common/IMG_20260918_113846.jpg,IMG_20260918_113846.jpg,C31 C double Common,C31,Room,CLEAN,CLEAN,0.001213,5,384,spatial3_mean,2048,unweighted,0.09,correct,CLEAN,NEAT,One pile of clothes on the mattress; floor clean and empty with nothing discarded.,
C31 C double Common/IMG_20260918_113854.jpg,IMG_20260918_113854.jpg,C31 C double Common,C31,Room,CLEAN,CLEAN,0.000878,5,384,spatial3_mean,2048,unweighted,0.09,correct,CLEAN,NEAT,A few garments on the mattress and a closed cabinet; floor clean.,
C31 C double Common/IMG_20260918_113857.jpg,IMG_20260918_113857.jpg,C31 C double Common,C31,Room,CLEAN,NOT_CLEAN,0.119958,5,384,spatial3_mean,2048,unweighted,0.09,false_positive,CLEAN,NEAT,Bare mattress and open doorway; tiles clean and clear.,
C31 C double Common/IMG_20260918_113901.jpg,IMG_20260918_113901.jpg,C31 C double Common,C31,Room,CLEAN,NOT_CLEAN,0.254595,5,384,spatial3_mean,2048,unweighted,0.09,false_positive,CLEAN,NEAT,"Blanket and clothes on the bed, snack packet and papers on the cabinet, backpack beside it; no waste on the floor and no residue.",Wall marks - maintenance
C31 C double Common/IMG_20260918_113909.jpg,IMG_20260918_113909.jpg,C31 C double Common,C31,Room,CLEAN,CLEAN,0.00286,5,384,spatial3_mean,2048,unweighted,0.09,correct,CLEAN,NEAT,"Desk with laptop, suitcase and shoes by the wardrobe and clothes on hooks; tiles clean.",
C31 C double Common/IMG_20260918_113912.jpg,IMG_20260918_113912.jpg,C31 C double Common,C31,Room,CLEAN,CLEAN,0.003207,5,384,spatial3_mean,2048,unweighted,0.09,correct,CLEAN,NEAT,"Study corner with laptop and bottle, clothes hanging and luggage below; nothing discarded.",
C31 D single attach/IMG_20260918_114047.jpg,IMG_20260918_114047.jpg,C31 D single attach,C31,Room,CLEAN,CLEAN,2.4e-05,5,384,spatial3_mean,2048,unweighted,0.09,correct,CLEAN,NEAT,Tiles clean and reflective with wardrobe and fridge against the wall; nothing discarded.,
C31 D single attach/IMG_20260918_114050.jpg,IMG_20260918_114050.jpg,C31 D single attach,C31,Room,CLEAN,CLEAN,0.000308,5,384,spatial3_mean,2048,unweighted,0.09,correct,CLEAN,NEAT,Clean shiny floor with doormat; no litter or residue.,
C31 D single attach/IMG_20260918_114054.jpg,IMG_20260918_114054.jpg,C31 D single attach,C31,Room,CLEAN,CLEAN,0.01446,5,384,spatial3_mean,2048,unweighted,0.09,correct,CLEAN,NEAT,"Table with iron, bottles and a snack packet and a towel over the chair; floor clean with no waste.",
C31 D single attach/IMG_20260918_114058.jpg,IMG_20260918_114058.jpg,C31 D single attach,C31,Room,CLEAN,CLEAN,0.000474,5,384,spatial3_mean,2048,unweighted,0.09,correct,NOT_FULLY_VISIBLE,NEAT,Bed with pillows and bedcover and a coat on the hook; nothing dirty or discarded.,
C31 D single attach/IMG_20260918_114111.jpg,IMG_20260918_114111.jpg,C31 D single attach,C31,Room,CLEAN,CLEAN,0.010338,5,384,spatial3_mean,2048,unweighted,0.09,correct,CLEAN,NEAT,Wardrobe and cabinet; tiles clean and clear.,
C31 D single attach/IMG_20260918_114115.jpg,IMG_20260918_114115.jpg,C31 D single attach,C31,Room,CLEAN,CLEAN,0.004431,5,384,spatial3_mean,2048,unweighted,0.09,correct,CLEAN,NEAT,Door area with doormat; floor clean with no litter.,Peeling/damp at wall base - maintenance
C31 D single attach/IMG_20260918_114120.jpg,IMG_20260918_114120.jpg,C31 D single attach,C31,Room,CLEAN,CLEAN,0.012297,5,384,spatial3_mean,2048,unweighted,0.09,correct,CLEAN,NEAT,"Bed with clothes, towel, bottle, comb and remote - normal belongings; floor clean with no waste.",
C31 D single attach/IMG_20260918_114127.jpg,IMG_20260918_114127.jpg,C31 D single attach,C31,Room,CLEAN,CLEAN,0.000388,5,384,spatial3_mean,2048,unweighted,0.09,correct,CLEAN,NEAT,Door and wardrobe with doormat on clean tiles; no waste or dirt visible.,Peeling paint at wall base - maintenance
A33 A single attach/A33 A Single attach. .jpg,A33 A Single attach. .jpg,A33 A single attach,A33,Room,CLEAN,CLEAN,0.005277,1,384,spatial3_mean,2048,class_weighted,0.16,correct,CLEAN,NEAT,Tiles are clean with only a doormat; no visible housekeeping dirt or waste.,
A33 A single attach/IMG_20260918_104751.jpg,IMG_20260918_104751.jpg,A33 A single attach,A33,Room,CLEAN,CLEAN,0.069004,1,384,spatial3_mean,2048,class_weighted,0.16,correct,CLEAN,NEAT,Open floor clean with no debris; suitcase stood against the wall and a few desk items reasonably arranged.,
A33 A single attach/IMG_20260918_104756.jpg,IMG_20260918_104756.jpg,A33 A single attach,A33,Room,CLEAN,CLEAN,0.011689,1,384,spatial3_mean,2048,class_weighted,0.16,correct,CLEAN,NEAT,"Floor clean and free of waste; bed covered, desks hold bottles and small items in order.",
A33 A single attach/IMG_20260918_104801.jpg,IMG_20260918_104801.jpg,A33 A single attach,A33,Room,CLEAN,CLEAN,0.099734,1,384,spatial3_mean,2048,class_weighted,0.16,correct,CLEAN,NEAT,"No dirt, residue or waste visible; helmet and a few clothes rest on the made bed.",
A33 A single attach/IMG_20260918_104805.jpg,IMG_20260918_104805.jpg,A33 A single attach,A33,Room,CLEAN,NOT_CLEAN,0.355741,1,384,spatial3_mean,2048,class_weighted,0.16,false_positive,CLEAN,NEAT,Floor clean with no waste; clothes and helmet on the bed are normal belongings.,
A33 A single attach/IMG_20260918_104828.jpg,IMG_20260918_104828.jpg,A33 A single attach,A33,Room,CLEAN,NOT_CLEAN,0.160785,1,384,spatial3_mean,2048,class_weighted,0.16,false_positive,CLEAN,NEAT,Wardrobe area clean with one bottle standing on the floor; no debris or residue.,
A33 C double common/A33 C double Common.jpg,A33 C double Common.jpg,A33 C double common,A33,Room,CLEAN,CLEAN,0.003501,1,384,spatial3_mean,2048,class_weighted,0.16,correct,NOT_FULLY_VISIBLE,NEAT,"Bed with blanket, small carton on the side table and towels at the window; nothing dirty or discarded visible.",
A33 C double common/IMG_20260918_105110.jpg,IMG_20260918_105110.jpg,A33 C double common,A33,Room,CLEAN,CLEAN,0.009338,1,384,spatial3_mean,2048,class_weighted,0.16,correct,CLEAN,NEAT,"Floor clean with no waste; desk and chair clear, blanket left bunched on the bed only.",
A33 C double common/IMG_20260918_105117.jpg,IMG_20260918_105117.jpg,A33 C double common,A33,Room,CLEAN,CLEAN,0.036824,1,384,spatial3_mean,2048,class_weighted,0.16,correct,CLEAN,NEAT,"Tiles clean, no housekeeping dirt; bedding loose on the bed.",
A33 C double common/IMG_20260918_105124.jpg,IMG_20260918_105124.jpg,A33 C double common,A33,Room,CLEAN,CLEAN,0.003729,1,384,spatial3_mean,2048,class_weighted,0.16,correct,CLEAN,NEAT,"Suitcase stored on the wardrobe and a bottle above; floor clean, no waste.",
A33 C double common/IMG_20260918_105135.jpg,IMG_20260918_105135.jpg,A33 C double common,A33,Room,CLEAN,CLEAN,0.033866,1,384,spatial3_mean,2048,class_weighted,0.16,correct,CLEAN,NEAT,Desks and chairs in place with a cable along the floor; no waste or dirt visible.,
A33 C double common/IMG_20260918_105143.jpg,IMG_20260918_105143.jpg,A33 C double common,A33,Room,CLEAN,NOT_CLEAN,0.271924,1,384,spatial3_mean,2048,class_weighted,0.16,false_positive,CLEAN,NEAT,A few clothes on the bed and a weighing scale on the floor; floor clean.,
A33 C double common/IMG_20260918_105157.jpg,IMG_20260918_105157.jpg,A33 C double common,A33,Room,NOT_CLEAN,CLEAN,0.022311,1,384,spatial3_mean,2048,class_weighted,0.16,false_negative,CLEAN,NOT_NEAT,"A large crumpled brown packing cover lies discarded on the floor beside the suitcase - visible waste material, so the area is not clean. Tiles themselves are clean.",
A33 C double common/IMG_20260918_105203.jpg,IMG_20260918_105203.jpg,A33 C double common,A33,Room,NOT_CLEAN,NOT_CLEAN,0.489001,1,384,spatial3_mean,2048,class_weighted,0.16,correct,CLEAN,NOT_NEAT,Closer view of the same discarded packing cover spread loose across the floor.,
A33 C double common/IMG_20260918_105215.jpg,IMG_20260918_105215.jpg,A33 C double common,A33,Room,CLEAN,CLEAN,0.030291,1,384,spatial3_mean,2048,class_weighted,0.16,correct,CLEAN,NEAT,"Cabinet with utensils, clothes on a hook, scale on the floor; no waste or residue.",
A33 C double common/IMG_20260918_105219.jpg,IMG_20260918_105219.jpg,A33 C double common,A33,Room,CLEAN,CLEAN,0.138667,1,384,spatial3_mean,2048,class_weighted,0.16,correct,CLEAN,NEAT,Floor clean and clear; clothes hanging behind the door.,
A33 C double common/IMG_20260918_105224.jpg,IMG_20260918_105224.jpg,A33 C double common,A33,Room,CLEAN,NOT_CLEAN,0.350283,1,384,spatial3_mean,2048,class_weighted,0.16,false_positive,CLEAN,NEAT,Carton and luggage stored beside the bed; no garbage or dirt visible.,Damp patch on wall - maintenance
A33 C double common/IMG_20260918_105241.jpg,IMG_20260918_105241.jpg,A33 C double common,A33,Room,CLEAN,CLEAN,0.000324,1,384,spatial3_mean,2048,class_weighted,0.16,correct,CLEAN,NEAT,"Window wall and doorway; floor clean, nothing discarded.",
A33 C double common/IMG_20260918_105245.jpg,IMG_20260918_105245.jpg,A33 C double common,A33,Room,CLEAN,CLEAN,0.00202,1,384,spatial3_mean,2048,class_weighted,0.16,correct,CLEAN,NEAT,"Wide view: bed made, suitcase on the wardrobe, floor clean.",
A34 A single attach/A34 A Single attach.jpg,A34 A Single attach.jpg,A34 A single attach,A34,Room,CLEAN,CLEAN,0.018588,2,384,spatial3_mean,2048,class_weighted,0.06,correct,CLEAN,NEAT,Bed corner with folded bedding; no waste and the visible floor is clean.,Wall holes and marks - maintenance
A34 A single attach/IMG_20260918_104319.jpg,IMG_20260918_104319.jpg,A34 A single attach,A34,Room,CLEAN,NOT_CLEAN,0.141122,2,384,spatial3_mean,2048,class_weighted,0.06,false_positive,CLEAN,NEAT,"Desk, paper bags and stool kept together in the corner; floor clean, no waste.",
A34 A single attach/IMG_20260918_104324.jpg,IMG_20260918_104324.jpg,A34 A single attach,A34,Room,CLEAN,CLEAN,0.027075,2,384,spatial3_mean,2048,class_weighted,0.06,correct,CLEAN,NEAT,Large open floor area clean and clear of debris.,
A34 A single attach/IMG_20260918_104330.jpg,IMG_20260918_104330.jpg,A34 A single attach,A34,Room,CLEAN,CLEAN,0.00016,2,384,spatial3_mean,2048,class_weighted,0.06,correct,CLEAN,NEAT,Desk with computer and towel folded on the chair; floor clean.,
A34 A single attach/IMG_20260918_104334.jpg,IMG_20260918_104334.jpg,A34 A single attach,A34,Room,CLEAN,CLEAN,0.002143,2,384,spatial3_mean,2048,class_weighted,0.06,correct,CLEAN,NEAT,Bed made with a few clothes on it; no waste or residue.,
A34 A single attach/IMG_20260918_104337.jpg,IMG_20260918_104337.jpg,A34 A single attach,A34,Room,CLEAN,CLEAN,0.001207,2,384,spatial3_mean,2048,class_weighted,0.06,correct,CLEAN,NEAT,"Bed covered, floor clean, nothing discarded.",
A34 A single attach/IMG_20260918_104358.jpg,IMG_20260918_104358.jpg,A34 A single attach,A34,Room,CLEAN,CLEAN,0.059238,2,384,spatial3_mean,2048,class_weighted,0.06,correct,CLEAN,NEAT,Desk in use with a box stored underneath; no debris on the floor.,
A34 A single attach/IMG_20260918_104414.jpg,IMG_20260918_104414.jpg,A34 A single attach,A34,Room,CLEAN,CLEAN,2.6e-05,2,384,spatial3_mean,2048,class_weighted,0.06,correct,CLEAN,NEAT,Doorway with doormat and luggage against the wall; floor clean.,
A34 A single attach/IMG_20260918_104444.jpg,IMG_20260918_104444.jpg,A34 A single attach,A34,Room,CLEAN,CLEAN,0.00284,2,384,spatial3_mean,2048,class_weighted,0.06,correct,CLEAN,NEAT,"Utility corner with ironing board, rack and bucket arranged along the wall; floor clean.",
A34 A single attach/IMG_20260918_104514.jpg,IMG_20260918_104514.jpg,A34 A single attach,A34,Room,CLEAN,CLEAN,0.001676,2,384,spatial3_mean,2048,class_weighted,0.06,correct,CLEAN,NEAT,Storage corner kept in order; no waste or dirt visible.,
A34 B double attach/A34 B double attach.jpg,A34 B double attach.jpg,A34 B double attach,A34,Room,NOT_CLEAN,NOT_CLEAN,0.483353,2,384,spatial3_mean,2048,class_weighted,0.06,correct,CLEAN,NOT_NEAT,"Tiles are clean with no housekeeping dirt, but clothes are dumped over a chair and over storage boxes with cartons and a jar crowding the corner - the room looks untidy.",
A34 B double attach/IMG_20260918_103815.jpg,IMG_20260918_103815.jpg,A34 B double attach,A34,Room,NOT_CLEAN,CLEAN,0.014089,2,384,spatial3_mean,2048,class_weighted,0.06,false_negative,CLEAN,NOT_NEAT,"Tiles clean, but five-plus pairs of shoes and a slipper lie spread across the floor, a yellow bag is dropped on the tiles and clothes are strewn over a bare mattress.",
A34 B double attach/IMG_20260918_103820.jpg,IMG_20260918_103820.jpg,A34 B double attach,A34,Room,NOT_CLEAN,NOT_CLEAN,0.176701,2,384,spatial3_mean,2048,class_weighted,0.06,correct,CLEAN,NOT_NEAT,"Clothes heaped over both mattresses, shoes and a bag on the floor, a packet left on the mattress; floor itself clean.",
A34 B double attach/IMG_20260918_103827.jpg,IMG_20260918_103827.jpg,A34 B double attach,A34,Room,NOT_CLEAN,CLEAN,0.014766,2,384,spatial3_mean,2048,class_weighted,0.06,false_negative,CLEAN,NOT_NEAT,"Clothes and a steel vessel dumped on the chair, slippers loose on the floor, mattress standing across the bathroom doorway.",
A34 B double attach/IMG_20260918_103844.jpg,IMG_20260918_103844.jpg,A34 B double attach,A34,Room,NOT_CLEAN,CLEAN,0.007547,2,384,spatial3_mean,2048,class_weighted,0.06,false_negative,CLEAN,NOT_NEAT,"A cloth is thrown over the chair and trails onto the floor, with further scattered items and bottles visible in the room beyond.",
A34 B double attach/IMG_20260918_103854.jpg,IMG_20260918_103854.jpg,A34 B double attach,A34,Room,NOT_CLEAN,NOT_CLEAN,0.34169,2,384,spatial3_mean,2048,class_weighted,0.06,correct,CLEAN,NOT_NEAT,"Two open suitcases on the floor with contents spilling out, shoes scattered around them, clothes heaped on the mattress.",
A34 B double attach/IMG_20260918_103858.jpg,IMG_20260918_103858.jpg,A34 B double attach,A34,Room,NOT_CLEAN,NOT_CLEAN,0.182548,2,384,spatial3_mean,2048,class_weighted,0.06,correct,CLEAN,NOT_NEAT,"Open suitcase tipped onto the floor, yellow bag and slipper on the tiles, clothes across both mattresses.",
A34 B double attach/IMG_20260918_104015.jpg,IMG_20260918_104015.jpg,A34 B double attach,A34,Room,NOT_CLEAN,NOT_CLEAN,0.240511,2,384,spatial3_mean,2048,class_weighted,0.06,correct,CLEAN,NOT_NEAT,Clothes draped over two chairs with a carton and jar on the floor corner; tiles clean but the corner is unarranged.,
A34 B double attach/IMG_20260918_104031.jpg,IMG_20260918_104031.jpg,A34 B double attach,A34,Room,NOT_CLEAN,NOT_CLEAN,0.583676,2,384,spatial3_mean,2048,class_weighted,0.06,correct,CLEAN,NOT_NEAT,"Clothes over chairs, open suitcase on the floor, shoes below the bed; the room looks visibly untidy.",
B41 B double attach/B41  B Double attach.jpg,B41  B Double attach.jpg,B41 B double attach,B41,Room,CLEAN,CLEAN,0.075201,3,384,spatial3_mean,2048,class_weighted,0.44,correct,CLEAN,NEAT,"Desk with laptop and bottles, towel on the chair; floor clean and clear of waste.",
B41 B double attach/B41 B double attach. .jpg,B41 B double attach. .jpg,B41 B double attach,B41,Room,CLEAN,CLEAN,0.037307,3,384,spatial3_mean,2048,class_weighted,0.44,correct,CLEAN,NEAT,"Backpack kept on the floor and footwear on a rack; tiles clean, no debris.",
B41 B double attach/IMG_20260918_111705.jpg,IMG_20260918_111705.jpg,B41 B double attach,B41,Room,CLEAN,CLEAN,0.142216,3,384,spatial3_mean,2048,class_weighted,0.44,correct,CLEAN,NEAT,"Bed with bedding, suitcase beside it and shoes under the bed; no waste or residue.",
B41 B double attach/IMG_20260918_111711.jpg,IMG_20260918_111711.jpg,B41 B double attach,B41,Room,CLEAN,CLEAN,0.067585,3,384,spatial3_mean,2048,class_weighted,0.44,correct,CLEAN,NEAT,Bedding pulled back and shoes kept under the bed; floor clean.,
B41 B double attach/IMG_20260918_111715.jpg,IMG_20260918_111715.jpg,B41 B double attach,B41,Room,CLEAN,CLEAN,0.009018,3,384,spatial3_mean,2048,class_weighted,0.44,correct,CLEAN,NEAT,Study corner in use with a towel on the chair; no residue or debris.,
B41 B double attach/IMG_20260918_111718.jpg,IMG_20260918_111718.jpg,B41 B double attach,B41,Room,CLEAN,CLEAN,0.064158,3,384,spatial3_mean,2048,class_weighted,0.44,correct,CLEAN,NEAT,"Laptop and bottles on the desk, clothes on the bed, slippers at the bedside - reasonably placed.",
B41 B double attach/IMG_20260918_111720.jpg,IMG_20260918_111720.jpg,B41 B double attach,B41,Room,CLEAN,CLEAN,0.001948,3,384,spatial3_mean,2048,class_weighted,0.44,correct,CLEAN,NEAT,Towel hanging to dry and pillow on the bed; nothing discarded.,
B41 B double attach/IMG_20260918_111728.jpg,IMG_20260918_111728.jpg,B41 B double attach,B41,Room,CLEAN,CLEAN,0.114835,3,384,spatial3_mean,2048,class_weighted,0.44,correct,CLEAN,NEAT,"Doormat at the door, suitcase and shoes stored beside the bed; floor clean.",
B41 B double attach/IMG_20260918_111733.jpg,IMG_20260918_111733.jpg,B41 B double attach,B41,Room,CLEAN,CLEAN,0.004902,3,384,spatial3_mean,2048,class_weighted,0.44,correct,CLEAN,NEAT,Wardrobes with containers stored on top; floor clean and clear.,
B41 B double attach/IMG_20260918_111738.jpg,IMG_20260918_111738.jpg,B41 B double attach,B41,Room,CLEAN,CLEAN,0.002771,3,384,spatial3_mean,2048,class_weighted,0.44,correct,CLEAN,NEAT,"Iron kept on the shelf and clothes hanging; floor clean, no waste.",
B41 B double attach/IMG_20260918_111743.jpg,IMG_20260918_111743.jpg,B41 B double attach,B41,Room,CLEAN,NOT_CLEAN,0.868488,3,384,spatial3_mean,2048,class_weighted,0.44,false_positive,CLEAN,NEAT,Tiles clean; shoes under the bed and towel on the chair.,
B41 C double common/Kitchen/IMG_20260918_110949.jpg,IMG_20260918_110949.jpg,B41 C double common,B41,Kitchen,NOT_CLEAN,NOT_CLEAN,0.697273,3,384,spatial3_mean,2048,class_weighted,0.44,correct,CLEAN,NOT_NEAT,"Kitchen surfaces show visible dirty conditions: dried spilled residue across the fridge top, a tray and plastic bags of waste left on the counter, and a cloth lying on the floor.",
B41 C double common/Kitchen/IMG_20260918_111002.jpg,IMG_20260918_111002.jpg,B41 C double common,B41,Kitchen,NOT_CLEAN,NOT_CLEAN,0.99628,3,384,spatial3_mean,2048,class_weighted,0.44,correct,CLEAN,NOT_NEAT,Counter slab is stained and greasy along its length with food residue around the induction plate; vessels and jars sit in the residue and a cloth is dropped on the floor by the bin.,
B41 C double common/Kitchen/IMG_20260918_111005.jpg,IMG_20260918_111005.jpg,B41 C double common,B41,Kitchen,NOT_CLEAN,NOT_CLEAN,0.909281,3,384,spatial3_mean,2048,class_weighted,0.44,correct,CLEAN,NOT_NEAT,"Sink and surrounding slab show residue and grime, and a dirty cloth lies on the floor beside the washing machine.",Flaking plaster below the slab - maintenance
B41 C double common/Kitchen/IMG_20260918_111008.jpg,IMG_20260918_111008.jpg,B41 C double common,B41,Kitchen,CLEAN,CLEAN,0.209536,3,384,spatial3_mean,2048,class_weighted,0.44,correct,CLEAN,NEAT,"Kitchen/utility area is clean with no visible housekeeping dirt or waste; washing machine, shoe rack and clothes on a stool are normal household use.",
B41 C double common/Kitchen/IMG_20260918_111013.jpg,IMG_20260918_111013.jpg,B41 C double common,B41,Kitchen,CLEAN,CLEAN,0.003822,3,384,spatial3_mean,2048,class_weighted,0.44,correct,CLEAN,NEAT,"Clothes on a drying stand beside the doors are normal use, not a cleanliness problem; floor clean with no waste.",
B41 C double common/B 41 C  double common.jpg,B 41 C  double common.jpg,B41 C double common,B41,Room,NOT_CLEAN,CLEAN,0.140285,3,384,spatial3_mean,2048,class_weighted,0.44,false_negative,DIRTY,NOT_NEAT,"White paper debris lies on the floor tiles near the door, so the floor is not clean; cloth over a chair and bucket on the floor.",
B41 C double common/IMG_20260918_111123.jpg,IMG_20260918_111123.jpg,B41 C double common,B41,Room,CLEAN,CLEAN,0.010357,3,384,spatial3_mean,2048,class_weighted,0.44,correct,CLEAN,NEAT,"Wardrobe, umbrella opened to dry and bed with bedcover; no housekeeping dirt or waste visible.",
B41 C double common/IMG_20260918_111127.jpg,IMG_20260918_111127.jpg,B41 C double common,B41,Room,CLEAN,CLEAN,0.00617,3,384,spatial3_mean,2048,class_weighted,0.44,correct,NOT_FULLY_VISIBLE,NEAT,"Bedcover left rumpled with two garments on it and clothes hanging on wall hooks; no waste, residue or floor dirt visible - normal belongings.",Damp/peeling wall patch - maintenance
B41 C double common/IMG_20260918_111131.jpg,IMG_20260918_111131.jpg,B41 C double common,B41,Room,NOT_CLEAN,CLEAN,0.301963,3,384,spatial3_mean,2048,class_weighted,0.44,false_negative,CLEAN,NOT_NEAT,"Table crowded with bottles, packets and paper bags; clothes heaped on the bed and spilling onto the floor with a backpack among them.",Damp wall patch - maintenance
B41 C double common/IMG_20260918_111134.jpg,IMG_20260918_111134.jpg,B41 C double common,B41,Room,NOT_CLEAN,CLEAN,0.039161,3,384,spatial3_mean,2048,class_weighted,0.44,false_negative,CLEAN,NOT_NEAT,Bed covered by a pile of loose clothes with more items stacked on the side table.,Dark damp staining - maintenance
B41 C double common/IMG_20260918_111147.jpg,IMG_20260918_111147.jpg,B41 C double common,B41,Room,NOT_CLEAN,CLEAN,0.040547,3,384,spatial3_mean,2048,class_weighted,0.44,false_negative,DIRTY,NOT_NEAT,A crumpled tissue/paper piece lies on the floor tile - visible waste on the floor; cloths draped over the bed frame and chair.,
B41 C double common/IMG_20260918_111209.jpg,IMG_20260918_111209.jpg,B41 C double common,B41,Room,NOT_CLEAN,NOT_CLEAN,0.465532,3,384,spatial3_mean,2048,class_weighted,0.44,correct,CLEAN,NOT_NEAT,"Clothes heaped on the bed and dropped on the floor, paper bags and a backpack on the tiles, table crowded with bottles.",Damp stain - maintenance
B41 C double common/IMG_20260918_111216.jpg,IMG_20260918_111216.jpg,B41 C double common,B41,Room,CLEAN,CLEAN,0.000699,3,384,spatial3_mean,2048,class_weighted,0.44,correct,NOT_FULLY_VISIBLE,NEAT,Clothes hanging on the wall hook and bed with bedcover; no waste or housekeeping dirt visible.,Large damp/peeling patch - maintenance only
B41 C double common/IMG_20260918_111220.jpg,IMG_20260918_111220.jpg,B41 C double common,B41,Room,NOT_CLEAN,CLEAN,0.000598,3,384,spatial3_mean,2048,class_weighted,0.44,false_negative,DIRTY,NOT_NEAT,"Two white paper/tissue pieces lie on the passage tiles, so the floor is not clean; clothes draped over a stool and chair.",
B41 D single attach/B41 D single attach.jpg,B41 D single attach.jpg,B41 D single attach,B41,Room,CLEAN,CLEAN,0.000749,3,384,spatial3_mean,2048,class_weighted,0.44,correct,CLEAN,NEAT,Tiles clean and shiny with doormat and dustbin in place; no waste.,
B41 D single attach/IMG_20260918_111416.jpg,IMG_20260918_111416.jpg,B41 D single attach,B41,Room,CLEAN,CLEAN,0.157425,3,384,spatial3_mean,2048,class_weighted,0.44,correct,CLEAN,NEAT,Bed neatly covered with a bag and cushion on it; floor clean.,
B41 D single attach/IMG_20260918_111425.jpg,IMG_20260918_111425.jpg,B41 D single attach,B41,Room,CLEAN,CLEAN,0.018214,3,384,spatial3_mean,2048,class_weighted,0.44,correct,CLEAN,NEAT,Clean reflective floor with dustbin by the balcony door; no debris or stains.,
B41 D single attach/IMG_20260918_111442.jpg,IMG_20260918_111442.jpg,B41 D single attach,B41,Room,CLEAN,CLEAN,0.005191,3,384,spatial3_mean,2048,class_weighted,0.44,correct,CLEAN,NEAT,Desk with a bottle and charger; floor clear of waste.,
B41 D single attach/IMG_20260918_111500.jpg,IMG_20260918_111500.jpg,B41 D single attach,B41,Room,CLEAN,CLEAN,0.039035,3,384,spatial3_mean,2048,class_weighted,0.44,correct,CLEAN,NEAT,Suitcase stored on the wardrobe and slippers kept beside it; floor clean.,
B41 D single attach/IMG_20260918_111507.jpg,IMG_20260918_111507.jpg,B41 D single attach,B41,Room,CLEAN,CLEAN,0.001052,3,384,spatial3_mean,2048,class_weighted,0.44,correct,CLEAN,NEAT,Bed with pillow and folded cloth; no waste visible.,
B41 D single attach/IMG_20260918_111517.jpg,IMG_20260918_111517.jpg,B41 D single attach,B41,Room,CLEAN,CLEAN,0.044482,3,384,spatial3_mean,2048,class_weighted,0.44,correct,CLEAN,NEAT,Backpack and cushion on the covered bed - normal belongings; floor clean.,
B41 D single attach/IMG_20260918_111527.jpg,IMG_20260918_111527.jpg,B41 D single attach,B41,Room,CLEAN,CLEAN,0.003392,3,384,spatial3_mean,2048,class_weighted,0.44,correct,CLEAN,NEAT,Entry area with doormat and dustbin; tiles clean with no litter.,
C21 A single common/IMG_20260918_113220.jpg,IMG_20260918_113220.jpg,C21 A single common,C21,Room,NOT_CLEAN,CLEAN,0.16932,4,384,spatial3_mean,2048,class_weighted,0.21,false_negative,NOT_FULLY_VISIBLE,NOT_NEAT,"A crushed empty bottle, a used tissue roll and a wrapper are left lying on the desk - visible waste that has not been cleared.",
C21 A single common/IMG_20260918_113224.jpg,IMG_20260918_113224.jpg,C21 A single common,C21,Room,CLEAN,CLEAN,0.013974,4,384,spatial3_mean,2048,class_weighted,0.21,correct,CLEAN,NEAT,Cabinet with toiletries and bed corner; visible floor clear of waste and debris.,Marks on wall - maintenance
C21 A single common/IMG_20260918_113231.jpg,IMG_20260918_113231.jpg,C21 A single common,C21,Room,CLEAN,NOT_CLEAN,0.359244,4,384,spatial3_mean,2048,class_weighted,0.21,false_positive,NOT_FULLY_VISIBLE,NEAT,Bed with pillow and bedcover; nothing dirty or discarded visible.,
C21 A single common/IMG_20260918_113239.jpg,IMG_20260918_113239.jpg,C21 A single common,C21,Room,CLEAN,CLEAN,0.082334,4,384,spatial3_mean,2048,class_weighted,0.21,correct,CLEAN,NEAT,Bed with blanket and chair with towel; visible floor clear of waste.,
C21 A single common/IMG_20260918_113243.jpg,IMG_20260918_113243.jpg,C21 A single common,C21,Room,CLEAN,CLEAN,0.036725,4,384,spatial3_mean,2048,class_weighted,0.21,correct,CLEAN,NEAT,Doorway with slippers kept at the side; floor clear of litter.,
C21 A single common/IMG_20260918_113250.jpg,IMG_20260918_113250.jpg,C21 A single common,C21,Room,NOT_CLEAN,CLEAN,0.02261,4,384,spatial3_mean,2048,class_weighted,0.21,false_negative,DIRTY,NOT_NEAT,A dried spill/residue patch and a small lid lie on the floor in the desk corner and an empty bottle with a tissue roll is left on the desk - the corner has not been cleaned.,Grimy skirting - maintenance
C21 B double attach/C21 B double attach.jpg,C21 B double attach.jpg,C21 B double attach,C21,Room,CLEAN,CLEAN,0.029099,4,384,spatial3_mean,2048,class_weighted,0.21,correct,CLEAN,NEAT,Helmet and suitcase stored on the wardrobe; floor clean and clear.,
C21 B double attach/IMG_20260918_113357.jpg,IMG_20260918_113357.jpg,C21 B double attach,C21,Room,CLEAN,CLEAN,0.019042,4,384,spatial3_mean,2048,class_weighted,0.21,correct,CLEAN,NEAT,"Clothes on a wall hook, folded clothes on the bed, doormat in place; tiles clean with no waste.",Damp/mould at wall base - maintenance
C21 B double attach/IMG_20260918_113400.jpg,IMG_20260918_113400.jpg,C21 B double attach,C21,Room,CLEAN,CLEAN,0.003261,4,384,spatial3_mean,2048,class_weighted,0.21,correct,CLEAN,NEAT,Two beds with bedding and folded clothes and a rug on the floor; no waste or dirt.,
C21 B double attach/IMG_20260918_113408.jpg,IMG_20260918_113408.jpg,C21 B double attach,C21,Room,CLEAN,CLEAN,0.00066,4,384,spatial3_mean,2048,class_weighted,0.21,correct,CLEAN,NEAT,"Bed with pillows and clothes, cabinet and box beside it; floor clean.",
C21 B double attach/IMG_20260918_113413.jpg,IMG_20260918_113413.jpg,C21 B double attach,C21,Room,CLEAN,CLEAN,0.020842,4,384,spatial3_mean,2048,class_weighted,0.21,correct,CLEAN,NEAT,"Desk with bottle, bag on the chair, stool stored under the desk.",
C21 B double attach/IMG_20260918_113416.jpg,IMG_20260918_113416.jpg,C21 B double attach,C21,Room,CLEAN,CLEAN,0.003001,4,384,spatial3_mean,2048,class_weighted,0.21,correct,CLEAN,NEAT,Desk and wardrobe in order; floor clean with no debris.,
C21 B double attach/IMG_20260918_113422.jpg,IMG_20260918_113422.jpg,C21 B double attach,C21,Room,CLEAN,CLEAN,0.00125,4,384,spatial3_mean,2048,class_weighted,0.21,correct,CLEAN,NEAT,"Wide view: beds and desk in use, floor clean and free of waste.",
C21 B double attach/IMG_20260918_113430.jpg,IMG_20260918_113430.jpg,C21 B double attach,C21,Room,CLEAN,CLEAN,0.00204,4,384,spatial3_mean,2048,class_weighted,0.21,correct,CLEAN,NEAT,Bathroom doorway; tiles clean and clear of litter.,
C21 B double attach/IMG_20260918_113433.jpg,IMG_20260918_113433.jpg,C21 B double attach,C21,Room,CLEAN,CLEAN,0.000555,4,384,spatial3_mean,2048,class_weighted,0.21,correct,CLEAN,NEAT,"Floor mat by the bed, clean tiles, nothing discarded.",
C21 B double attach/IMG_20260918_113438.jpg,IMG_20260918_113438.jpg,C21 B double attach,C21,Room,CLEAN,CLEAN,0.002839,4,384,spatial3_mean,2048,class_weighted,0.21,correct,CLEAN,NEAT,Door with doormat and clothes hanging; floor clean.,Damp/peeling at wall base - maintenance
C21 C double common/Kitchen/IMG_20260918_112605.jpg,IMG_20260918_112605.jpg,C21 C double common,C21,Kitchen,NOT_CLEAN,NOT_CLEAN,0.382649,4,384,spatial3_mean,2048,class_weighted,0.21,correct,CLEAN,NOT_NEAT,The appliance/fridge top is visibly soiled with brown residue and crumbs and has not been wiped; devices standing on it are stained too.,
C21 C double common/Kitchen/IMG_20260918_112611.jpg,IMG_20260918_112611.jpg,C21 C double common,C21,Kitchen,CLEAN,NOT_CLEAN,0.520662,4,384,spatial3_mean,2048,class_weighted,0.21,false_positive,CLEAN,NEAT,"Kitchen area clean with no visible residue or waste; counter vessels, dustbins and mat are normal household use and the floor is clean.",
C21 C double common/Kitchen/IMG_20260918_112616.jpg,IMG_20260918_112616.jpg,C21 C double common,C21,Kitchen,NOT_CLEAN,NOT_CLEAN,0.999989,4,384,spatial3_mean,2048,class_weighted,0.21,correct,CLEAN,NOT_NEAT,"Unwashed vessels - bowl with knife, cooker, plates, pan - left on the counter with visible crumbs and food residue across the slab.",
C21 C double common/Kitchen/IMG_20260918_112620.jpg,IMG_20260918_112620.jpg,C21 C double common,C21,Kitchen,CLEAN,CLEAN,0.000398,4,384,spatial3_mean,2048,class_weighted,0.21,correct,CLEAN,NEAT,"Clothes on a drying stand - normal common-area use, not dirt; floor tiles clean with no waste.",
C21 C double common/Kitchen/IMG_20260918_112629.jpg,IMG_20260918_112629.jpg,C21 C double common,C21,Kitchen,CLEAN,CLEAN,0.026835,4,384,spatial3_mean,2048,class_weighted,0.21,correct,CLEAN,NEAT,"Drying stand, shoe stand and footwear at the doorway; floor clean, nothing discarded.",
C21 C double common/Kitchen/IMG_20260918_112638.jpg,IMG_20260918_112638.jpg,C21 C double common,C21,Kitchen,CLEAN,NOT_CLEAN,0.999053,4,384,spatial3_mean,2048,class_weighted,0.21,false_positive,CLEAN,NEAT,Sink and counter reasonably clean with bottles and vessels in normal use; no food residue or waste on the floor.,"Broken/blackened plaster under the counter - maintenance, not housekeeping dirt"
C21 C double common/C21 C double Common.jpg,C21 C double Common.jpg,C21 C double common,C21,Room,CLEAN,CLEAN,0.020494,4,384,spatial3_mean,2048,class_weighted,0.21,correct,CLEAN,NEAT,Ironing board stored on the wardrobe and jeans over a chair; floor clean with no waste.,
C21 C double common/IMG_20260918_112714.jpg,IMG_20260918_112714.jpg,C21 C double common,C21,Room,CLEAN,CLEAN,0.120798,4,384,spatial3_mean,2048,class_weighted,0.21,correct,CLEAN,NEAT,"Bed with a storage box, chair and stool in place; tiles clean.",
C21 C double common/IMG_20260918_112717.jpg,IMG_20260918_112717.jpg,C21 C double common,C21,Room,CLEAN,NOT_CLEAN,0.22034,4,384,spatial3_mean,2048,class_weighted,0.21,false_positive,CLEAN,NEAT,"Bed and stool with clothes over it; floor clean, no debris.",
C21 C double common/IMG_20260918_112720.jpg,IMG_20260918_112720.jpg,C21 C double common,C21,Room,CLEAN,CLEAN,0.130885,4,384,spatial3_mean,2048,class_weighted,0.21,correct,CLEAN,NEAT,Bed with bedding and box and a side cabinet; no waste visible.,Damp wall patch - maintenance
C21 C double common/IMG_20260918_112725.jpg,IMG_20260918_112725.jpg,C21 C double common,C21,Room,CLEAN,CLEAN,0.03245,4,384,spatial3_mean,2048,class_weighted,0.21,correct,CLEAN,NEAT,Two beds with cabinets holding bottles and books; tiles clean.,Wall discolouration - maintenance
C21 C double common/IMG_20260918_112727.jpg,IMG_20260918_112727.jpg,C21 C double common,C21,Room,CLEAN,CLEAN,0.033973,4,384,spatial3_mean,2048,class_weighted,0.21,correct,CLEAN,NEAT,Bed with bedcover and cabinet with personal items; nothing discarded.,
C21 C double common/IMG_20260918_112741.jpg,IMG_20260918_112741.jpg,C21 C double common,C21,Room,CLEAN,CLEAN,0.000762,4,384,spatial3_mean,2048,class_weighted,0.21,correct,NOT_FULLY_VISIBLE,NEAT,Bed with quilt spread on it; no waste or dirt visible.,
C21 C double common/IMG_20260918_112745.jpg,IMG_20260918_112745.jpg,C21 C double common,C21,Room,CLEAN,CLEAN,0.10097,4,384,spatial3_mean,2048,class_weighted,0.21,correct,CLEAN,NEAT,"Beds, cabinets and a stored carton; floor clear of litter.",
C21 C double common/IMG_20260918_112750.jpg,IMG_20260918_112750.jpg,C21 C double common,C21,Room,CLEAN,CLEAN,0.043348,4,384,spatial3_mean,2048,class_weighted,0.21,correct,CLEAN,NEAT,Bed with folded clothes and footwear kept at the doorway; floor clean.,
C21 C double common/IMG_20260918_112755.jpg,IMG_20260918_112755.jpg,C21 C double common,C21,Room,CLEAN,NOT_CLEAN,0.567072,4,384,spatial3_mean,2048,class_weighted,0.21,false_positive,CLEAN,NEAT,"Desk with bottles and toiletries and a wardrobe; floor clean, no waste.",
C21 C double common/IMG_20260918_112759.jpg,IMG_20260918_112759.jpg,C21 C double common,C21,Room,CLEAN,CLEAN,0.00242,4,384,spatial3_mean,2048,class_weighted,0.21,correct,CLEAN,NEAT,"Bed with bedcover, cabinet with books and bottles and a paper bag beside it; floor clean.",Dark marks on wall - maintenance
C21 D single attach/C21 D single attach.jpg,C21 D single attach.jpg,C21 D single attach,C21,Room,CLEAN,CLEAN,0.000208,4,384,spatial3_mean,2048,class_weighted,0.21,correct,NOT_FULLY_VISIBLE,NEAT,Wardrobe and wall; visible floor clear with nothing discarded.,
C21 D single attach/IMG_20260918_112920.jpg,IMG_20260918_112920.jpg,C21 D single attach,C21,Room,CLEAN,NOT_CLEAN,0.884608,4,384,spatial3_mean,2048,class_weighted,0.21,false_positive,CLEAN,NEAT,Tiles clean and shiny with mat and drying stand; storage rack against the wall.,
C21 D single attach/IMG_20260918_112926.jpg,IMG_20260918_112926.jpg,C21 D single attach,C21,Room,CLEAN,NOT_CLEAN,0.746156,4,384,spatial3_mean,2048,class_weighted,0.21,false_positive,CLEAN,NEAT,Desk with bottles and toiletries and cartons stacked on the rack; floor clean.,
C21 D single attach/IMG_20260918_112934.jpg,IMG_20260918_112934.jpg,C21 D single attach,C21,Room,CLEAN,NOT_CLEAN,0.243525,4,384,spatial3_mean,2048,class_weighted,0.21,false_positive,CLEAN,NEAT,Bed with blanket and a rack with bottles beside it; no waste.,Wall stain - maintenance
C21 D single attach/IMG_20260918_112938.jpg,IMG_20260918_112938.jpg,C21 D single attach,C21,Room,CLEAN,NOT_CLEAN,0.824958,4,384,spatial3_mean,2048,class_weighted,0.21,false_positive,CLEAN,NEAT,Desk with organised bottles and plate and cartons on the rack; floor clean with no litter.,Chipped desk panel - maintenance
C21 D single attach/IMG_20260918_112950.jpg,IMG_20260918_112950.jpg,C21 D single attach,C21,Room,CLEAN,CLEAN,0.095534,4,384,spatial3_mean,2048,class_weighted,0.21,correct,CLEAN,NEAT,Storage rack with hangers and boxes kept in order; floor clean.,
C21 D single attach/IMG_20260918_112954.jpg,IMG_20260918_112954.jpg,C21 D single attach,C21,Room,CLEAN,NOT_CLEAN,0.398583,4,384,spatial3_mean,2048,class_weighted,0.21,false_positive,CLEAN,NEAT,"Wardrobe and rack with a floor mat by the door and a cloth on the floor; tiles clean, no waste.",
C21 D single attach/IMG_20260918_113000.jpg,IMG_20260918_113000.jpg,C21 D single attach,C21,Room,CLEAN,NOT_CLEAN,0.265127,4,384,spatial3_mean,2048,class_weighted,0.21,false_positive,NOT_FULLY_VISIBLE,NEAT,Bed corner with bottles on the cabinet; no residue or waste visible.,Damp stain - maintenance
C31 B double attach/C31 b double attach.jpg,C31 b double attach.jpg,C31 B double attach,C31,Room,NOT_CLEAN,NOT_CLEAN,0.795855,5,384,spatial3_mean,2048,class_weighted,0.14,correct,CLEAN,NOT_NEAT,"Tiles are clean with no dirt or garbage, but cooking vessels, cables, a racket, bags and a bottle are piled directly on the floor in the corner with packaging and an empty wrapper on the table - the room looks untidy.",
C31 B double attach/IMG_20260918_114321.jpg,IMG_20260918_114321.jpg,C31 B double attach,C31,Room,NOT_CLEAN,NOT_CLEAN,0.157012,5,384,spatial3_mean,2048,class_weighted,0.14,correct,CLEAN,NOT_NEAT,"Opened carton with papers on the floor by the fridge, backpack dropped beside it, slippers loose and suitcase in the walkway; tiles themselves clean.",
C31 B double attach/IMG_20260918_114326.jpg,IMG_20260918_114326.jpg,C31 B double attach,C31,Room,NOT_CLEAN,CLEAN,0.039248,5,384,spatial3_mean,2048,class_weighted,0.14,false_negative,CLEAN,NOT_NEAT,"Bedding tangled across the bed, packaging carton on the table, bag pushed under it and slippers on the floor.",
C31 B double attach/IMG_20260918_114331.jpg,IMG_20260918_114331.jpg,C31 B double attach,C31,Room,NOT_CLEAN,CLEAN,0.09235,5,384,spatial3_mean,2048,class_weighted,0.14,false_negative,CLEAN,NOT_NEAT,"Bed unmade with bedding loose, opened package on the table and bags underneath; tiles clean but the room is visibly unarranged.",
C31 B double attach/IMG_20260918_114344.jpg,IMG_20260918_114344.jpg,C31 B double attach,C31,Room,NOT_CLEAN,NOT_CLEAN,0.597412,5,384,spatial3_mean,2048,class_weighted,0.14,correct,NOT_FULLY_VISIBLE,NOT_NEAT,"Bedding, clothes, a power strip and a plastic bag tangled together across the whole bed.",
C31 B double attach/IMG_20260918_114348.jpg,IMG_20260918_114348.jpg,C31 B double attach,C31,Room,NOT_CLEAN,NOT_CLEAN,0.986254,5,384,spatial3_mean,2048,class_weighted,0.14,correct,CLEAN,NOT_NEAT,"Torn shoe box and bottles on the wardrobes, vessels and cables piled on the floor and opened packaging on the ledge.",
C31 B double attach/IMG_20260918_114351.jpg,IMG_20260918_114351.jpg,C31 B double attach,C31,Room,NOT_CLEAN,NOT_CLEAN,0.159804,5,384,spatial3_mean,2048,class_weighted,0.14,correct,CLEAN,NOT_NEAT,"Floor tiles visibly clean, but the corner holds vessels, cables and a bag on the floor with a slipper mid-room and a cloth thrown over the bed.",
C31 B double attach/IMG_20260918_114356.jpg,IMG_20260918_114356.jpg,C31 B double attach,C31,Room,CLEAN,CLEAN,0.012233,5,384,spatial3_mean,2048,class_weighted,0.14,correct,CLEAN,NEAT,"Clean tiles with a suitcase stood against the wall, coat on the door and folded bedding - belongings reasonably placed, no waste.",
C31 C double Common/IMG_20260918_113835.jpg,IMG_20260918_113835.jpg,C31 C double Common,C31,Room,CLEAN,CLEAN,0.001082,5,384,spatial3_mean,2048,class_weighted,0.14,correct,CLEAN,NEAT,"Tiles clean with no housekeeping dirt or waste; suitcase stood upright, clothes on the bed and shoes together - reasonably arranged.",
C31 C double Common/IMG_20260918_113838.jpg,IMG_20260918_113838.jpg,C31 C double Common,C31,Room,CLEAN,CLEAN,0.007003,5,384,spatial3_mean,2048,class_weighted,0.14,correct,CLEAN,NEAT,Floor tiles clean and no garbage; clothes on the bed with backpack and slippers beside it are normal belongings reasonably placed.,
C31 C double Common/IMG_20260918_113846.jpg,IMG_20260918_113846.jpg,C31 C double Common,C31,Room,CLEAN,CLEAN,0.002085,5,384,spatial3_mean,2048,class_weighted,0.14,correct,CLEAN,NEAT,One pile of clothes on the mattress; floor clean and empty with nothing discarded.,
C31 C double Common/IMG_20260918_113854.jpg,IMG_20260918_113854.jpg,C31 C double Common,C31,Room,CLEAN,CLEAN,0.001401,5,384,spatial3_mean,2048,class_weighted,0.14,correct,CLEAN,NEAT,A few garments on the mattress and a closed cabinet; floor clean.,
C31 C double Common/IMG_20260918_113857.jpg,IMG_20260918_113857.jpg,C31 C double Common,C31,Room,CLEAN,NOT_CLEAN,0.222598,5,384,spatial3_mean,2048,class_weighted,0.14,false_positive,CLEAN,NEAT,Bare mattress and open doorway; tiles clean and clear.,
C31 C double Common/IMG_20260918_113901.jpg,IMG_20260918_113901.jpg,C31 C double Common,C31,Room,CLEAN,NOT_CLEAN,0.386787,5,384,spatial3_mean,2048,class_weighted,0.14,false_positive,CLEAN,NEAT,"Blanket and clothes on the bed, snack packet and papers on the cabinet, backpack beside it; no waste on the floor and no residue.",Wall marks - maintenance
C31 C double Common/IMG_20260918_113909.jpg,IMG_20260918_113909.jpg,C31 C double Common,C31,Room,CLEAN,CLEAN,0.005158,5,384,spatial3_mean,2048,class_weighted,0.14,correct,CLEAN,NEAT,"Desk with laptop, suitcase and shoes by the wardrobe and clothes on hooks; tiles clean.",
C31 C double Common/IMG_20260918_113912.jpg,IMG_20260918_113912.jpg,C31 C double Common,C31,Room,CLEAN,CLEAN,0.006037,5,384,spatial3_mean,2048,class_weighted,0.14,correct,CLEAN,NEAT,"Study corner with laptop and bottle, clothes hanging and luggage below; nothing discarded.",
C31 D single attach/IMG_20260918_114047.jpg,IMG_20260918_114047.jpg,C31 D single attach,C31,Room,CLEAN,CLEAN,3.8e-05,5,384,spatial3_mean,2048,class_weighted,0.14,correct,CLEAN,NEAT,Tiles clean and reflective with wardrobe and fridge against the wall; nothing discarded.,
C31 D single attach/IMG_20260918_114050.jpg,IMG_20260918_114050.jpg,C31 D single attach,C31,Room,CLEAN,CLEAN,0.000595,5,384,spatial3_mean,2048,class_weighted,0.14,correct,CLEAN,NEAT,Clean shiny floor with doormat; no litter or residue.,
C31 D single attach/IMG_20260918_114054.jpg,IMG_20260918_114054.jpg,C31 D single attach,C31,Room,CLEAN,CLEAN,0.027187,5,384,spatial3_mean,2048,class_weighted,0.14,correct,CLEAN,NEAT,"Table with iron, bottles and a snack packet and a towel over the chair; floor clean with no waste.",
C31 D single attach/IMG_20260918_114058.jpg,IMG_20260918_114058.jpg,C31 D single attach,C31,Room,CLEAN,CLEAN,0.000745,5,384,spatial3_mean,2048,class_weighted,0.14,correct,NOT_FULLY_VISIBLE,NEAT,Bed with pillows and bedcover and a coat on the hook; nothing dirty or discarded.,
C31 D single attach/IMG_20260918_114111.jpg,IMG_20260918_114111.jpg,C31 D single attach,C31,Room,CLEAN,CLEAN,0.014481,5,384,spatial3_mean,2048,class_weighted,0.14,correct,CLEAN,NEAT,Wardrobe and cabinet; tiles clean and clear.,
C31 D single attach/IMG_20260918_114115.jpg,IMG_20260918_114115.jpg,C31 D single attach,C31,Room,CLEAN,CLEAN,0.008687,5,384,spatial3_mean,2048,class_weighted,0.14,correct,CLEAN,NEAT,Door area with doormat; floor clean with no litter.,Peeling/damp at wall base - maintenance
C31 D single attach/IMG_20260918_114120.jpg,IMG_20260918_114120.jpg,C31 D single attach,C31,Room,CLEAN,CLEAN,0.021598,5,384,spatial3_mean,2048,class_weighted,0.14,correct,CLEAN,NEAT,"Bed with clothes, towel, bottle, comb and remote - normal belongings; floor clean with no waste.",
C31 D single attach/IMG_20260918_114127.jpg,IMG_20260918_114127.jpg,C31 D single attach,C31,Room,CLEAN,CLEAN,0.000754,5,384,spatial3_mean,2048,class_weighted,0.14,correct,CLEAN,NEAT,Door and wardrobe with doormat on clean tiles; no waste or dirt visible.,Peeling paint at wall base - maintenance
A33 A single attach/A33 A Single attach. .jpg,A33 A Single attach. .jpg,A33 A single attach,A33,Room,CLEAN,CLEAN,0.00062,1,384,tile2x2_concat,10240,unweighted,0.06,correct,CLEAN,NEAT,Tiles are clean with only a doormat; no visible housekeeping dirt or waste.,
A33 A single attach/IMG_20260918_104751.jpg,IMG_20260918_104751.jpg,A33 A single attach,A33,Room,CLEAN,NOT_CLEAN,0.276878,1,384,tile2x2_concat,10240,unweighted,0.06,false_positive,CLEAN,NEAT,Open floor clean with no debris; suitcase stood against the wall and a few desk items reasonably arranged.,
A33 A single attach/IMG_20260918_104756.jpg,IMG_20260918_104756.jpg,A33 A single attach,A33,Room,CLEAN,CLEAN,0.034833,1,384,tile2x2_concat,10240,unweighted,0.06,correct,CLEAN,NEAT,"Floor clean and free of waste; bed covered, desks hold bottles and small items in order.",
A33 A single attach/IMG_20260918_104801.jpg,IMG_20260918_104801.jpg,A33 A single attach,A33,Room,CLEAN,NOT_CLEAN,0.616238,1,384,tile2x2_concat,10240,unweighted,0.06,false_positive,CLEAN,NEAT,"No dirt, residue or waste visible; helmet and a few clothes rest on the made bed.",
A33 A single attach/IMG_20260918_104805.jpg,IMG_20260918_104805.jpg,A33 A single attach,A33,Room,CLEAN,NOT_CLEAN,0.266107,1,384,tile2x2_concat,10240,unweighted,0.06,false_positive,CLEAN,NEAT,Floor clean with no waste; clothes and helmet on the bed are normal belongings.,
A33 A single attach/IMG_20260918_104828.jpg,IMG_20260918_104828.jpg,A33 A single attach,A33,Room,CLEAN,CLEAN,0.011449,1,384,tile2x2_concat,10240,unweighted,0.06,correct,CLEAN,NEAT,Wardrobe area clean with one bottle standing on the floor; no debris or residue.,
A33 C double common/A33 C double Common.jpg,A33 C double Common.jpg,A33 C double common,A33,Room,CLEAN,CLEAN,0.001078,1,384,tile2x2_concat,10240,unweighted,0.06,correct,NOT_FULLY_VISIBLE,NEAT,"Bed with blanket, small carton on the side table and towels at the window; nothing dirty or discarded visible.",
A33 C double common/IMG_20260918_105110.jpg,IMG_20260918_105110.jpg,A33 C double common,A33,Room,CLEAN,CLEAN,0.007067,1,384,tile2x2_concat,10240,unweighted,0.06,correct,CLEAN,NEAT,"Floor clean with no waste; desk and chair clear, blanket left bunched on the bed only.",
A33 C double common/IMG_20260918_105117.jpg,IMG_20260918_105117.jpg,A33 C double common,A33,Room,CLEAN,CLEAN,0.003124,1,384,tile2x2_concat,10240,unweighted,0.06,correct,CLEAN,NEAT,"Tiles clean, no housekeeping dirt; bedding loose on the bed.",
A33 C double common/IMG_20260918_105124.jpg,IMG_20260918_105124.jpg,A33 C double common,A33,Room,CLEAN,CLEAN,0.000646,1,384,tile2x2_concat,10240,unweighted,0.06,correct,CLEAN,NEAT,"Suitcase stored on the wardrobe and a bottle above; floor clean, no waste.",
A33 C double common/IMG_20260918_105135.jpg,IMG_20260918_105135.jpg,A33 C double common,A33,Room,CLEAN,CLEAN,0.007049,1,384,tile2x2_concat,10240,unweighted,0.06,correct,CLEAN,NEAT,Desks and chairs in place with a cable along the floor; no waste or dirt visible.,
A33 C double common/IMG_20260918_105143.jpg,IMG_20260918_105143.jpg,A33 C double common,A33,Room,CLEAN,NOT_CLEAN,0.315142,1,384,tile2x2_concat,10240,unweighted,0.06,false_positive,CLEAN,NEAT,A few clothes on the bed and a weighing scale on the floor; floor clean.,
A33 C double common/IMG_20260918_105157.jpg,IMG_20260918_105157.jpg,A33 C double common,A33,Room,NOT_CLEAN,CLEAN,0.003732,1,384,tile2x2_concat,10240,unweighted,0.06,false_negative,CLEAN,NOT_NEAT,"A large crumpled brown packing cover lies discarded on the floor beside the suitcase - visible waste material, so the area is not clean. Tiles themselves are clean.",
A33 C double common/IMG_20260918_105203.jpg,IMG_20260918_105203.jpg,A33 C double common,A33,Room,NOT_CLEAN,NOT_CLEAN,0.255035,1,384,tile2x2_concat,10240,unweighted,0.06,correct,CLEAN,NOT_NEAT,Closer view of the same discarded packing cover spread loose across the floor.,
A33 C double common/IMG_20260918_105215.jpg,IMG_20260918_105215.jpg,A33 C double common,A33,Room,CLEAN,CLEAN,0.006504,1,384,tile2x2_concat,10240,unweighted,0.06,correct,CLEAN,NEAT,"Cabinet with utensils, clothes on a hook, scale on the floor; no waste or residue.",
A33 C double common/IMG_20260918_105219.jpg,IMG_20260918_105219.jpg,A33 C double common,A33,Room,CLEAN,NOT_CLEAN,0.087215,1,384,tile2x2_concat,10240,unweighted,0.06,false_positive,CLEAN,NEAT,Floor clean and clear; clothes hanging behind the door.,
A33 C double common/IMG_20260918_105224.jpg,IMG_20260918_105224.jpg,A33 C double common,A33,Room,CLEAN,CLEAN,0.039082,1,384,tile2x2_concat,10240,unweighted,0.06,correct,CLEAN,NEAT,Carton and luggage stored beside the bed; no garbage or dirt visible.,Damp patch on wall - maintenance
A33 C double common/IMG_20260918_105241.jpg,IMG_20260918_105241.jpg,A33 C double common,A33,Room,CLEAN,CLEAN,2.9e-05,1,384,tile2x2_concat,10240,unweighted,0.06,correct,CLEAN,NEAT,"Window wall and doorway; floor clean, nothing discarded.",
A33 C double common/IMG_20260918_105245.jpg,IMG_20260918_105245.jpg,A33 C double common,A33,Room,CLEAN,CLEAN,0.015192,1,384,tile2x2_concat,10240,unweighted,0.06,correct,CLEAN,NEAT,"Wide view: bed made, suitcase on the wardrobe, floor clean.",
A34 A single attach/A34 A Single attach.jpg,A34 A Single attach.jpg,A34 A single attach,A34,Room,CLEAN,CLEAN,0.001444,2,384,tile2x2_concat,10240,unweighted,0.24,correct,CLEAN,NEAT,Bed corner with folded bedding; no waste and the visible floor is clean.,Wall holes and marks - maintenance
A34 A single attach/IMG_20260918_104319.jpg,IMG_20260918_104319.jpg,A34 A single attach,A34,Room,CLEAN,CLEAN,0.007805,2,384,tile2x2_concat,10240,unweighted,0.24,correct,CLEAN,NEAT,"Desk, paper bags and stool kept together in the corner; floor clean, no waste.",
A34 A single attach/IMG_20260918_104324.jpg,IMG_20260918_104324.jpg,A34 A single attach,A34,Room,CLEAN,CLEAN,0.000432,2,384,tile2x2_concat,10240,unweighted,0.24,correct,CLEAN,NEAT,Large open floor area clean and clear of debris.,
A34 A single attach/IMG_20260918_104330.jpg,IMG_20260918_104330.jpg,A34 A single attach,A34,Room,CLEAN,CLEAN,0.000261,2,384,tile2x2_concat,10240,unweighted,0.24,correct,CLEAN,NEAT,Desk with computer and towel folded on the chair; floor clean.,
A34 A single attach/IMG_20260918_104334.jpg,IMG_20260918_104334.jpg,A34 A single attach,A34,Room,CLEAN,CLEAN,7e-05,2,384,tile2x2_concat,10240,unweighted,0.24,correct,CLEAN,NEAT,Bed made with a few clothes on it; no waste or residue.,
A34 A single attach/IMG_20260918_104337.jpg,IMG_20260918_104337.jpg,A34 A single attach,A34,Room,CLEAN,CLEAN,0.000591,2,384,tile2x2_concat,10240,unweighted,0.24,correct,CLEAN,NEAT,"Bed covered, floor clean, nothing discarded.",
A34 A single attach/IMG_20260918_104358.jpg,IMG_20260918_104358.jpg,A34 A single attach,A34,Room,CLEAN,CLEAN,0.024484,2,384,tile2x2_concat,10240,unweighted,0.24,correct,CLEAN,NEAT,Desk in use with a box stored underneath; no debris on the floor.,
A34 A single attach/IMG_20260918_104414.jpg,IMG_20260918_104414.jpg,A34 A single attach,A34,Room,CLEAN,CLEAN,0.000323,2,384,tile2x2_concat,10240,unweighted,0.24,correct,CLEAN,NEAT,Doorway with doormat and luggage against the wall; floor clean.,
A34 A single attach/IMG_20260918_104444.jpg,IMG_20260918_104444.jpg,A34 A single attach,A34,Room,CLEAN,CLEAN,0.007254,2,384,tile2x2_concat,10240,unweighted,0.24,correct,CLEAN,NEAT,"Utility corner with ironing board, rack and bucket arranged along the wall; floor clean.",
A34 A single attach/IMG_20260918_104514.jpg,IMG_20260918_104514.jpg,A34 A single attach,A34,Room,CLEAN,CLEAN,0.013056,2,384,tile2x2_concat,10240,unweighted,0.24,correct,CLEAN,NEAT,Storage corner kept in order; no waste or dirt visible.,
A34 B double attach/A34 B double attach.jpg,A34 B double attach.jpg,A34 B double attach,A34,Room,NOT_CLEAN,CLEAN,0.132427,2,384,tile2x2_concat,10240,unweighted,0.24,false_negative,CLEAN,NOT_NEAT,"Tiles are clean with no housekeeping dirt, but clothes are dumped over a chair and over storage boxes with cartons and a jar crowding the corner - the room looks untidy.",
A34 B double attach/IMG_20260918_103815.jpg,IMG_20260918_103815.jpg,A34 B double attach,A34,Room,NOT_CLEAN,CLEAN,0.002492,2,384,tile2x2_concat,10240,unweighted,0.24,false_negative,CLEAN,NOT_NEAT,"Tiles clean, but five-plus pairs of shoes and a slipper lie spread across the floor, a yellow bag is dropped on the tiles and clothes are strewn over a bare mattress.",
A34 B double attach/IMG_20260918_103820.jpg,IMG_20260918_103820.jpg,A34 B double attach,A34,Room,NOT_CLEAN,CLEAN,0.022281,2,384,tile2x2_concat,10240,unweighted,0.24,false_negative,CLEAN,NOT_NEAT,"Clothes heaped over both mattresses, shoes and a bag on the floor, a packet left on the mattress; floor itself clean.",
A34 B double attach/IMG_20260918_103827.jpg,IMG_20260918_103827.jpg,A34 B double attach,A34,Room,NOT_CLEAN,CLEAN,0.130291,2,384,tile2x2_concat,10240,unweighted,0.24,false_negative,CLEAN,NOT_NEAT,"Clothes and a steel vessel dumped on the chair, slippers loose on the floor, mattress standing across the bathroom doorway.",
A34 B double attach/IMG_20260918_103844.jpg,IMG_20260918_103844.jpg,A34 B double attach,A34,Room,NOT_CLEAN,CLEAN,0.000959,2,384,tile2x2_concat,10240,unweighted,0.24,false_negative,CLEAN,NOT_NEAT,"A cloth is thrown over the chair and trails onto the floor, with further scattered items and bottles visible in the room beyond.",
A34 B double attach/IMG_20260918_103854.jpg,IMG_20260918_103854.jpg,A34 B double attach,A34,Room,NOT_CLEAN,NOT_CLEAN,0.538879,2,384,tile2x2_concat,10240,unweighted,0.24,correct,CLEAN,NOT_NEAT,"Two open suitcases on the floor with contents spilling out, shoes scattered around them, clothes heaped on the mattress.",
A34 B double attach/IMG_20260918_103858.jpg,IMG_20260918_103858.jpg,A34 B double attach,A34,Room,NOT_CLEAN,NOT_CLEAN,0.601241,2,384,tile2x2_concat,10240,unweighted,0.24,correct,CLEAN,NOT_NEAT,"Open suitcase tipped onto the floor, yellow bag and slipper on the tiles, clothes across both mattresses.",
A34 B double attach/IMG_20260918_104015.jpg,IMG_20260918_104015.jpg,A34 B double attach,A34,Room,NOT_CLEAN,CLEAN,0.151409,2,384,tile2x2_concat,10240,unweighted,0.24,false_negative,CLEAN,NOT_NEAT,Clothes draped over two chairs with a carton and jar on the floor corner; tiles clean but the corner is unarranged.,
A34 B double attach/IMG_20260918_104031.jpg,IMG_20260918_104031.jpg,A34 B double attach,A34,Room,NOT_CLEAN,NOT_CLEAN,0.486532,2,384,tile2x2_concat,10240,unweighted,0.24,correct,CLEAN,NOT_NEAT,"Clothes over chairs, open suitcase on the floor, shoes below the bed; the room looks visibly untidy.",
B41 B double attach/B41  B Double attach.jpg,B41  B Double attach.jpg,B41 B double attach,B41,Room,CLEAN,NOT_CLEAN,0.167759,3,384,tile2x2_concat,10240,unweighted,0.1,false_positive,CLEAN,NEAT,"Desk with laptop and bottles, towel on the chair; floor clean and clear of waste.",
B41 B double attach/B41 B double attach. .jpg,B41 B double attach. .jpg,B41 B double attach,B41,Room,CLEAN,CLEAN,0.00452,3,384,tile2x2_concat,10240,unweighted,0.1,correct,CLEAN,NEAT,"Backpack kept on the floor and footwear on a rack; tiles clean, no debris.",
B41 B double attach/IMG_20260918_111705.jpg,IMG_20260918_111705.jpg,B41 B double attach,B41,Room,CLEAN,CLEAN,0.078993,3,384,tile2x2_concat,10240,unweighted,0.1,correct,CLEAN,NEAT,"Bed with bedding, suitcase beside it and shoes under the bed; no waste or residue.",
B41 B double attach/IMG_20260918_111711.jpg,IMG_20260918_111711.jpg,B41 B double attach,B41,Room,CLEAN,CLEAN,0.011314,3,384,tile2x2_concat,10240,unweighted,0.1,correct,CLEAN,NEAT,Bedding pulled back and shoes kept under the bed; floor clean.,
B41 B double attach/IMG_20260918_111715.jpg,IMG_20260918_111715.jpg,B41 B double attach,B41,Room,CLEAN,CLEAN,0.003243,3,384,tile2x2_concat,10240,unweighted,0.1,correct,CLEAN,NEAT,Study corner in use with a towel on the chair; no residue or debris.,
B41 B double attach/IMG_20260918_111718.jpg,IMG_20260918_111718.jpg,B41 B double attach,B41,Room,CLEAN,CLEAN,0.026327,3,384,tile2x2_concat,10240,unweighted,0.1,correct,CLEAN,NEAT,"Laptop and bottles on the desk, clothes on the bed, slippers at the bedside - reasonably placed.",
B41 B double attach/IMG_20260918_111720.jpg,IMG_20260918_111720.jpg,B41 B double attach,B41,Room,CLEAN,CLEAN,0.008852,3,384,tile2x2_concat,10240,unweighted,0.1,correct,CLEAN,NEAT,Towel hanging to dry and pillow on the bed; nothing discarded.,
B41 B double attach/IMG_20260918_111728.jpg,IMG_20260918_111728.jpg,B41 B double attach,B41,Room,CLEAN,CLEAN,0.009693,3,384,tile2x2_concat,10240,unweighted,0.1,correct,CLEAN,NEAT,"Doormat at the door, suitcase and shoes stored beside the bed; floor clean.",
B41 B double attach/IMG_20260918_111733.jpg,IMG_20260918_111733.jpg,B41 B double attach,B41,Room,CLEAN,CLEAN,0.006217,3,384,tile2x2_concat,10240,unweighted,0.1,correct,CLEAN,NEAT,Wardrobes with containers stored on top; floor clean and clear.,
B41 B double attach/IMG_20260918_111738.jpg,IMG_20260918_111738.jpg,B41 B double attach,B41,Room,CLEAN,CLEAN,0.002233,3,384,tile2x2_concat,10240,unweighted,0.1,correct,CLEAN,NEAT,"Iron kept on the shelf and clothes hanging; floor clean, no waste.",
B41 B double attach/IMG_20260918_111743.jpg,IMG_20260918_111743.jpg,B41 B double attach,B41,Room,CLEAN,CLEAN,0.046069,3,384,tile2x2_concat,10240,unweighted,0.1,correct,CLEAN,NEAT,Tiles clean; shoes under the bed and towel on the chair.,
B41 C double common/Kitchen/IMG_20260918_110949.jpg,IMG_20260918_110949.jpg,B41 C double common,B41,Kitchen,NOT_CLEAN,NOT_CLEAN,0.24602,3,384,tile2x2_concat,10240,unweighted,0.1,correct,CLEAN,NOT_NEAT,"Kitchen surfaces show visible dirty conditions: dried spilled residue across the fridge top, a tray and plastic bags of waste left on the counter, and a cloth lying on the floor.",
B41 C double common/Kitchen/IMG_20260918_111002.jpg,IMG_20260918_111002.jpg,B41 C double common,B41,Kitchen,NOT_CLEAN,NOT_CLEAN,0.988634,3,384,tile2x2_concat,10240,unweighted,0.1,correct,CLEAN,NOT_NEAT,Counter slab is stained and greasy along its length with food residue around the induction plate; vessels and jars sit in the residue and a cloth is dropped on the floor by the bin.,
B41 C double common/Kitchen/IMG_20260918_111005.jpg,IMG_20260918_111005.jpg,B41 C double common,B41,Kitchen,NOT_CLEAN,NOT_CLEAN,0.181712,3,384,tile2x2_concat,10240,unweighted,0.1,correct,CLEAN,NOT_NEAT,"Sink and surrounding slab show residue and grime, and a dirty cloth lies on the floor beside the washing machine.",Flaking plaster below the slab - maintenance
B41 C double common/Kitchen/IMG_20260918_111008.jpg,IMG_20260918_111008.jpg,B41 C double common,B41,Kitchen,CLEAN,NOT_CLEAN,0.170371,3,384,tile2x2_concat,10240,unweighted,0.1,false_positive,CLEAN,NEAT,"Kitchen/utility area is clean with no visible housekeeping dirt or waste; washing machine, shoe rack and clothes on a stool are normal household use.",
B41 C double common/Kitchen/IMG_20260918_111013.jpg,IMG_20260918_111013.jpg,B41 C double common,B41,Kitchen,CLEAN,CLEAN,0.001791,3,384,tile2x2_concat,10240,unweighted,0.1,correct,CLEAN,NEAT,"Clothes on a drying stand beside the doors are normal use, not a cleanliness problem; floor clean with no waste.",
B41 C double common/B 41 C  double common.jpg,B 41 C  double common.jpg,B41 C double common,B41,Room,NOT_CLEAN,CLEAN,0.002324,3,384,tile2x2_concat,10240,unweighted,0.1,false_negative,DIRTY,NOT_NEAT,"White paper debris lies on the floor tiles near the door, so the floor is not clean; cloth over a chair and bucket on the floor.",
B41 C double common/IMG_20260918_111123.jpg,IMG_20260918_111123.jpg,B41 C double common,B41,Room,CLEAN,CLEAN,0.000778,3,384,tile2x2_concat,10240,unweighted,0.1,correct,CLEAN,NEAT,"Wardrobe, umbrella opened to dry and bed with bedcover; no housekeeping dirt or waste visible.",
B41 C double common/IMG_20260918_111127.jpg,IMG_20260918_111127.jpg,B41 C double common,B41,Room,CLEAN,CLEAN,0.001095,3,384,tile2x2_concat,10240,unweighted,0.1,correct,NOT_FULLY_VISIBLE,NEAT,"Bedcover left rumpled with two garments on it and clothes hanging on wall hooks; no waste, residue or floor dirt visible - normal belongings.",Damp/peeling wall patch - maintenance
B41 C double common/IMG_20260918_111131.jpg,IMG_20260918_111131.jpg,B41 C double common,B41,Room,NOT_CLEAN,NOT_CLEAN,0.126371,3,384,tile2x2_concat,10240,unweighted,0.1,correct,CLEAN,NOT_NEAT,"Table crowded with bottles, packets and paper bags; clothes heaped on the bed and spilling onto the floor with a backpack among them.",Damp wall patch - maintenance
B41 C double common/IMG_20260918_111134.jpg,IMG_20260918_111134.jpg,B41 C double common,B41,Room,NOT_CLEAN,CLEAN,0.011494,3,384,tile2x2_concat,10240,unweighted,0.1,false_negative,CLEAN,NOT_NEAT,Bed covered by a pile of loose clothes with more items stacked on the side table.,Dark damp staining - maintenance
B41 C double common/IMG_20260918_111147.jpg,IMG_20260918_111147.jpg,B41 C double common,B41,Room,NOT_CLEAN,CLEAN,0.094121,3,384,tile2x2_concat,10240,unweighted,0.1,false_negative,DIRTY,NOT_NEAT,A crumpled tissue/paper piece lies on the floor tile - visible waste on the floor; cloths draped over the bed frame and chair.,
B41 C double common/IMG_20260918_111209.jpg,IMG_20260918_111209.jpg,B41 C double common,B41,Room,NOT_CLEAN,NOT_CLEAN,0.260062,3,384,tile2x2_concat,10240,unweighted,0.1,correct,CLEAN,NOT_NEAT,"Clothes heaped on the bed and dropped on the floor, paper bags and a backpack on the tiles, table crowded with bottles.",Damp stain - maintenance
B41 C double common/IMG_20260918_111216.jpg,IMG_20260918_111216.jpg,B41 C double common,B41,Room,CLEAN,CLEAN,0.000728,3,384,tile2x2_concat,10240,unweighted,0.1,correct,NOT_FULLY_VISIBLE,NEAT,Clothes hanging on the wall hook and bed with bedcover; no waste or housekeeping dirt visible.,Large damp/peeling patch - maintenance only
B41 C double common/IMG_20260918_111220.jpg,IMG_20260918_111220.jpg,B41 C double common,B41,Room,NOT_CLEAN,CLEAN,0.0006,3,384,tile2x2_concat,10240,unweighted,0.1,false_negative,DIRTY,NOT_NEAT,"Two white paper/tissue pieces lie on the passage tiles, so the floor is not clean; clothes draped over a stool and chair.",
B41 D single attach/B41 D single attach.jpg,B41 D single attach.jpg,B41 D single attach,B41,Room,CLEAN,CLEAN,0.000276,3,384,tile2x2_concat,10240,unweighted,0.1,correct,CLEAN,NEAT,Tiles clean and shiny with doormat and dustbin in place; no waste.,
B41 D single attach/IMG_20260918_111416.jpg,IMG_20260918_111416.jpg,B41 D single attach,B41,Room,CLEAN,CLEAN,0.009607,3,384,tile2x2_concat,10240,unweighted,0.1,correct,CLEAN,NEAT,Bed neatly covered with a bag and cushion on it; floor clean.,
B41 D single attach/IMG_20260918_111425.jpg,IMG_20260918_111425.jpg,B41 D single attach,B41,Room,CLEAN,CLEAN,0.000761,3,384,tile2x2_concat,10240,unweighted,0.1,correct,CLEAN,NEAT,Clean reflective floor with dustbin by the balcony door; no debris or stains.,
B41 D single attach/IMG_20260918_111442.jpg,IMG_20260918_111442.jpg,B41 D single attach,B41,Room,CLEAN,CLEAN,0.00272,3,384,tile2x2_concat,10240,unweighted,0.1,correct,CLEAN,NEAT,Desk with a bottle and charger; floor clear of waste.,
B41 D single attach/IMG_20260918_111500.jpg,IMG_20260918_111500.jpg,B41 D single attach,B41,Room,CLEAN,CLEAN,0.011914,3,384,tile2x2_concat,10240,unweighted,0.1,correct,CLEAN,NEAT,Suitcase stored on the wardrobe and slippers kept beside it; floor clean.,
B41 D single attach/IMG_20260918_111507.jpg,IMG_20260918_111507.jpg,B41 D single attach,B41,Room,CLEAN,CLEAN,0.000369,3,384,tile2x2_concat,10240,unweighted,0.1,correct,CLEAN,NEAT,Bed with pillow and folded cloth; no waste visible.,
B41 D single attach/IMG_20260918_111517.jpg,IMG_20260918_111517.jpg,B41 D single attach,B41,Room,CLEAN,CLEAN,0.001949,3,384,tile2x2_concat,10240,unweighted,0.1,correct,CLEAN,NEAT,Backpack and cushion on the covered bed - normal belongings; floor clean.,
B41 D single attach/IMG_20260918_111527.jpg,IMG_20260918_111527.jpg,B41 D single attach,B41,Room,CLEAN,CLEAN,0.00025,3,384,tile2x2_concat,10240,unweighted,0.1,correct,CLEAN,NEAT,Entry area with doormat and dustbin; tiles clean with no litter.,
C21 A single common/IMG_20260918_113220.jpg,IMG_20260918_113220.jpg,C21 A single common,C21,Room,NOT_CLEAN,CLEAN,0.025071,4,384,tile2x2_concat,10240,unweighted,0.15,false_negative,NOT_FULLY_VISIBLE,NOT_NEAT,"A crushed empty bottle, a used tissue roll and a wrapper are left lying on the desk - visible waste that has not been cleared.",
C21 A single common/IMG_20260918_113224.jpg,IMG_20260918_113224.jpg,C21 A single common,C21,Room,CLEAN,CLEAN,0.023026,4,384,tile2x2_concat,10240,unweighted,0.15,correct,CLEAN,NEAT,Cabinet with toiletries and bed corner; visible floor clear of waste and debris.,Marks on wall - maintenance
C21 A single common/IMG_20260918_113231.jpg,IMG_20260918_113231.jpg,C21 A single common,C21,Room,CLEAN,NOT_CLEAN,0.161413,4,384,tile2x2_concat,10240,unweighted,0.15,false_positive,NOT_FULLY_VISIBLE,NEAT,Bed with pillow and bedcover; nothing dirty or discarded visible.,
C21 A single common/IMG_20260918_113239.jpg,IMG_20260918_113239.jpg,C21 A single common,C21,Room,CLEAN,CLEAN,0.134076,4,384,tile2x2_concat,10240,unweighted,0.15,correct,CLEAN,NEAT,Bed with blanket and chair with towel; visible floor clear of waste.,
C21 A single common/IMG_20260918_113243.jpg,IMG_20260918_113243.jpg,C21 A single common,C21,Room,CLEAN,CLEAN,0.022061,4,384,tile2x2_concat,10240,unweighted,0.15,correct,CLEAN,NEAT,Doorway with slippers kept at the side; floor clear of litter.,
C21 A single common/IMG_20260918_113250.jpg,IMG_20260918_113250.jpg,C21 A single common,C21,Room,NOT_CLEAN,CLEAN,0.073116,4,384,tile2x2_concat,10240,unweighted,0.15,false_negative,DIRTY,NOT_NEAT,A dried spill/residue patch and a small lid lie on the floor in the desk corner and an empty bottle with a tissue roll is left on the desk - the corner has not been cleaned.,Grimy skirting - maintenance
C21 B double attach/C21 B double attach.jpg,C21 B double attach.jpg,C21 B double attach,C21,Room,CLEAN,CLEAN,0.00894,4,384,tile2x2_concat,10240,unweighted,0.15,correct,CLEAN,NEAT,Helmet and suitcase stored on the wardrobe; floor clean and clear.,
C21 B double attach/IMG_20260918_113357.jpg,IMG_20260918_113357.jpg,C21 B double attach,C21,Room,CLEAN,CLEAN,0.003884,4,384,tile2x2_concat,10240,unweighted,0.15,correct,CLEAN,NEAT,"Clothes on a wall hook, folded clothes on the bed, doormat in place; tiles clean with no waste.",Damp/mould at wall base - maintenance
C21 B double attach/IMG_20260918_113400.jpg,IMG_20260918_113400.jpg,C21 B double attach,C21,Room,CLEAN,CLEAN,0.005823,4,384,tile2x2_concat,10240,unweighted,0.15,correct,CLEAN,NEAT,Two beds with bedding and folded clothes and a rug on the floor; no waste or dirt.,
C21 B double attach/IMG_20260918_113408.jpg,IMG_20260918_113408.jpg,C21 B double attach,C21,Room,CLEAN,CLEAN,0.005212,4,384,tile2x2_concat,10240,unweighted,0.15,correct,CLEAN,NEAT,"Bed with pillows and clothes, cabinet and box beside it; floor clean.",
C21 B double attach/IMG_20260918_113413.jpg,IMG_20260918_113413.jpg,C21 B double attach,C21,Room,CLEAN,CLEAN,0.007945,4,384,tile2x2_concat,10240,unweighted,0.15,correct,CLEAN,NEAT,"Desk with bottle, bag on the chair, stool stored under the desk.",
C21 B double attach/IMG_20260918_113416.jpg,IMG_20260918_113416.jpg,C21 B double attach,C21,Room,CLEAN,CLEAN,0.001329,4,384,tile2x2_concat,10240,unweighted,0.15,correct,CLEAN,NEAT,Desk and wardrobe in order; floor clean with no debris.,
C21 B double attach/IMG_20260918_113422.jpg,IMG_20260918_113422.jpg,C21 B double attach,C21,Room,CLEAN,CLEAN,0.000227,4,384,tile2x2_concat,10240,unweighted,0.15,correct,CLEAN,NEAT,"Wide view: beds and desk in use, floor clean and free of waste.",
C21 B double attach/IMG_20260918_113430.jpg,IMG_20260918_113430.jpg,C21 B double attach,C21,Room,CLEAN,CLEAN,0.001983,4,384,tile2x2_concat,10240,unweighted,0.15,correct,CLEAN,NEAT,Bathroom doorway; tiles clean and clear of litter.,
C21 B double attach/IMG_20260918_113433.jpg,IMG_20260918_113433.jpg,C21 B double attach,C21,Room,CLEAN,CLEAN,0.040489,4,384,tile2x2_concat,10240,unweighted,0.15,correct,CLEAN,NEAT,"Floor mat by the bed, clean tiles, nothing discarded.",
C21 B double attach/IMG_20260918_113438.jpg,IMG_20260918_113438.jpg,C21 B double attach,C21,Room,CLEAN,CLEAN,0.001592,4,384,tile2x2_concat,10240,unweighted,0.15,correct,CLEAN,NEAT,Door with doormat and clothes hanging; floor clean.,Damp/peeling at wall base - maintenance
C21 C double common/Kitchen/IMG_20260918_112605.jpg,IMG_20260918_112605.jpg,C21 C double common,C21,Kitchen,NOT_CLEAN,NOT_CLEAN,0.636991,4,384,tile2x2_concat,10240,unweighted,0.15,correct,CLEAN,NOT_NEAT,The appliance/fridge top is visibly soiled with brown residue and crumbs and has not been wiped; devices standing on it are stained too.,
C21 C double common/Kitchen/IMG_20260918_112611.jpg,IMG_20260918_112611.jpg,C21 C double common,C21,Kitchen,CLEAN,CLEAN,0.135586,4,384,tile2x2_concat,10240,unweighted,0.15,correct,CLEAN,NEAT,"Kitchen area clean with no visible residue or waste; counter vessels, dustbins and mat are normal household use and the floor is clean.",
C21 C double common/Kitchen/IMG_20260918_112616.jpg,IMG_20260918_112616.jpg,C21 C double common,C21,Kitchen,NOT_CLEAN,NOT_CLEAN,0.977794,4,384,tile2x2_concat,10240,unweighted,0.15,correct,CLEAN,NOT_NEAT,"Unwashed vessels - bowl with knife, cooker, plates, pan - left on the counter with visible crumbs and food residue across the slab.",
C21 C double common/Kitchen/IMG_20260918_112620.jpg,IMG_20260918_112620.jpg,C21 C double common,C21,Kitchen,CLEAN,CLEAN,0.000481,4,384,tile2x2_concat,10240,unweighted,0.15,correct,CLEAN,NEAT,"Clothes on a drying stand - normal common-area use, not dirt; floor tiles clean with no waste.",
C21 C double common/Kitchen/IMG_20260918_112629.jpg,IMG_20260918_112629.jpg,C21 C double common,C21,Kitchen,CLEAN,CLEAN,0.001254,4,384,tile2x2_concat,10240,unweighted,0.15,correct,CLEAN,NEAT,"Drying stand, shoe stand and footwear at the doorway; floor clean, nothing discarded.",
C21 C double common/Kitchen/IMG_20260918_112638.jpg,IMG_20260918_112638.jpg,C21 C double common,C21,Kitchen,CLEAN,NOT_CLEAN,0.928382,4,384,tile2x2_concat,10240,unweighted,0.15,false_positive,CLEAN,NEAT,Sink and counter reasonably clean with bottles and vessels in normal use; no food residue or waste on the floor.,"Broken/blackened plaster under the counter - maintenance, not housekeeping dirt"
C21 C double common/C21 C double Common.jpg,C21 C double Common.jpg,C21 C double common,C21,Room,CLEAN,CLEAN,0.006767,4,384,tile2x2_concat,10240,unweighted,0.15,correct,CLEAN,NEAT,Ironing board stored on the wardrobe and jeans over a chair; floor clean with no waste.,
C21 C double common/IMG_20260918_112714.jpg,IMG_20260918_112714.jpg,C21 C double common,C21,Room,CLEAN,CLEAN,0.005036,4,384,tile2x2_concat,10240,unweighted,0.15,correct,CLEAN,NEAT,"Bed with a storage box, chair and stool in place; tiles clean.",
C21 C double common/IMG_20260918_112717.jpg,IMG_20260918_112717.jpg,C21 C double common,C21,Room,CLEAN,CLEAN,0.010827,4,384,tile2x2_concat,10240,unweighted,0.15,correct,CLEAN,NEAT,"Bed and stool with clothes over it; floor clean, no debris.",
C21 C double common/IMG_20260918_112720.jpg,IMG_20260918_112720.jpg,C21 C double common,C21,Room,CLEAN,CLEAN,0.006279,4,384,tile2x2_concat,10240,unweighted,0.15,correct,CLEAN,NEAT,Bed with bedding and box and a side cabinet; no waste visible.,Damp wall patch - maintenance
C21 C double common/IMG_20260918_112725.jpg,IMG_20260918_112725.jpg,C21 C double common,C21,Room,CLEAN,CLEAN,0.03899,4,384,tile2x2_concat,10240,unweighted,0.15,correct,CLEAN,NEAT,Two beds with cabinets holding bottles and books; tiles clean.,Wall discolouration - maintenance
C21 C double common/IMG_20260918_112727.jpg,IMG_20260918_112727.jpg,C21 C double common,C21,Room,CLEAN,CLEAN,0.01274,4,384,tile2x2_concat,10240,unweighted,0.15,correct,CLEAN,NEAT,Bed with bedcover and cabinet with personal items; nothing discarded.,
C21 C double common/IMG_20260918_112741.jpg,IMG_20260918_112741.jpg,C21 C double common,C21,Room,CLEAN,CLEAN,0.016587,4,384,tile2x2_concat,10240,unweighted,0.15,correct,NOT_FULLY_VISIBLE,NEAT,Bed with quilt spread on it; no waste or dirt visible.,
C21 C double common/IMG_20260918_112745.jpg,IMG_20260918_112745.jpg,C21 C double common,C21,Room,CLEAN,CLEAN,0.071867,4,384,tile2x2_concat,10240,unweighted,0.15,correct,CLEAN,NEAT,"Beds, cabinets and a stored carton; floor clear of litter.",
C21 C double common/IMG_20260918_112750.jpg,IMG_20260918_112750.jpg,C21 C double common,C21,Room,CLEAN,CLEAN,0.004005,4,384,tile2x2_concat,10240,unweighted,0.15,correct,CLEAN,NEAT,Bed with folded clothes and footwear kept at the doorway; floor clean.,
C21 C double common/IMG_20260918_112755.jpg,IMG_20260918_112755.jpg,C21 C double common,C21,Room,CLEAN,NOT_CLEAN,0.366007,4,384,tile2x2_concat,10240,unweighted,0.15,false_positive,CLEAN,NEAT,"Desk with bottles and toiletries and a wardrobe; floor clean, no waste.",
C21 C double common/IMG_20260918_112759.jpg,IMG_20260918_112759.jpg,C21 C double common,C21,Room,CLEAN,CLEAN,0.005709,4,384,tile2x2_concat,10240,unweighted,0.15,correct,CLEAN,NEAT,"Bed with bedcover, cabinet with books and bottles and a paper bag beside it; floor clean.",Dark marks on wall - maintenance
C21 D single attach/C21 D single attach.jpg,C21 D single attach.jpg,C21 D single attach,C21,Room,CLEAN,CLEAN,0.000243,4,384,tile2x2_concat,10240,unweighted,0.15,correct,NOT_FULLY_VISIBLE,NEAT,Wardrobe and wall; visible floor clear with nothing discarded.,
C21 D single attach/IMG_20260918_112920.jpg,IMG_20260918_112920.jpg,C21 D single attach,C21,Room,CLEAN,NOT_CLEAN,0.695402,4,384,tile2x2_concat,10240,unweighted,0.15,false_positive,CLEAN,NEAT,Tiles clean and shiny with mat and drying stand; storage rack against the wall.,
C21 D single attach/IMG_20260918_112926.jpg,IMG_20260918_112926.jpg,C21 D single attach,C21,Room,CLEAN,NOT_CLEAN,0.28018,4,384,tile2x2_concat,10240,unweighted,0.15,false_positive,CLEAN,NEAT,Desk with bottles and toiletries and cartons stacked on the rack; floor clean.,
C21 D single attach/IMG_20260918_112934.jpg,IMG_20260918_112934.jpg,C21 D single attach,C21,Room,CLEAN,CLEAN,0.0052,4,384,tile2x2_concat,10240,unweighted,0.15,correct,CLEAN,NEAT,Bed with blanket and a rack with bottles beside it; no waste.,Wall stain - maintenance
C21 D single attach/IMG_20260918_112938.jpg,IMG_20260918_112938.jpg,C21 D single attach,C21,Room,CLEAN,NOT_CLEAN,0.250779,4,384,tile2x2_concat,10240,unweighted,0.15,false_positive,CLEAN,NEAT,Desk with organised bottles and plate and cartons on the rack; floor clean with no litter.,Chipped desk panel - maintenance
C21 D single attach/IMG_20260918_112950.jpg,IMG_20260918_112950.jpg,C21 D single attach,C21,Room,CLEAN,CLEAN,0.009308,4,384,tile2x2_concat,10240,unweighted,0.15,correct,CLEAN,NEAT,Storage rack with hangers and boxes kept in order; floor clean.,
C21 D single attach/IMG_20260918_112954.jpg,IMG_20260918_112954.jpg,C21 D single attach,C21,Room,CLEAN,CLEAN,0.00547,4,384,tile2x2_concat,10240,unweighted,0.15,correct,CLEAN,NEAT,"Wardrobe and rack with a floor mat by the door and a cloth on the floor; tiles clean, no waste.",
C21 D single attach/IMG_20260918_113000.jpg,IMG_20260918_113000.jpg,C21 D single attach,C21,Room,CLEAN,NOT_CLEAN,0.150486,4,384,tile2x2_concat,10240,unweighted,0.15,false_positive,NOT_FULLY_VISIBLE,NEAT,Bed corner with bottles on the cabinet; no residue or waste visible.,Damp stain - maintenance
C31 B double attach/C31 b double attach.jpg,C31 b double attach.jpg,C31 B double attach,C31,Room,NOT_CLEAN,NOT_CLEAN,0.35396,5,384,tile2x2_concat,10240,unweighted,0.08,correct,CLEAN,NOT_NEAT,"Tiles are clean with no dirt or garbage, but cooking vessels, cables, a racket, bags and a bottle are piled directly on the floor in the corner with packaging and an empty wrapper on the table - the room looks untidy.",
C31 B double attach/IMG_20260918_114321.jpg,IMG_20260918_114321.jpg,C31 B double attach,C31,Room,NOT_CLEAN,CLEAN,0.01199,5,384,tile2x2_concat,10240,unweighted,0.08,false_negative,CLEAN,NOT_NEAT,"Opened carton with papers on the floor by the fridge, backpack dropped beside it, slippers loose and suitcase in the walkway; tiles themselves clean.",
C31 B double attach/IMG_20260918_114326.jpg,IMG_20260918_114326.jpg,C31 B double attach,C31,Room,NOT_CLEAN,NOT_CLEAN,0.160545,5,384,tile2x2_concat,10240,unweighted,0.08,correct,CLEAN,NOT_NEAT,"Bedding tangled across the bed, packaging carton on the table, bag pushed under it and slippers on the floor.",
C31 B double attach/IMG_20260918_114331.jpg,IMG_20260918_114331.jpg,C31 B double attach,C31,Room,NOT_CLEAN,NOT_CLEAN,0.192068,5,384,tile2x2_concat,10240,unweighted,0.08,correct,CLEAN,NOT_NEAT,"Bed unmade with bedding loose, opened package on the table and bags underneath; tiles clean but the room is visibly unarranged.",
C31 B double attach/IMG_20260918_114344.jpg,IMG_20260918_114344.jpg,C31 B double attach,C31,Room,NOT_CLEAN,NOT_CLEAN,0.638479,5,384,tile2x2_concat,10240,unweighted,0.08,correct,NOT_FULLY_VISIBLE,NOT_NEAT,"Bedding, clothes, a power strip and a plastic bag tangled together across the whole bed.",
C31 B double attach/IMG_20260918_114348.jpg,IMG_20260918_114348.jpg,C31 B double attach,C31,Room,NOT_CLEAN,NOT_CLEAN,0.617242,5,384,tile2x2_concat,10240,unweighted,0.08,correct,CLEAN,NOT_NEAT,"Torn shoe box and bottles on the wardrobes, vessels and cables piled on the floor and opened packaging on the ledge.",
C31 B double attach/IMG_20260918_114351.jpg,IMG_20260918_114351.jpg,C31 B double attach,C31,Room,NOT_CLEAN,CLEAN,0.055249,5,384,tile2x2_concat,10240,unweighted,0.08,false_negative,CLEAN,NOT_NEAT,"Floor tiles visibly clean, but the corner holds vessels, cables and a bag on the floor with a slipper mid-room and a cloth thrown over the bed.",
C31 B double attach/IMG_20260918_114356.jpg,IMG_20260918_114356.jpg,C31 B double attach,C31,Room,CLEAN,CLEAN,0.029988,5,384,tile2x2_concat,10240,unweighted,0.08,correct,CLEAN,NEAT,"Clean tiles with a suitcase stood against the wall, coat on the door and folded bedding - belongings reasonably placed, no waste.",
C31 C double Common/IMG_20260918_113835.jpg,IMG_20260918_113835.jpg,C31 C double Common,C31,Room,CLEAN,CLEAN,0.000777,5,384,tile2x2_concat,10240,unweighted,0.08,correct,CLEAN,NEAT,"Tiles clean with no housekeeping dirt or waste; suitcase stood upright, clothes on the bed and shoes together - reasonably arranged.",
C31 C double Common/IMG_20260918_113838.jpg,IMG_20260918_113838.jpg,C31 C double Common,C31,Room,CLEAN,CLEAN,0.008667,5,384,tile2x2_concat,10240,unweighted,0.08,correct,CLEAN,NEAT,Floor tiles clean and no garbage; clothes on the bed with backpack and slippers beside it are normal belongings reasonably placed.,
C31 C double Common/IMG_20260918_113846.jpg,IMG_20260918_113846.jpg,C31 C double Common,C31,Room,CLEAN,CLEAN,0.01971,5,384,tile2x2_concat,10240,unweighted,0.08,correct,CLEAN,NEAT,One pile of clothes on the mattress; floor clean and empty with nothing discarded.,
C31 C double Common/IMG_20260918_113854.jpg,IMG_20260918_113854.jpg,C31 C double Common,C31,Room,CLEAN,CLEAN,0.000774,5,384,tile2x2_concat,10240,unweighted,0.08,correct,CLEAN,NEAT,A few garments on the mattress and a closed cabinet; floor clean.,
C31 C double Common/IMG_20260918_113857.jpg,IMG_20260918_113857.jpg,C31 C double Common,C31,Room,CLEAN,CLEAN,0.005731,5,384,tile2x2_concat,10240,unweighted,0.08,correct,CLEAN,NEAT,Bare mattress and open doorway; tiles clean and clear.,
C31 C double Common/IMG_20260918_113901.jpg,IMG_20260918_113901.jpg,C31 C double Common,C31,Room,CLEAN,CLEAN,0.004604,5,384,tile2x2_concat,10240,unweighted,0.08,correct,CLEAN,NEAT,"Blanket and clothes on the bed, snack packet and papers on the cabinet, backpack beside it; no waste on the floor and no residue.",Wall marks - maintenance
C31 C double Common/IMG_20260918_113909.jpg,IMG_20260918_113909.jpg,C31 C double Common,C31,Room,CLEAN,CLEAN,0.000829,5,384,tile2x2_concat,10240,unweighted,0.08,correct,CLEAN,NEAT,"Desk with laptop, suitcase and shoes by the wardrobe and clothes on hooks; tiles clean.",
C31 C double Common/IMG_20260918_113912.jpg,IMG_20260918_113912.jpg,C31 C double Common,C31,Room,CLEAN,CLEAN,0.002621,5,384,tile2x2_concat,10240,unweighted,0.08,correct,CLEAN,NEAT,"Study corner with laptop and bottle, clothes hanging and luggage below; nothing discarded.",
C31 D single attach/IMG_20260918_114047.jpg,IMG_20260918_114047.jpg,C31 D single attach,C31,Room,CLEAN,CLEAN,2.1e-05,5,384,tile2x2_concat,10240,unweighted,0.08,correct,CLEAN,NEAT,Tiles clean and reflective with wardrobe and fridge against the wall; nothing discarded.,
C31 D single attach/IMG_20260918_114050.jpg,IMG_20260918_114050.jpg,C31 D single attach,C31,Room,CLEAN,CLEAN,0.000389,5,384,tile2x2_concat,10240,unweighted,0.08,correct,CLEAN,NEAT,Clean shiny floor with doormat; no litter or residue.,
C31 D single attach/IMG_20260918_114054.jpg,IMG_20260918_114054.jpg,C31 D single attach,C31,Room,CLEAN,CLEAN,0.006128,5,384,tile2x2_concat,10240,unweighted,0.08,correct,CLEAN,NEAT,"Table with iron, bottles and a snack packet and a towel over the chair; floor clean with no waste.",
C31 D single attach/IMG_20260918_114058.jpg,IMG_20260918_114058.jpg,C31 D single attach,C31,Room,CLEAN,CLEAN,0.000139,5,384,tile2x2_concat,10240,unweighted,0.08,correct,NOT_FULLY_VISIBLE,NEAT,Bed with pillows and bedcover and a coat on the hook; nothing dirty or discarded.,
C31 D single attach/IMG_20260918_114111.jpg,IMG_20260918_114111.jpg,C31 D single attach,C31,Room,CLEAN,CLEAN,0.000607,5,384,tile2x2_concat,10240,unweighted,0.08,correct,CLEAN,NEAT,Wardrobe and cabinet; tiles clean and clear.,
C31 D single attach/IMG_20260918_114115.jpg,IMG_20260918_114115.jpg,C31 D single attach,C31,Room,CLEAN,CLEAN,0.000679,5,384,tile2x2_concat,10240,unweighted,0.08,correct,CLEAN,NEAT,Door area with doormat; floor clean with no litter.,Peeling/damp at wall base - maintenance
C31 D single attach/IMG_20260918_114120.jpg,IMG_20260918_114120.jpg,C31 D single attach,C31,Room,CLEAN,CLEAN,0.012205,5,384,tile2x2_concat,10240,unweighted,0.08,correct,CLEAN,NEAT,"Bed with clothes, towel, bottle, comb and remote - normal belongings; floor clean with no waste.",
C31 D single attach/IMG_20260918_114127.jpg,IMG_20260918_114127.jpg,C31 D single attach,C31,Room,CLEAN,CLEAN,0.001532,5,384,tile2x2_concat,10240,unweighted,0.08,correct,CLEAN,NEAT,Door and wardrobe with doormat on clean tiles; no waste or dirt visible.,Peeling paint at wall base - maintenance
A33 A single attach/A33 A Single attach. .jpg,A33 A Single attach. .jpg,A33 A single attach,A33,Room,CLEAN,CLEAN,0.000998,1,384,tile2x2_concat,10240,class_weighted,0.11,correct,CLEAN,NEAT,Tiles are clean with only a doormat; no visible housekeeping dirt or waste.,
A33 A single attach/IMG_20260918_104751.jpg,IMG_20260918_104751.jpg,A33 A single attach,A33,Room,CLEAN,NOT_CLEAN,0.345428,1,384,tile2x2_concat,10240,class_weighted,0.11,false_positive,CLEAN,NEAT,Open floor clean with no debris; suitcase stood against the wall and a few desk items reasonably arranged.,
A33 A single attach/IMG_20260918_104756.jpg,IMG_20260918_104756.jpg,A33 A single attach,A33,Room,CLEAN,CLEAN,0.050775,1,384,tile2x2_concat,10240,class_weighted,0.11,correct,CLEAN,NEAT,"Floor clean and free of waste; bed covered, desks hold bottles and small items in order.",
A33 A single attach/IMG_20260918_104801.jpg,IMG_20260918_104801.jpg,A33 A single attach,A33,Room,CLEAN,NOT_CLEAN,0.767724,1,384,tile2x2_concat,10240,class_weighted,0.11,false_positive,CLEAN,NEAT,"No dirt, residue or waste visible; helmet and a few clothes rest on the made bed.",
A33 A single attach/IMG_20260918_104805.jpg,IMG_20260918_104805.jpg,A33 A single attach,A33,Room,CLEAN,NOT_CLEAN,0.288222,1,384,tile2x2_concat,10240,class_weighted,0.11,false_positive,CLEAN,NEAT,Floor clean with no waste; clothes and helmet on the bed are normal belongings.,
A33 A single attach/IMG_20260918_104828.jpg,IMG_20260918_104828.jpg,A33 A single attach,A33,Room,CLEAN,CLEAN,0.019731,1,384,tile2x2_concat,10240,class_weighted,0.11,correct,CLEAN,NEAT,Wardrobe area clean with one bottle standing on the floor; no debris or residue.,
A33 C double common/A33 C double Common.jpg,A33 C double Common.jpg,A33 C double common,A33,Room,CLEAN,CLEAN,0.001417,1,384,tile2x2_concat,10240,class_weighted,0.11,correct,NOT_FULLY_VISIBLE,NEAT,"Bed with blanket, small carton on the side table and towels at the window; nothing dirty or discarded visible.",
A33 C double common/IMG_20260918_105110.jpg,IMG_20260918_105110.jpg,A33 C double common,A33,Room,CLEAN,CLEAN,0.012652,1,384,tile2x2_concat,10240,class_weighted,0.11,correct,CLEAN,NEAT,"Floor clean with no waste; desk and chair clear, blanket left bunched on the bed only.",
A33 C double common/IMG_20260918_105117.jpg,IMG_20260918_105117.jpg,A33 C double common,A33,Room,CLEAN,CLEAN,0.003236,1,384,tile2x2_concat,10240,class_weighted,0.11,correct,CLEAN,NEAT,"Tiles clean, no housekeeping dirt; bedding loose on the bed.",
A33 C double common/IMG_20260918_105124.jpg,IMG_20260918_105124.jpg,A33 C double common,A33,Room,CLEAN,CLEAN,0.001009,1,384,tile2x2_concat,10240,class_weighted,0.11,correct,CLEAN,NEAT,"Suitcase stored on the wardrobe and a bottle above; floor clean, no waste.",
A33 C double common/IMG_20260918_105135.jpg,IMG_20260918_105135.jpg,A33 C double common,A33,Room,CLEAN,CLEAN,0.010178,1,384,tile2x2_concat,10240,class_weighted,0.11,correct,CLEAN,NEAT,Desks and chairs in place with a cable along the floor; no waste or dirt visible.,
A33 C double common/IMG_20260918_105143.jpg,IMG_20260918_105143.jpg,A33 C double common,A33,Room,CLEAN,NOT_CLEAN,0.356783,1,384,tile2x2_concat,10240,class_weighted,0.11,false_positive,CLEAN,NEAT,A few clothes on the bed and a weighing scale on the floor; floor clean.,
A33 C double common/IMG_20260918_105157.jpg,IMG_20260918_105157.jpg,A33 C double common,A33,Room,NOT_CLEAN,CLEAN,0.005255,1,384,tile2x2_concat,10240,class_weighted,0.11,false_negative,CLEAN,NOT_NEAT,"A large crumpled brown packing cover lies discarded on the floor beside the suitcase - visible waste material, so the area is not clean. Tiles themselves are clean.",
A33 C double common/IMG_20260918_105203.jpg,IMG_20260918_105203.jpg,A33 C double common,A33,Room,NOT_CLEAN,NOT_CLEAN,0.289563,1,384,tile2x2_concat,10240,class_weighted,0.11,correct,CLEAN,NOT_NEAT,Closer view of the same discarded packing cover spread loose across the floor.,
A33 C double common/IMG_20260918_105215.jpg,IMG_20260918_105215.jpg,A33 C double common,A33,Room,CLEAN,CLEAN,0.008124,1,384,tile2x2_concat,10240,class_weighted,0.11,correct,CLEAN,NEAT,"Cabinet with utensils, clothes on a hook, scale on the floor; no waste or residue.",
A33 C double common/IMG_20260918_105219.jpg,IMG_20260918_105219.jpg,A33 C double common,A33,Room,CLEAN,NOT_CLEAN,0.111648,1,384,tile2x2_concat,10240,class_weighted,0.11,false_positive,CLEAN,NEAT,Floor clean and clear; clothes hanging behind the door.,
A33 C double common/IMG_20260918_105224.jpg,IMG_20260918_105224.jpg,A33 C double common,A33,Room,CLEAN,CLEAN,0.058236,1,384,tile2x2_concat,10240,class_weighted,0.11,correct,CLEAN,NEAT,Carton and luggage stored beside the bed; no garbage or dirt visible.,Damp patch on wall - maintenance
A33 C double common/IMG_20260918_105241.jpg,IMG_20260918_105241.jpg,A33 C double common,A33,Room,CLEAN,CLEAN,3.6e-05,1,384,tile2x2_concat,10240,class_weighted,0.11,correct,CLEAN,NEAT,"Window wall and doorway; floor clean, nothing discarded.",
A33 C double common/IMG_20260918_105245.jpg,IMG_20260918_105245.jpg,A33 C double common,A33,Room,CLEAN,CLEAN,0.020245,1,384,tile2x2_concat,10240,class_weighted,0.11,correct,CLEAN,NEAT,"Wide view: bed made, suitcase on the wardrobe, floor clean.",
A34 A single attach/A34 A Single attach.jpg,A34 A Single attach.jpg,A34 A single attach,A34,Room,CLEAN,CLEAN,0.002249,2,384,tile2x2_concat,10240,class_weighted,0.07,correct,CLEAN,NEAT,Bed corner with folded bedding; no waste and the visible floor is clean.,Wall holes and marks - maintenance
A34 A single attach/IMG_20260918_104319.jpg,IMG_20260918_104319.jpg,A34 A single attach,A34,Room,CLEAN,CLEAN,0.017617,2,384,tile2x2_concat,10240,class_weighted,0.07,correct,CLEAN,NEAT,"Desk, paper bags and stool kept together in the corner; floor clean, no waste.",
A34 A single attach/IMG_20260918_104324.jpg,IMG_20260918_104324.jpg,A34 A single attach,A34,Room,CLEAN,CLEAN,0.001198,2,384,tile2x2_concat,10240,class_weighted,0.07,correct,CLEAN,NEAT,Large open floor area clean and clear of debris.,
A34 A single attach/IMG_20260918_104330.jpg,IMG_20260918_104330.jpg,A34 A single attach,A34,Room,CLEAN,CLEAN,0.000344,2,384,tile2x2_concat,10240,class_weighted,0.07,correct,CLEAN,NEAT,Desk with computer and towel folded on the chair; floor clean.,
A34 A single attach/IMG_20260918_104334.jpg,IMG_20260918_104334.jpg,A34 A single attach,A34,Room,CLEAN,CLEAN,0.000145,2,384,tile2x2_concat,10240,class_weighted,0.07,correct,CLEAN,NEAT,Bed made with a few clothes on it; no waste or residue.,
A34 A single attach/IMG_20260918_104337.jpg,IMG_20260918_104337.jpg,A34 A single attach,A34,Room,CLEAN,CLEAN,0.000964,2,384,tile2x2_concat,10240,class_weighted,0.07,correct,CLEAN,NEAT,"Bed covered, floor clean, nothing discarded.",
A34 A single attach/IMG_20260918_104358.jpg,IMG_20260918_104358.jpg,A34 A single attach,A34,Room,CLEAN,CLEAN,0.06701,2,384,tile2x2_concat,10240,class_weighted,0.07,correct,CLEAN,NEAT,Desk in use with a box stored underneath; no debris on the floor.,
A34 A single attach/IMG_20260918_104414.jpg,IMG_20260918_104414.jpg,A34 A single attach,A34,Room,CLEAN,CLEAN,0.000629,2,384,tile2x2_concat,10240,class_weighted,0.07,correct,CLEAN,NEAT,Doorway with doormat and luggage against the wall; floor clean.,
A34 A single attach/IMG_20260918_104444.jpg,IMG_20260918_104444.jpg,A34 A single attach,A34,Room,CLEAN,CLEAN,0.01219,2,384,tile2x2_concat,10240,class_weighted,0.07,correct,CLEAN,NEAT,"Utility corner with ironing board, rack and bucket arranged along the wall; floor clean.",
A34 A single attach/IMG_20260918_104514.jpg,IMG_20260918_104514.jpg,A34 A single attach,A34,Room,CLEAN,CLEAN,0.023897,2,384,tile2x2_concat,10240,class_weighted,0.07,correct,CLEAN,NEAT,Storage corner kept in order; no waste or dirt visible.,
A34 B double attach/A34 B double attach.jpg,A34 B double attach.jpg,A34 B double attach,A34,Room,NOT_CLEAN,NOT_CLEAN,0.256687,2,384,tile2x2_concat,10240,class_weighted,0.07,correct,CLEAN,NOT_NEAT,"Tiles are clean with no housekeeping dirt, but clothes are dumped over a chair and over storage boxes with cartons and a jar crowding the corner - the room looks untidy.",
A34 B double attach/IMG_20260918_103815.jpg,IMG_20260918_103815.jpg,A34 B double attach,A34,Room,NOT_CLEAN,CLEAN,0.00507,2,384,tile2x2_concat,10240,class_weighted,0.07,false_negative,CLEAN,NOT_NEAT,"Tiles clean, but five-plus pairs of shoes and a slipper lie spread across the floor, a yellow bag is dropped on the tiles and clothes are strewn over a bare mattress.",
A34 B double attach/IMG_20260918_103820.jpg,IMG_20260918_103820.jpg,A34 B double attach,A34,Room,NOT_CLEAN,CLEAN,0.034952,2,384,tile2x2_concat,10240,class_weighted,0.07,false_negative,CLEAN,NOT_NEAT,"Clothes heaped over both mattresses, shoes and a bag on the floor, a packet left on the mattress; floor itself clean.",
A34 B double attach/IMG_20260918_103827.jpg,IMG_20260918_103827.jpg,A34 B double attach,A34,Room,NOT_CLEAN,NOT_CLEAN,0.246638,2,384,tile2x2_concat,10240,class_weighted,0.07,correct,CLEAN,NOT_NEAT,"Clothes and a steel vessel dumped on the chair, slippers loose on the floor, mattress standing across the bathroom doorway.",
A34 B double attach/IMG_20260918_103844.jpg,IMG_20260918_103844.jpg,A34 B double attach,A34,Room,NOT_CLEAN,CLEAN,0.001939,2,384,tile2x2_concat,10240,class_weighted,0.07,false_negative,CLEAN,NOT_NEAT,"A cloth is thrown over the chair and trails onto the floor, with further scattered items and bottles visible in the room beyond.",
A34 B double attach/IMG_20260918_103854.jpg,IMG_20260918_103854.jpg,A34 B double attach,A34,Room,NOT_CLEAN,NOT_CLEAN,0.702538,2,384,tile2x2_concat,10240,class_weighted,0.07,correct,CLEAN,NOT_NEAT,"Two open suitcases on the floor with contents spilling out, shoes scattered around them, clothes heaped on the mattress.",
A34 B double attach/IMG_20260918_103858.jpg,IMG_20260918_103858.jpg,A34 B double attach,A34,Room,NOT_CLEAN,NOT_CLEAN,0.76757,2,384,tile2x2_concat,10240,class_weighted,0.07,correct,CLEAN,NOT_NEAT,"Open suitcase tipped onto the floor, yellow bag and slipper on the tiles, clothes across both mattresses.",
A34 B double attach/IMG_20260918_104015.jpg,IMG_20260918_104015.jpg,A34 B double attach,A34,Room,NOT_CLEAN,NOT_CLEAN,0.29437,2,384,tile2x2_concat,10240,class_weighted,0.07,correct,CLEAN,NOT_NEAT,Clothes draped over two chairs with a carton and jar on the floor corner; tiles clean but the corner is unarranged.,
A34 B double attach/IMG_20260918_104031.jpg,IMG_20260918_104031.jpg,A34 B double attach,A34,Room,NOT_CLEAN,NOT_CLEAN,0.681812,2,384,tile2x2_concat,10240,class_weighted,0.07,correct,CLEAN,NOT_NEAT,"Clothes over chairs, open suitcase on the floor, shoes below the bed; the room looks visibly untidy.",
B41 B double attach/B41  B Double attach.jpg,B41  B Double attach.jpg,B41 B double attach,B41,Room,CLEAN,NOT_CLEAN,0.370411,3,384,tile2x2_concat,10240,class_weighted,0.05,false_positive,CLEAN,NEAT,"Desk with laptop and bottles, towel on the chair; floor clean and clear of waste.",
B41 B double attach/B41 B double attach. .jpg,B41 B double attach. .jpg,B41 B double attach,B41,Room,CLEAN,CLEAN,0.007786,3,384,tile2x2_concat,10240,class_weighted,0.05,correct,CLEAN,NEAT,"Backpack kept on the floor and footwear on a rack; tiles clean, no debris.",
B41 B double attach/IMG_20260918_111705.jpg,IMG_20260918_111705.jpg,B41 B double attach,B41,Room,CLEAN,NOT_CLEAN,0.348288,3,384,tile2x2_concat,10240,class_weighted,0.05,false_positive,CLEAN,NEAT,"Bed with bedding, suitcase beside it and shoes under the bed; no waste or residue.",
B41 B double attach/IMG_20260918_111711.jpg,IMG_20260918_111711.jpg,B41 B double attach,B41,Room,CLEAN,CLEAN,0.044514,3,384,tile2x2_concat,10240,class_weighted,0.05,correct,CLEAN,NEAT,Bedding pulled back and shoes kept under the bed; floor clean.,
B41 B double attach/IMG_20260918_111715.jpg,IMG_20260918_111715.jpg,B41 B double attach,B41,Room,CLEAN,CLEAN,0.003818,3,384,tile2x2_concat,10240,class_weighted,0.05,correct,CLEAN,NEAT,Study corner in use with a towel on the chair; no residue or debris.,
B41 B double attach/IMG_20260918_111718.jpg,IMG_20260918_111718.jpg,B41 B double attach,B41,Room,CLEAN,CLEAN,0.044546,3,384,tile2x2_concat,10240,class_weighted,0.05,correct,CLEAN,NEAT,"Laptop and bottles on the desk, clothes on the bed, slippers at the bedside - reasonably placed.",
B41 B double attach/IMG_20260918_111720.jpg,IMG_20260918_111720.jpg,B41 B double attach,B41,Room,CLEAN,CLEAN,0.020317,3,384,tile2x2_concat,10240,class_weighted,0.05,correct,CLEAN,NEAT,Towel hanging to dry and pillow on the bed; nothing discarded.,
B41 B double attach/IMG_20260918_111728.jpg,IMG_20260918_111728.jpg,B41 B double attach,B41,Room,CLEAN,CLEAN,0.024225,3,384,tile2x2_concat,10240,class_weighted,0.05,correct,CLEAN,NEAT,"Doormat at the door, suitcase and shoes stored beside the bed; floor clean.",
B41 B double attach/IMG_20260918_111733.jpg,IMG_20260918_111733.jpg,B41 B double attach,B41,Room,CLEAN,CLEAN,0.010558,3,384,tile2x2_concat,10240,class_weighted,0.05,correct,CLEAN,NEAT,Wardrobes with containers stored on top; floor clean and clear.,
B41 B double attach/IMG_20260918_111738.jpg,IMG_20260918_111738.jpg,B41 B double attach,B41,Room,CLEAN,CLEAN,0.003557,3,384,tile2x2_concat,10240,class_weighted,0.05,correct,CLEAN,NEAT,"Iron kept on the shelf and clothes hanging; floor clean, no waste.",
B41 B double attach/IMG_20260918_111743.jpg,IMG_20260918_111743.jpg,B41 B double attach,B41,Room,CLEAN,NOT_CLEAN,0.18181,3,384,tile2x2_concat,10240,class_weighted,0.05,false_positive,CLEAN,NEAT,Tiles clean; shoes under the bed and towel on the chair.,
B41 C double common/Kitchen/IMG_20260918_110949.jpg,IMG_20260918_110949.jpg,B41 C double common,B41,Kitchen,NOT_CLEAN,NOT_CLEAN,0.482249,3,384,tile2x2_concat,10240,class_weighted,0.05,correct,CLEAN,NOT_NEAT,"Kitchen surfaces show visible dirty conditions: dried spilled residue across the fridge top, a tray and plastic bags of waste left on the counter, and a cloth lying on the floor.",
B41 C double common/Kitchen/IMG_20260918_111002.jpg,IMG_20260918_111002.jpg,B41 C double common,B41,Kitchen,NOT_CLEAN,NOT_CLEAN,0.997108,3,384,tile2x2_concat,10240,class_weighted,0.05,correct,CLEAN,NOT_NEAT,Counter slab is stained and greasy along its length with food residue around the induction plate; vessels and jars sit in the residue and a cloth is dropped on the floor by the bin.,
B41 C double common/Kitchen/IMG_20260918_111005.jpg,IMG_20260918_111005.jpg,B41 C double common,B41,Kitchen,NOT_CLEAN,NOT_CLEAN,0.421187,3,384,tile2x2_concat,10240,class_weighted,0.05,correct,CLEAN,NOT_NEAT,"Sink and surrounding slab show residue and grime, and a dirty cloth lies on the floor beside the washing machine.",Flaking plaster below the slab - maintenance
B41 C double common/Kitchen/IMG_20260918_111008.jpg,IMG_20260918_111008.jpg,B41 C double common,B41,Kitchen,CLEAN,NOT_CLEAN,0.334271,3,384,tile2x2_concat,10240,class_weighted,0.05,false_positive,CLEAN,NEAT,"Kitchen/utility area is clean with no visible housekeeping dirt or waste; washing machine, shoe rack and clothes on a stool are normal household use.",
B41 C double common/Kitchen/IMG_20260918_111013.jpg,IMG_20260918_111013.jpg,B41 C double common,B41,Kitchen,CLEAN,CLEAN,0.002428,3,384,tile2x2_concat,10240,class_weighted,0.05,correct,CLEAN,NEAT,"Clothes on a drying stand beside the doors are normal use, not a cleanliness problem; floor clean with no waste.",
B41 C double common/B 41 C  double common.jpg,B 41 C  double common.jpg,B41 C double common,B41,Room,NOT_CLEAN,CLEAN,0.003156,3,384,tile2x2_concat,10240,class_weighted,0.05,false_negative,DIRTY,NOT_NEAT,"White paper debris lies on the floor tiles near the door, so the floor is not clean; cloth over a chair and bucket on the floor.",
B41 C double common/IMG_20260918_111123.jpg,IMG_20260918_111123.jpg,B41 C double common,B41,Room,CLEAN,CLEAN,0.001289,3,384,tile2x2_concat,10240,class_weighted,0.05,correct,CLEAN,NEAT,"Wardrobe, umbrella opened to dry and bed with bedcover; no housekeeping dirt or waste visible.",
B41 C double common/IMG_20260918_111127.jpg,IMG_20260918_111127.jpg,B41 C double common,B41,Room,CLEAN,CLEAN,0.001058,3,384,tile2x2_concat,10240,class_weighted,0.05,correct,NOT_FULLY_VISIBLE,NEAT,"Bedcover left rumpled with two garments on it and clothes hanging on wall hooks; no waste, residue or floor dirt visible - normal belongings.",Damp/peeling wall patch - maintenance
B41 C double common/IMG_20260918_111131.jpg,IMG_20260918_111131.jpg,B41 C double common,B41,Room,NOT_CLEAN,NOT_CLEAN,0.313369,3,384,tile2x2_concat,10240,class_weighted,0.05,correct,CLEAN,NOT_NEAT,"Table crowded with bottles, packets and paper bags; clothes heaped on the bed and spilling onto the floor with a backpack among them.",Damp wall patch - maintenance
B41 C double common/IMG_20260918_111134.jpg,IMG_20260918_111134.jpg,B41 C double common,B41,Room,NOT_CLEAN,CLEAN,0.021688,3,384,tile2x2_concat,10240,class_weighted,0.05,false_negative,CLEAN,NOT_NEAT,Bed covered by a pile of loose clothes with more items stacked on the side table.,Dark damp staining - maintenance
B41 C double common/IMG_20260918_111147.jpg,IMG_20260918_111147.jpg,B41 C double common,B41,Room,NOT_CLEAN,NOT_CLEAN,0.117509,3,384,tile2x2_concat,10240,class_weighted,0.05,correct,DIRTY,NOT_NEAT,A crumpled tissue/paper piece lies on the floor tile - visible waste on the floor; cloths draped over the bed frame and chair.,
B41 C double common/IMG_20260918_111209.jpg,IMG_20260918_111209.jpg,B41 C double common,B41,Room,NOT_CLEAN,NOT_CLEAN,0.385636,3,384,tile2x2_concat,10240,class_weighted,0.05,correct,CLEAN,NOT_NEAT,"Clothes heaped on the bed and dropped on the floor, paper bags and a backpack on the tiles, table crowded with bottles.",Damp stain - maintenance
B41 C double common/IMG_20260918_111216.jpg,IMG_20260918_111216.jpg,B41 C double common,B41,Room,CLEAN,CLEAN,0.001526,3,384,tile2x2_concat,10240,class_weighted,0.05,correct,NOT_FULLY_VISIBLE,NEAT,Clothes hanging on the wall hook and bed with bedcover; no waste or housekeeping dirt visible.,Large damp/peeling patch - maintenance only
B41 C double common/IMG_20260918_111220.jpg,IMG_20260918_111220.jpg,B41 C double common,B41,Room,NOT_CLEAN,CLEAN,0.000849,3,384,tile2x2_concat,10240,class_weighted,0.05,false_negative,DIRTY,NOT_NEAT,"Two white paper/tissue pieces lie on the passage tiles, so the floor is not clean; clothes draped over a stool and chair.",
B41 D single attach/B41 D single attach.jpg,B41 D single attach.jpg,B41 D single attach,B41,Room,CLEAN,CLEAN,0.000655,3,384,tile2x2_concat,10240,class_weighted,0.05,correct,CLEAN,NEAT,Tiles clean and shiny with doormat and dustbin in place; no waste.,
B41 D single attach/IMG_20260918_111416.jpg,IMG_20260918_111416.jpg,B41 D single attach,B41,Room,CLEAN,CLEAN,0.012352,3,384,tile2x2_concat,10240,class_weighted,0.05,correct,CLEAN,NEAT,Bed neatly covered with a bag and cushion on it; floor clean.,
B41 D single attach/IMG_20260918_111425.jpg,IMG_20260918_111425.jpg,B41 D single attach,B41,Room,CLEAN,CLEAN,0.001423,3,384,tile2x2_concat,10240,class_weighted,0.05,correct,CLEAN,NEAT,Clean reflective floor with dustbin by the balcony door; no debris or stains.,
B41 D single attach/IMG_20260918_111442.jpg,IMG_20260918_111442.jpg,B41 D single attach,B41,Room,CLEAN,CLEAN,0.005428,3,384,tile2x2_concat,10240,class_weighted,0.05,correct,CLEAN,NEAT,Desk with a bottle and charger; floor clear of waste.,
B41 D single attach/IMG_20260918_111500.jpg,IMG_20260918_111500.jpg,B41 D single attach,B41,Room,CLEAN,CLEAN,0.017596,3,384,tile2x2_concat,10240,class_weighted,0.05,correct,CLEAN,NEAT,Suitcase stored on the wardrobe and slippers kept beside it; floor clean.,
B41 D single attach/IMG_20260918_111507.jpg,IMG_20260918_111507.jpg,B41 D single attach,B41,Room,CLEAN,CLEAN,0.000583,3,384,tile2x2_concat,10240,class_weighted,0.05,correct,CLEAN,NEAT,Bed with pillow and folded cloth; no waste visible.,
B41 D single attach/IMG_20260918_111517.jpg,IMG_20260918_111517.jpg,B41 D single attach,B41,Room,CLEAN,CLEAN,0.002544,3,384,tile2x2_concat,10240,class_weighted,0.05,correct,CLEAN,NEAT,Backpack and cushion on the covered bed - normal belongings; floor clean.,
B41 D single attach/IMG_20260918_111527.jpg,IMG_20260918_111527.jpg,B41 D single attach,B41,Room,CLEAN,CLEAN,0.00046,3,384,tile2x2_concat,10240,class_weighted,0.05,correct,CLEAN,NEAT,Entry area with doormat and dustbin; tiles clean with no litter.,
C21 A single common/IMG_20260918_113220.jpg,IMG_20260918_113220.jpg,C21 A single common,C21,Room,NOT_CLEAN,CLEAN,0.035544,4,384,tile2x2_concat,10240,class_weighted,0.17,false_negative,NOT_FULLY_VISIBLE,NOT_NEAT,"A crushed empty bottle, a used tissue roll and a wrapper are left lying on the desk - visible waste that has not been cleared.",
C21 A single common/IMG_20260918_113224.jpg,IMG_20260918_113224.jpg,C21 A single common,C21,Room,CLEAN,CLEAN,0.027501,4,384,tile2x2_concat,10240,class_weighted,0.17,correct,CLEAN,NEAT,Cabinet with toiletries and bed corner; visible floor clear of waste and debris.,Marks on wall - maintenance
C21 A single common/IMG_20260918_113231.jpg,IMG_20260918_113231.jpg,C21 A single common,C21,Room,CLEAN,NOT_CLEAN,0.209632,4,384,tile2x2_concat,10240,class_weighted,0.17,false_positive,NOT_FULLY_VISIBLE,NEAT,Bed with pillow and bedcover; nothing dirty or discarded visible.,
C21 A single common/IMG_20260918_113239.jpg,IMG_20260918_113239.jpg,C21 A single common,C21,Room,CLEAN,NOT_CLEAN,0.193129,4,384,tile2x2_concat,10240,class_weighted,0.17,false_positive,CLEAN,NEAT,Bed with blanket and chair with towel; visible floor clear of waste.,
C21 A single common/IMG_20260918_113243.jpg,IMG_20260918_113243.jpg,C21 A single common,C21,Room,CLEAN,CLEAN,0.02938,4,384,tile2x2_concat,10240,class_weighted,0.17,correct,CLEAN,NEAT,Doorway with slippers kept at the side; floor clear of litter.,
C21 A single common/IMG_20260918_113250.jpg,IMG_20260918_113250.jpg,C21 A single common,C21,Room,NOT_CLEAN,CLEAN,0.106724,4,384,tile2x2_concat,10240,class_weighted,0.17,false_negative,DIRTY,NOT_NEAT,A dried spill/residue patch and a small lid lie on the floor in the desk corner and an empty bottle with a tissue roll is left on the desk - the corner has not been cleaned.,Grimy skirting - maintenance
C21 B double attach/C21 B double attach.jpg,C21 B double attach.jpg,C21 B double attach,C21,Room,CLEAN,CLEAN,0.014284,4,384,tile2x2_concat,10240,class_weighted,0.17,correct,CLEAN,NEAT,Helmet and suitcase stored on the wardrobe; floor clean and clear.,
C21 B double attach/IMG_20260918_113357.jpg,IMG_20260918_113357.jpg,C21 B double attach,C21,Room,CLEAN,CLEAN,0.005157,4,384,tile2x2_concat,10240,class_weighted,0.17,correct,CLEAN,NEAT,"Clothes on a wall hook, folded clothes on the bed, doormat in place; tiles clean with no waste.",Damp/mould at wall base - maintenance
C21 B double attach/IMG_20260918_113400.jpg,IMG_20260918_113400.jpg,C21 B double attach,C21,Room,CLEAN,CLEAN,0.007326,4,384,tile2x2_concat,10240,class_weighted,0.17,correct,CLEAN,NEAT,Two beds with bedding and folded clothes and a rug on the floor; no waste or dirt.,
C21 B double attach/IMG_20260918_113408.jpg,IMG_20260918_113408.jpg,C21 B double attach,C21,Room,CLEAN,CLEAN,0.007139,4,384,tile2x2_concat,10240,class_weighted,0.17,correct,CLEAN,NEAT,"Bed with pillows and clothes, cabinet and box beside it; floor clean.",
C21 B double attach/IMG_20260918_113413.jpg,IMG_20260918_113413.jpg,C21 B double attach,C21,Room,CLEAN,CLEAN,0.011748,4,384,tile2x2_concat,10240,class_weighted,0.17,correct,CLEAN,NEAT,"Desk with bottle, bag on the chair, stool stored under the desk.",
C21 B double attach/IMG_20260918_113416.jpg,IMG_20260918_113416.jpg,C21 B double attach,C21,Room,CLEAN,CLEAN,0.002026,4,384,tile2x2_concat,10240,class_weighted,0.17,correct,CLEAN,NEAT,Desk and wardrobe in order; floor clean with no debris.,
C21 B double attach/IMG_20260918_113422.jpg,IMG_20260918_113422.jpg,C21 B double attach,C21,Room,CLEAN,CLEAN,0.000306,4,384,tile2x2_concat,10240,class_weighted,0.17,correct,CLEAN,NEAT,"Wide view: beds and desk in use, floor clean and free of waste.",
C21 B double attach/IMG_20260918_113430.jpg,IMG_20260918_113430.jpg,C21 B double attach,C21,Room,CLEAN,CLEAN,0.002897,4,384,tile2x2_concat,10240,class_weighted,0.17,correct,CLEAN,NEAT,Bathroom doorway; tiles clean and clear of litter.,
C21 B double attach/IMG_20260918_113433.jpg,IMG_20260918_113433.jpg,C21 B double attach,C21,Room,CLEAN,CLEAN,0.077397,4,384,tile2x2_concat,10240,class_weighted,0.17,correct,CLEAN,NEAT,"Floor mat by the bed, clean tiles, nothing discarded.",
C21 B double attach/IMG_20260918_113438.jpg,IMG_20260918_113438.jpg,C21 B double attach,C21,Room,CLEAN,CLEAN,0.002312,4,384,tile2x2_concat,10240,class_weighted,0.17,correct,CLEAN,NEAT,Door with doormat and clothes hanging; floor clean.,Damp/peeling at wall base - maintenance
C21 C double common/Kitchen/IMG_20260918_112605.jpg,IMG_20260918_112605.jpg,C21 C double common,C21,Kitchen,NOT_CLEAN,NOT_CLEAN,0.737541,4,384,tile2x2_concat,10240,class_weighted,0.17,correct,CLEAN,NOT_NEAT,The appliance/fridge top is visibly soiled with brown residue and crumbs and has not been wiped; devices standing on it are stained too.,
C21 C double common/Kitchen/IMG_20260918_112611.jpg,IMG_20260918_112611.jpg,C21 C double common,C21,Kitchen,CLEAN,NOT_CLEAN,0.195247,4,384,tile2x2_concat,10240,class_weighted,0.17,false_positive,CLEAN,NEAT,"Kitchen area clean with no visible residue or waste; counter vessels, dustbins and mat are normal household use and the floor is clean.",
C21 C double common/Kitchen/IMG_20260918_112616.jpg,IMG_20260918_112616.jpg,C21 C double common,C21,Kitchen,NOT_CLEAN,NOT_CLEAN,0.98834,4,384,tile2x2_concat,10240,class_weighted,0.17,correct,CLEAN,NOT_NEAT,"Unwashed vessels - bowl with knife, cooker, plates, pan - left on the counter with visible crumbs and food residue across the slab.",
C21 C double common/Kitchen/IMG_20260918_112620.jpg,IMG_20260918_112620.jpg,C21 C double common,C21,Kitchen,CLEAN,CLEAN,0.000922,4,384,tile2x2_concat,10240,class_weighted,0.17,correct,CLEAN,NEAT,"Clothes on a drying stand - normal common-area use, not dirt; floor tiles clean with no waste.",
C21 C double common/Kitchen/IMG_20260918_112629.jpg,IMG_20260918_112629.jpg,C21 C double common,C21,Kitchen,CLEAN,CLEAN,0.002046,4,384,tile2x2_concat,10240,class_weighted,0.17,correct,CLEAN,NEAT,"Drying stand, shoe stand and footwear at the doorway; floor clean, nothing discarded.",
C21 C double common/Kitchen/IMG_20260918_112638.jpg,IMG_20260918_112638.jpg,C21 C double common,C21,Kitchen,CLEAN,NOT_CLEAN,0.958435,4,384,tile2x2_concat,10240,class_weighted,0.17,false_positive,CLEAN,NEAT,Sink and counter reasonably clean with bottles and vessels in normal use; no food residue or waste on the floor.,"Broken/blackened plaster under the counter - maintenance, not housekeeping dirt"
C21 C double common/C21 C double Common.jpg,C21 C double Common.jpg,C21 C double common,C21,Room,CLEAN,CLEAN,0.010306,4,384,tile2x2_concat,10240,class_weighted,0.17,correct,CLEAN,NEAT,Ironing board stored on the wardrobe and jeans over a chair; floor clean with no waste.,
C21 C double common/IMG_20260918_112714.jpg,IMG_20260918_112714.jpg,C21 C double common,C21,Room,CLEAN,CLEAN,0.008948,4,384,tile2x2_concat,10240,class_weighted,0.17,correct,CLEAN,NEAT,"Bed with a storage box, chair and stool in place; tiles clean.",
C21 C double common/IMG_20260918_112717.jpg,IMG_20260918_112717.jpg,C21 C double common,C21,Room,CLEAN,CLEAN,0.019374,4,384,tile2x2_concat,10240,class_weighted,0.17,correct,CLEAN,NEAT,"Bed and stool with clothes over it; floor clean, no debris.",
C21 C double common/IMG_20260918_112720.jpg,IMG_20260918_112720.jpg,C21 C double common,C21,Room,CLEAN,CLEAN,0.010895,4,384,tile2x2_concat,10240,class_weighted,0.17,correct,CLEAN,NEAT,Bed with bedding and box and a side cabinet; no waste visible.,Damp wall patch - maintenance
C21 C double common/IMG_20260918_112725.jpg,IMG_20260918_112725.jpg,C21 C double common,C21,Room,CLEAN,CLEAN,0.06243,4,384,tile2x2_concat,10240,class_weighted,0.17,correct,CLEAN,NEAT,Two beds with cabinets holding bottles and books; tiles clean.,Wall discolouration - maintenance
C21 C double common/IMG_20260918_112727.jpg,IMG_20260918_112727.jpg,C21 C double common,C21,Room,CLEAN,CLEAN,0.018892,4,384,tile2x2_concat,10240,class_weighted,0.17,correct,CLEAN,NEAT,Bed with bedcover and cabinet with personal items; nothing discarded.,
C21 C double common/IMG_20260918_112741.jpg,IMG_20260918_112741.jpg,C21 C double common,C21,Room,CLEAN,CLEAN,0.024717,4,384,tile2x2_concat,10240,class_weighted,0.17,correct,NOT_FULLY_VISIBLE,NEAT,Bed with quilt spread on it; no waste or dirt visible.,
C21 C double common/IMG_20260918_112745.jpg,IMG_20260918_112745.jpg,C21 C double common,C21,Room,CLEAN,CLEAN,0.119593,4,384,tile2x2_concat,10240,class_weighted,0.17,correct,CLEAN,NEAT,"Beds, cabinets and a stored carton; floor clear of litter.",
C21 C double common/IMG_20260918_112750.jpg,IMG_20260918_112750.jpg,C21 C double common,C21,Room,CLEAN,CLEAN,0.005947,4,384,tile2x2_concat,10240,class_weighted,0.17,correct,CLEAN,NEAT,Bed with folded clothes and footwear kept at the doorway; floor clean.,
C21 C double common/IMG_20260918_112755.jpg,IMG_20260918_112755.jpg,C21 C double common,C21,Room,CLEAN,NOT_CLEAN,0.503868,4,384,tile2x2_concat,10240,class_weighted,0.17,false_positive,CLEAN,NEAT,"Desk with bottles and toiletries and a wardrobe; floor clean, no waste.",
C21 C double common/IMG_20260918_112759.jpg,IMG_20260918_112759.jpg,C21 C double common,C21,Room,CLEAN,CLEAN,0.007777,4,384,tile2x2_concat,10240,class_weighted,0.17,correct,CLEAN,NEAT,"Bed with bedcover, cabinet with books and bottles and a paper bag beside it; floor clean.",Dark marks on wall - maintenance
C21 D single attach/C21 D single attach.jpg,C21 D single attach.jpg,C21 D single attach,C21,Room,CLEAN,CLEAN,0.000316,4,384,tile2x2_concat,10240,class_weighted,0.17,correct,NOT_FULLY_VISIBLE,NEAT,Wardrobe and wall; visible floor clear with nothing discarded.,
C21 D single attach/IMG_20260918_112920.jpg,IMG_20260918_112920.jpg,C21 D single attach,C21,Room,CLEAN,NOT_CLEAN,0.824605,4,384,tile2x2_concat,10240,class_weighted,0.17,false_positive,CLEAN,NEAT,Tiles clean and shiny with mat and drying stand; storage rack against the wall.,
C21 D single attach/IMG_20260918_112926.jpg,IMG_20260918_112926.jpg,C21 D single attach,C21,Room,CLEAN,NOT_CLEAN,0.391972,4,384,tile2x2_concat,10240,class_weighted,0.17,false_positive,CLEAN,NEAT,Desk with bottles and toiletries and cartons stacked on the rack; floor clean.,
C21 D single attach/IMG_20260918_112934.jpg,IMG_20260918_112934.jpg,C21 D single attach,C21,Room,CLEAN,CLEAN,0.006934,4,384,tile2x2_concat,10240,class_weighted,0.17,correct,CLEAN,NEAT,Bed with blanket and a rack with bottles beside it; no waste.,Wall stain - maintenance
C21 D single attach/IMG_20260918_112938.jpg,IMG_20260918_112938.jpg,C21 D single attach,C21,Room,CLEAN,NOT_CLEAN,0.342492,4,384,tile2x2_concat,10240,class_weighted,0.17,false_positive,CLEAN,NEAT,Desk with organised bottles and plate and cartons on the rack; floor clean with no litter.,Chipped desk panel - maintenance
C21 D single attach/IMG_20260918_112950.jpg,IMG_20260918_112950.jpg,C21 D single attach,C21,Room,CLEAN,CLEAN,0.014189,4,384,tile2x2_concat,10240,class_weighted,0.17,correct,CLEAN,NEAT,Storage rack with hangers and boxes kept in order; floor clean.,
C21 D single attach/IMG_20260918_112954.jpg,IMG_20260918_112954.jpg,C21 D single attach,C21,Room,CLEAN,CLEAN,0.009216,4,384,tile2x2_concat,10240,class_weighted,0.17,correct,CLEAN,NEAT,"Wardrobe and rack with a floor mat by the door and a cloth on the floor; tiles clean, no waste.",
C21 D single attach/IMG_20260918_113000.jpg,IMG_20260918_113000.jpg,C21 D single attach,C21,Room,CLEAN,NOT_CLEAN,0.191116,4,384,tile2x2_concat,10240,class_weighted,0.17,false_positive,NOT_FULLY_VISIBLE,NEAT,Bed corner with bottles on the cabinet; no residue or waste visible.,Damp stain - maintenance
C31 B double attach/C31 b double attach.jpg,C31 b double attach.jpg,C31 B double attach,C31,Room,NOT_CLEAN,NOT_CLEAN,0.482274,5,384,tile2x2_concat,10240,class_weighted,0.06,correct,CLEAN,NOT_NEAT,"Tiles are clean with no dirt or garbage, but cooking vessels, cables, a racket, bags and a bottle are piled directly on the floor in the corner with packaging and an empty wrapper on the table - the room looks untidy.",
C31 B double attach/IMG_20260918_114321.jpg,IMG_20260918_114321.jpg,C31 B double attach,C31,Room,NOT_CLEAN,CLEAN,0.014686,5,384,tile2x2_concat,10240,class_weighted,0.06,false_negative,CLEAN,NOT_NEAT,"Opened carton with papers on the floor by the fridge, backpack dropped beside it, slippers loose and suitcase in the walkway; tiles themselves clean.",
C31 B double attach/IMG_20260918_114326.jpg,IMG_20260918_114326.jpg,C31 B double attach,C31,Room,NOT_CLEAN,NOT_CLEAN,0.265754,5,384,tile2x2_concat,10240,class_weighted,0.06,correct,CLEAN,NOT_NEAT,"Bedding tangled across the bed, packaging carton on the table, bag pushed under it and slippers on the floor.",
C31 B double attach/IMG_20260918_114331.jpg,IMG_20260918_114331.jpg,C31 B double attach,C31,Room,NOT_CLEAN,NOT_CLEAN,0.304879,5,384,tile2x2_concat,10240,class_weighted,0.06,correct,CLEAN,NOT_NEAT,"Bed unmade with bedding loose, opened package on the table and bags underneath; tiles clean but the room is visibly unarranged.",
C31 B double attach/IMG_20260918_114344.jpg,IMG_20260918_114344.jpg,C31 B double attach,C31,Room,NOT_CLEAN,NOT_CLEAN,0.770813,5,384,tile2x2_concat,10240,class_weighted,0.06,correct,NOT_FULLY_VISIBLE,NOT_NEAT,"Bedding, clothes, a power strip and a plastic bag tangled together across the whole bed.",
C31 B double attach/IMG_20260918_114348.jpg,IMG_20260918_114348.jpg,C31 B double attach,C31,Room,NOT_CLEAN,NOT_CLEAN,0.803752,5,384,tile2x2_concat,10240,class_weighted,0.06,correct,CLEAN,NOT_NEAT,"Torn shoe box and bottles on the wardrobes, vessels and cables piled on the floor and opened packaging on the ledge.",
C31 B double attach/IMG_20260918_114351.jpg,IMG_20260918_114351.jpg,C31 B double attach,C31,Room,NOT_CLEAN,NOT_CLEAN,0.098665,5,384,tile2x2_concat,10240,class_weighted,0.06,correct,CLEAN,NOT_NEAT,"Floor tiles visibly clean, but the corner holds vessels, cables and a bag on the floor with a slipper mid-room and a cloth thrown over the bed.",
C31 B double attach/IMG_20260918_114356.jpg,IMG_20260918_114356.jpg,C31 B double attach,C31,Room,CLEAN,CLEAN,0.057522,5,384,tile2x2_concat,10240,class_weighted,0.06,correct,CLEAN,NEAT,"Clean tiles with a suitcase stood against the wall, coat on the door and folded bedding - belongings reasonably placed, no waste.",
C31 C double Common/IMG_20260918_113835.jpg,IMG_20260918_113835.jpg,C31 C double Common,C31,Room,CLEAN,CLEAN,0.001156,5,384,tile2x2_concat,10240,class_weighted,0.06,correct,CLEAN,NEAT,"Tiles clean with no housekeeping dirt or waste; suitcase stood upright, clothes on the bed and shoes together - reasonably arranged.",
C31 C double Common/IMG_20260918_113838.jpg,IMG_20260918_113838.jpg,C31 C double Common,C31,Room,CLEAN,CLEAN,0.01807,5,384,tile2x2_concat,10240,class_weighted,0.06,correct,CLEAN,NEAT,Floor tiles clean and no garbage; clothes on the bed with backpack and slippers beside it are normal belongings reasonably placed.,
C31 C double Common/IMG_20260918_113846.jpg,IMG_20260918_113846.jpg,C31 C double Common,C31,Room,CLEAN,CLEAN,0.042901,5,384,tile2x2_concat,10240,class_weighted,0.06,correct,CLEAN,NEAT,One pile of clothes on the mattress; floor clean and empty with nothing discarded.,
C31 C double Common/IMG_20260918_113854.jpg,IMG_20260918_113854.jpg,C31 C double Common,C31,Room,CLEAN,CLEAN,0.001285,5,384,tile2x2_concat,10240,class_weighted,0.06,correct,CLEAN,NEAT,A few garments on the mattress and a closed cabinet; floor clean.,
C31 C double Common/IMG_20260918_113857.jpg,IMG_20260918_113857.jpg,C31 C double Common,C31,Room,CLEAN,CLEAN,0.010105,5,384,tile2x2_concat,10240,class_weighted,0.06,correct,CLEAN,NEAT,Bare mattress and open doorway; tiles clean and clear.,
C31 C double Common/IMG_20260918_113901.jpg,IMG_20260918_113901.jpg,C31 C double Common,C31,Room,CLEAN,CLEAN,0.009033,5,384,tile2x2_concat,10240,class_weighted,0.06,correct,CLEAN,NEAT,"Blanket and clothes on the bed, snack packet and papers on the cabinet, backpack beside it; no waste on the floor and no residue.",Wall marks - maintenance
C31 C double Common/IMG_20260918_113909.jpg,IMG_20260918_113909.jpg,C31 C double Common,C31,Room,CLEAN,CLEAN,0.001504,5,384,tile2x2_concat,10240,class_weighted,0.06,correct,CLEAN,NEAT,"Desk with laptop, suitcase and shoes by the wardrobe and clothes on hooks; tiles clean.",
C31 C double Common/IMG_20260918_113912.jpg,IMG_20260918_113912.jpg,C31 C double Common,C31,Room,CLEAN,CLEAN,0.004479,5,384,tile2x2_concat,10240,class_weighted,0.06,correct,CLEAN,NEAT,"Study corner with laptop and bottle, clothes hanging and luggage below; nothing discarded.",
C31 D single attach/IMG_20260918_114047.jpg,IMG_20260918_114047.jpg,C31 D single attach,C31,Room,CLEAN,CLEAN,3.4e-05,5,384,tile2x2_concat,10240,class_weighted,0.06,correct,CLEAN,NEAT,Tiles clean and reflective with wardrobe and fridge against the wall; nothing discarded.,
C31 D single attach/IMG_20260918_114050.jpg,IMG_20260918_114050.jpg,C31 D single attach,C31,Room,CLEAN,CLEAN,0.000685,5,384,tile2x2_concat,10240,class_weighted,0.06,correct,CLEAN,NEAT,Clean shiny floor with doormat; no litter or residue.,
C31 D single attach/IMG_20260918_114054.jpg,IMG_20260918_114054.jpg,C31 D single attach,C31,Room,CLEAN,CLEAN,0.011062,5,384,tile2x2_concat,10240,class_weighted,0.06,correct,CLEAN,NEAT,"Table with iron, bottles and a snack packet and a towel over the chair; floor clean with no waste.",
C31 D single attach/IMG_20260918_114058.jpg,IMG_20260918_114058.jpg,C31 D single attach,C31,Room,CLEAN,CLEAN,0.000222,5,384,tile2x2_concat,10240,class_weighted,0.06,correct,NOT_FULLY_VISIBLE,NEAT,Bed with pillows and bedcover and a coat on the hook; nothing dirty or discarded.,
C31 D single attach/IMG_20260918_114111.jpg,IMG_20260918_114111.jpg,C31 D single attach,C31,Room,CLEAN,CLEAN,0.000994,5,384,tile2x2_concat,10240,class_weighted,0.06,correct,CLEAN,NEAT,Wardrobe and cabinet; tiles clean and clear.,
C31 D single attach/IMG_20260918_114115.jpg,IMG_20260918_114115.jpg,C31 D single attach,C31,Room,CLEAN,CLEAN,0.001102,5,384,tile2x2_concat,10240,class_weighted,0.06,correct,CLEAN,NEAT,Door area with doormat; floor clean with no litter.,Peeling/damp at wall base - maintenance
C31 D single attach/IMG_20260918_114120.jpg,IMG_20260918_114120.jpg,C31 D single attach,C31,Room,CLEAN,CLEAN,0.027331,5,384,tile2x2_concat,10240,class_weighted,0.06,correct,CLEAN,NEAT,"Bed with clothes, towel, bottle, comb and remote - normal belongings; floor clean with no waste.",
C31 D single attach/IMG_20260918_114127.jpg,IMG_20260918_114127.jpg,C31 D single attach,C31,Room,CLEAN,CLEAN,0.002776,5,384,tile2x2_concat,10240,class_weighted,0.06,correct,CLEAN,NEAT,Door and wardrobe with doormat on clean tiles; no waste or dirt visible.,Peeling paint at wall base - maintenance
A33 A single attach/A33 A Single attach. .jpg,A33 A Single attach. .jpg,A33 A single attach,A33,Room,CLEAN,CLEAN,0.005387,1,384,tile2x2_mean,2048,unweighted,0.29,correct,CLEAN,NEAT,Tiles are clean with only a doormat; no visible housekeeping dirt or waste.,
A33 A single attach/IMG_20260918_104751.jpg,IMG_20260918_104751.jpg,A33 A single attach,A33,Room,CLEAN,CLEAN,0.139984,1,384,tile2x2_mean,2048,unweighted,0.29,correct,CLEAN,NEAT,Open floor clean with no debris; suitcase stood against the wall and a few desk items reasonably arranged.,
A33 A single attach/IMG_20260918_104756.jpg,IMG_20260918_104756.jpg,A33 A single attach,A33,Room,CLEAN,CLEAN,0.020637,1,384,tile2x2_mean,2048,unweighted,0.29,correct,CLEAN,NEAT,"Floor clean and free of waste; bed covered, desks hold bottles and small items in order.",
A33 A single attach/IMG_20260918_104801.jpg,IMG_20260918_104801.jpg,A33 A single attach,A33,Room,CLEAN,NOT_CLEAN,0.42808,1,384,tile2x2_mean,2048,unweighted,0.29,false_positive,CLEAN,NEAT,"No dirt, residue or waste visible; helmet and a few clothes rest on the made bed.",
A33 A single attach/IMG_20260918_104805.jpg,IMG_20260918_104805.jpg,A33 A single attach,A33,Room,CLEAN,NOT_CLEAN,0.57374,1,384,tile2x2_mean,2048,unweighted,0.29,false_positive,CLEAN,NEAT,Floor clean with no waste; clothes and helmet on the bed are normal belongings.,
A33 A single attach/IMG_20260918_104828.jpg,IMG_20260918_104828.jpg,A33 A single attach,A33,Room,CLEAN,CLEAN,0.063501,1,384,tile2x2_mean,2048,unweighted,0.29,correct,CLEAN,NEAT,Wardrobe area clean with one bottle standing on the floor; no debris or residue.,
A33 C double common/A33 C double Common.jpg,A33 C double Common.jpg,A33 C double common,A33,Room,CLEAN,CLEAN,0.005733,1,384,tile2x2_mean,2048,unweighted,0.29,correct,NOT_FULLY_VISIBLE,NEAT,"Bed with blanket, small carton on the side table and towels at the window; nothing dirty or discarded visible.",
A33 C double common/IMG_20260918_105110.jpg,IMG_20260918_105110.jpg,A33 C double common,A33,Room,CLEAN,CLEAN,0.000502,1,384,tile2x2_mean,2048,unweighted,0.29,correct,CLEAN,NEAT,"Floor clean with no waste; desk and chair clear, blanket left bunched on the bed only.",
A33 C double common/IMG_20260918_105117.jpg,IMG_20260918_105117.jpg,A33 C double common,A33,Room,CLEAN,CLEAN,0.00101,1,384,tile2x2_mean,2048,unweighted,0.29,correct,CLEAN,NEAT,"Tiles clean, no housekeeping dirt; bedding loose on the bed.",
A33 C double common/IMG_20260918_105124.jpg,IMG_20260918_105124.jpg,A33 C double common,A33,Room,CLEAN,CLEAN,0.006735,1,384,tile2x2_mean,2048,unweighted,0.29,correct,CLEAN,NEAT,"Suitcase stored on the wardrobe and a bottle above; floor clean, no waste.",
A33 C double common/IMG_20260918_105135.jpg,IMG_20260918_105135.jpg,A33 C double common,A33,Room,CLEAN,CLEAN,0.019959,1,384,tile2x2_mean,2048,unweighted,0.29,correct,CLEAN,NEAT,Desks and chairs in place with a cable along the floor; no waste or dirt visible.,
A33 C double common/IMG_20260918_105143.jpg,IMG_20260918_105143.jpg,A33 C double common,A33,Room,CLEAN,NOT_CLEAN,0.294783,1,384,tile2x2_mean,2048,unweighted,0.29,false_positive,CLEAN,NEAT,A few clothes on the bed and a weighing scale on the floor; floor clean.,
A33 C double common/IMG_20260918_105157.jpg,IMG_20260918_105157.jpg,A33 C double common,A33,Room,NOT_CLEAN,CLEAN,0.007129,1,384,tile2x2_mean,2048,unweighted,0.29,false_negative,CLEAN,NOT_NEAT,"A large crumpled brown packing cover lies discarded on the floor beside the suitcase - visible waste material, so the area is not clean. Tiles themselves are clean.",
A33 C double common/IMG_20260918_105203.jpg,IMG_20260918_105203.jpg,A33 C double common,A33,Room,NOT_CLEAN,CLEAN,0.11144,1,384,tile2x2_mean,2048,unweighted,0.29,false_negative,CLEAN,NOT_NEAT,Closer view of the same discarded packing cover spread loose across the floor.,
A33 C double common/IMG_20260918_105215.jpg,IMG_20260918_105215.jpg,A33 C double common,A33,Room,CLEAN,CLEAN,0.026158,1,384,tile2x2_mean,2048,unweighted,0.29,correct,CLEAN,NEAT,"Cabinet with utensils, clothes on a hook, scale on the floor; no waste or residue.",
A33 C double common/IMG_20260918_105219.jpg,IMG_20260918_105219.jpg,A33 C double common,A33,Room,CLEAN,CLEAN,0.261075,1,384,tile2x2_mean,2048,unweighted,0.29,correct,CLEAN,NEAT,Floor clean and clear; clothes hanging behind the door.,
A33 C double common/IMG_20260918_105224.jpg,IMG_20260918_105224.jpg,A33 C double common,A33,Room,CLEAN,CLEAN,0.137952,1,384,tile2x2_mean,2048,unweighted,0.29,correct,CLEAN,NEAT,Carton and luggage stored beside the bed; no garbage or dirt visible.,Damp patch on wall - maintenance
A33 C double common/IMG_20260918_105241.jpg,IMG_20260918_105241.jpg,A33 C double common,A33,Room,CLEAN,CLEAN,0.000641,1,384,tile2x2_mean,2048,unweighted,0.29,correct,CLEAN,NEAT,"Window wall and doorway; floor clean, nothing discarded.",
A33 C double common/IMG_20260918_105245.jpg,IMG_20260918_105245.jpg,A33 C double common,A33,Room,CLEAN,CLEAN,0.008631,1,384,tile2x2_mean,2048,unweighted,0.29,correct,CLEAN,NEAT,"Wide view: bed made, suitcase on the wardrobe, floor clean.",
A34 A single attach/A34 A Single attach.jpg,A34 A Single attach.jpg,A34 A single attach,A34,Room,CLEAN,CLEAN,0.007497,2,384,tile2x2_mean,2048,unweighted,0.1,correct,CLEAN,NEAT,Bed corner with folded bedding; no waste and the visible floor is clean.,Wall holes and marks - maintenance
A34 A single attach/IMG_20260918_104319.jpg,IMG_20260918_104319.jpg,A34 A single attach,A34,Room,CLEAN,CLEAN,0.010559,2,384,tile2x2_mean,2048,unweighted,0.1,correct,CLEAN,NEAT,"Desk, paper bags and stool kept together in the corner; floor clean, no waste.",
A34 A single attach/IMG_20260918_104324.jpg,IMG_20260918_104324.jpg,A34 A single attach,A34,Room,CLEAN,CLEAN,0.00489,2,384,tile2x2_mean,2048,unweighted,0.1,correct,CLEAN,NEAT,Large open floor area clean and clear of debris.,
A34 A single attach/IMG_20260918_104330.jpg,IMG_20260918_104330.jpg,A34 A single attach,A34,Room,CLEAN,CLEAN,0.00013,2,384,tile2x2_mean,2048,unweighted,0.1,correct,CLEAN,NEAT,Desk with computer and towel folded on the chair; floor clean.,
A34 A single attach/IMG_20260918_104334.jpg,IMG_20260918_104334.jpg,A34 A single attach,A34,Room,CLEAN,CLEAN,0.001979,2,384,tile2x2_mean,2048,unweighted,0.1,correct,CLEAN,NEAT,Bed made with a few clothes on it; no waste or residue.,
A34 A single attach/IMG_20260918_104337.jpg,IMG_20260918_104337.jpg,A34 A single attach,A34,Room,CLEAN,CLEAN,0.000964,2,384,tile2x2_mean,2048,unweighted,0.1,correct,CLEAN,NEAT,"Bed covered, floor clean, nothing discarded.",
A34 A single attach/IMG_20260918_104358.jpg,IMG_20260918_104358.jpg,A34 A single attach,A34,Room,CLEAN,CLEAN,0.034404,2,384,tile2x2_mean,2048,unweighted,0.1,correct,CLEAN,NEAT,Desk in use with a box stored underneath; no debris on the floor.,
A34 A single attach/IMG_20260918_104414.jpg,IMG_20260918_104414.jpg,A34 A single attach,A34,Room,CLEAN,CLEAN,5.6e-05,2,384,tile2x2_mean,2048,unweighted,0.1,correct,CLEAN,NEAT,Doorway with doormat and luggage against the wall; floor clean.,
A34 A single attach/IMG_20260918_104444.jpg,IMG_20260918_104444.jpg,A34 A single attach,A34,Room,CLEAN,CLEAN,0.002755,2,384,tile2x2_mean,2048,unweighted,0.1,correct,CLEAN,NEAT,"Utility corner with ironing board, rack and bucket arranged along the wall; floor clean.",
A34 A single attach/IMG_20260918_104514.jpg,IMG_20260918_104514.jpg,A34 A single attach,A34,Room,CLEAN,CLEAN,0.025383,2,384,tile2x2_mean,2048,unweighted,0.1,correct,CLEAN,NEAT,Storage corner kept in order; no waste or dirt visible.,
A34 B double attach/A34 B double attach.jpg,A34 B double attach.jpg,A34 B double attach,A34,Room,NOT_CLEAN,NOT_CLEAN,0.210979,2,384,tile2x2_mean,2048,unweighted,0.1,correct,CLEAN,NOT_NEAT,"Tiles are clean with no housekeeping dirt, but clothes are dumped over a chair and over storage boxes with cartons and a jar crowding the corner - the room looks untidy.",
A34 B double attach/IMG_20260918_103815.jpg,IMG_20260918_103815.jpg,A34 B double attach,A34,Room,NOT_CLEAN,CLEAN,0.002067,2,384,tile2x2_mean,2048,unweighted,0.1,false_negative,CLEAN,NOT_NEAT,"Tiles clean, but five-plus pairs of shoes and a slipper lie spread across the floor, a yellow bag is dropped on the tiles and clothes are strewn over a bare mattress.",
A34 B double attach/IMG_20260918_103820.jpg,IMG_20260918_103820.jpg,A34 B double attach,A34,Room,NOT_CLEAN,CLEAN,0.066041,2,384,tile2x2_mean,2048,unweighted,0.1,false_negative,CLEAN,NOT_NEAT,"Clothes heaped over both mattresses, shoes and a bag on the floor, a packet left on the mattress; floor itself clean.",
A34 B double attach/IMG_20260918_103827.jpg,IMG_20260918_103827.jpg,A34 B double attach,A34,Room,NOT_CLEAN,CLEAN,0.06877,2,384,tile2x2_mean,2048,unweighted,0.1,false_negative,CLEAN,NOT_NEAT,"Clothes and a steel vessel dumped on the chair, slippers loose on the floor, mattress standing across the bathroom doorway.",
A34 B double attach/IMG_20260918_103844.jpg,IMG_20260918_103844.jpg,A34 B double attach,A34,Room,NOT_CLEAN,CLEAN,0.00526,2,384,tile2x2_mean,2048,unweighted,0.1,false_negative,CLEAN,NOT_NEAT,"A cloth is thrown over the chair and trails onto the floor, with further scattered items and bottles visible in the room beyond.",
A34 B double attach/IMG_20260918_103854.jpg,IMG_20260918_103854.jpg,A34 B double attach,A34,Room,NOT_CLEAN,NOT_CLEAN,0.124065,2,384,tile2x2_mean,2048,unweighted,0.1,correct,CLEAN,NOT_NEAT,"Two open suitcases on the floor with contents spilling out, shoes scattered around them, clothes heaped on the mattress.",
A34 B double attach/IMG_20260918_103858.jpg,IMG_20260918_103858.jpg,A34 B double attach,A34,Room,NOT_CLEAN,NOT_CLEAN,0.253425,2,384,tile2x2_mean,2048,unweighted,0.1,correct,CLEAN,NOT_NEAT,"Open suitcase tipped onto the floor, yellow bag and slipper on the tiles, clothes across both mattresses.",
A34 B double attach/IMG_20260918_104015.jpg,IMG_20260918_104015.jpg,A34 B double attach,A34,Room,NOT_CLEAN,CLEAN,0.035494,2,384,tile2x2_mean,2048,unweighted,0.1,false_negative,CLEAN,NOT_NEAT,Clothes draped over two chairs with a carton and jar on the floor corner; tiles clean but the corner is unarranged.,
A34 B double attach/IMG_20260918_104031.jpg,IMG_20260918_104031.jpg,A34 B double attach,A34,Room,NOT_CLEAN,CLEAN,0.017989,2,384,tile2x2_mean,2048,unweighted,0.1,false_negative,CLEAN,NOT_NEAT,"Clothes over chairs, open suitcase on the floor, shoes below the bed; the room looks visibly untidy.",
B41 B double attach/B41  B Double attach.jpg,B41  B Double attach.jpg,B41 B double attach,B41,Room,CLEAN,NOT_CLEAN,0.203626,3,384,tile2x2_mean,2048,unweighted,0.06,false_positive,CLEAN,NEAT,"Desk with laptop and bottles, towel on the chair; floor clean and clear of waste.",
B41 B double attach/B41 B double attach. .jpg,B41 B double attach. .jpg,B41 B double attach,B41,Room,CLEAN,NOT_CLEAN,0.07054,3,384,tile2x2_mean,2048,unweighted,0.06,false_positive,CLEAN,NEAT,"Backpack kept on the floor and footwear on a rack; tiles clean, no debris.",
B41 B double attach/IMG_20260918_111705.jpg,IMG_20260918_111705.jpg,B41 B double attach,B41,Room,CLEAN,NOT_CLEAN,0.112373,3,384,tile2x2_mean,2048,unweighted,0.06,false_positive,CLEAN,NEAT,"Bed with bedding, suitcase beside it and shoes under the bed; no waste or residue.",
B41 B double attach/IMG_20260918_111711.jpg,IMG_20260918_111711.jpg,B41 B double attach,B41,Room,CLEAN,CLEAN,0.019516,3,384,tile2x2_mean,2048,unweighted,0.06,correct,CLEAN,NEAT,Bedding pulled back and shoes kept under the bed; floor clean.,
B41 B double attach/IMG_20260918_111715.jpg,IMG_20260918_111715.jpg,B41 B double attach,B41,Room,CLEAN,CLEAN,0.001292,3,384,tile2x2_mean,2048,unweighted,0.06,correct,CLEAN,NEAT,Study corner in use with a towel on the chair; no residue or debris.,
B41 B double attach/IMG_20260918_111718.jpg,IMG_20260918_111718.jpg,B41 B double attach,B41,Room,CLEAN,CLEAN,0.04915,3,384,tile2x2_mean,2048,unweighted,0.06,correct,CLEAN,NEAT,"Laptop and bottles on the desk, clothes on the bed, slippers at the bedside - reasonably placed.",
B41 B double attach/IMG_20260918_111720.jpg,IMG_20260918_111720.jpg,B41 B double attach,B41,Room,CLEAN,CLEAN,0.005842,3,384,tile2x2_mean,2048,unweighted,0.06,correct,CLEAN,NEAT,Towel hanging to dry and pillow on the bed; nothing discarded.,
B41 B double attach/IMG_20260918_111728.jpg,IMG_20260918_111728.jpg,B41 B double attach,B41,Room,CLEAN,CLEAN,0.047882,3,384,tile2x2_mean,2048,unweighted,0.06,correct,CLEAN,NEAT,"Doormat at the door, suitcase and shoes stored beside the bed; floor clean.",
B41 B double attach/IMG_20260918_111733.jpg,IMG_20260918_111733.jpg,B41 B double attach,B41,Room,CLEAN,CLEAN,0.012167,3,384,tile2x2_mean,2048,unweighted,0.06,correct,CLEAN,NEAT,Wardrobes with containers stored on top; floor clean and clear.,
B41 B double attach/IMG_20260918_111738.jpg,IMG_20260918_111738.jpg,B41 B double attach,B41,Room,CLEAN,CLEAN,0.003665,3,384,tile2x2_mean,2048,unweighted,0.06,correct,CLEAN,NEAT,"Iron kept on the shelf and clothes hanging; floor clean, no waste.",
B41 B double attach/IMG_20260918_111743.jpg,IMG_20260918_111743.jpg,B41 B double attach,B41,Room,CLEAN,NOT_CLEAN,0.301232,3,384,tile2x2_mean,2048,unweighted,0.06,false_positive,CLEAN,NEAT,Tiles clean; shoes under the bed and towel on the chair.,
B41 C double common/Kitchen/IMG_20260918_110949.jpg,IMG_20260918_110949.jpg,B41 C double common,B41,Kitchen,NOT_CLEAN,NOT_CLEAN,0.448229,3,384,tile2x2_mean,2048,unweighted,0.06,correct,CLEAN,NOT_NEAT,"Kitchen surfaces show visible dirty conditions: dried spilled residue across the fridge top, a tray and plastic bags of waste left on the counter, and a cloth lying on the floor.",
B41 C double common/Kitchen/IMG_20260918_111002.jpg,IMG_20260918_111002.jpg,B41 C double common,B41,Kitchen,NOT_CLEAN,NOT_CLEAN,0.97644,3,384,tile2x2_mean,2048,unweighted,0.06,correct,CLEAN,NOT_NEAT,Counter slab is stained and greasy along its length with food residue around the induction plate; vessels and jars sit in the residue and a cloth is dropped on the floor by the bin.,
B41 C double common/Kitchen/IMG_20260918_111005.jpg,IMG_20260918_111005.jpg,B41 C double common,B41,Kitchen,NOT_CLEAN,NOT_CLEAN,0.534915,3,384,tile2x2_mean,2048,unweighted,0.06,correct,CLEAN,NOT_NEAT,"Sink and surrounding slab show residue and grime, and a dirty cloth lies on the floor beside the washing machine.",Flaking plaster below the slab - maintenance
B41 C double common/Kitchen/IMG_20260918_111008.jpg,IMG_20260918_111008.jpg,B41 C double common,B41,Kitchen,CLEAN,NOT_CLEAN,0.133919,3,384,tile2x2_mean,2048,unweighted,0.06,false_positive,CLEAN,NEAT,"Kitchen/utility area is clean with no visible housekeeping dirt or waste; washing machine, shoe rack and clothes on a stool are normal household use.",
B41 C double common/Kitchen/IMG_20260918_111013.jpg,IMG_20260918_111013.jpg,B41 C double common,B41,Kitchen,CLEAN,CLEAN,0.003203,3,384,tile2x2_mean,2048,unweighted,0.06,correct,CLEAN,NEAT,"Clothes on a drying stand beside the doors are normal use, not a cleanliness problem; floor clean with no waste.",
B41 C double common/B 41 C  double common.jpg,B 41 C  double common.jpg,B41 C double common,B41,Room,NOT_CLEAN,CLEAN,0.008981,3,384,tile2x2_mean,2048,unweighted,0.06,false_negative,DIRTY,NOT_NEAT,"White paper debris lies on the floor tiles near the door, so the floor is not clean; cloth over a chair and bucket on the floor.",
B41 C double common/IMG_20260918_111123.jpg,IMG_20260918_111123.jpg,B41 C double common,B41,Room,CLEAN,CLEAN,0.001422,3,384,tile2x2_mean,2048,unweighted,0.06,correct,CLEAN,NEAT,"Wardrobe, umbrella opened to dry and bed with bedcover; no housekeeping dirt or waste visible.",
B41 C double common/IMG_20260918_111127.jpg,IMG_20260918_111127.jpg,B41 C double common,B41,Room,CLEAN,CLEAN,0.002686,3,384,tile2x2_mean,2048,unweighted,0.06,correct,NOT_FULLY_VISIBLE,NEAT,"Bedcover left rumpled with two garments on it and clothes hanging on wall hooks; no waste, residue or floor dirt visible - normal belongings.",Damp/peeling wall patch - maintenance
B41 C double common/IMG_20260918_111131.jpg,IMG_20260918_111131.jpg,B41 C double common,B41,Room,NOT_CLEAN,CLEAN,0.045378,3,384,tile2x2_mean,2048,unweighted,0.06,false_negative,CLEAN,NOT_NEAT,"Table crowded with bottles, packets and paper bags; clothes heaped on the bed and spilling onto the floor with a backpack among them.",Damp wall patch - maintenance
B41 C double common/IMG_20260918_111134.jpg,IMG_20260918_111134.jpg,B41 C double common,B41,Room,NOT_CLEAN,CLEAN,0.010594,3,384,tile2x2_mean,2048,unweighted,0.06,false_negative,CLEAN,NOT_NEAT,Bed covered by a pile of loose clothes with more items stacked on the side table.,Dark damp staining - maintenance
B41 C double common/IMG_20260918_111147.jpg,IMG_20260918_111147.jpg,B41 C double common,B41,Room,NOT_CLEAN,CLEAN,0.025965,3,384,tile2x2_mean,2048,unweighted,0.06,false_negative,DIRTY,NOT_NEAT,A crumpled tissue/paper piece lies on the floor tile - visible waste on the floor; cloths draped over the bed frame and chair.,
B41 C double common/IMG_20260918_111209.jpg,IMG_20260918_111209.jpg,B41 C double common,B41,Room,NOT_CLEAN,CLEAN,0.055385,3,384,tile2x2_mean,2048,unweighted,0.06,false_negative,CLEAN,NOT_NEAT,"Clothes heaped on the bed and dropped on the floor, paper bags and a backpack on the tiles, table crowded with bottles.",Damp stain - maintenance
B41 C double common/IMG_20260918_111216.jpg,IMG_20260918_111216.jpg,B41 C double common,B41,Room,CLEAN,CLEAN,0.000586,3,384,tile2x2_mean,2048,unweighted,0.06,correct,NOT_FULLY_VISIBLE,NEAT,Clothes hanging on the wall hook and bed with bedcover; no waste or housekeeping dirt visible.,Large damp/peeling patch - maintenance only
B41 C double common/IMG_20260918_111220.jpg,IMG_20260918_111220.jpg,B41 C double common,B41,Room,NOT_CLEAN,CLEAN,0.000324,3,384,tile2x2_mean,2048,unweighted,0.06,false_negative,DIRTY,NOT_NEAT,"Two white paper/tissue pieces lie on the passage tiles, so the floor is not clean; clothes draped over a stool and chair.",
B41 D single attach/B41 D single attach.jpg,B41 D single attach.jpg,B41 D single attach,B41,Room,CLEAN,CLEAN,0.000838,3,384,tile2x2_mean,2048,unweighted,0.06,correct,CLEAN,NEAT,Tiles clean and shiny with doormat and dustbin in place; no waste.,
B41 D single attach/IMG_20260918_111416.jpg,IMG_20260918_111416.jpg,B41 D single attach,B41,Room,CLEAN,CLEAN,0.014073,3,384,tile2x2_mean,2048,unweighted,0.06,correct,CLEAN,NEAT,Bed neatly covered with a bag and cushion on it; floor clean.,
B41 D single attach/IMG_20260918_111425.jpg,IMG_20260918_111425.jpg,B41 D single attach,B41,Room,CLEAN,CLEAN,0.002732,3,384,tile2x2_mean,2048,unweighted,0.06,correct,CLEAN,NEAT,Clean reflective floor with dustbin by the balcony door; no debris or stains.,
B41 D single attach/IMG_20260918_111442.jpg,IMG_20260918_111442.jpg,B41 D single attach,B41,Room,CLEAN,CLEAN,0.007213,3,384,tile2x2_mean,2048,unweighted,0.06,correct,CLEAN,NEAT,Desk with a bottle and charger; floor clear of waste.,
B41 D single attach/IMG_20260918_111500.jpg,IMG_20260918_111500.jpg,B41 D single attach,B41,Room,CLEAN,CLEAN,0.007451,3,384,tile2x2_mean,2048,unweighted,0.06,correct,CLEAN,NEAT,Suitcase stored on the wardrobe and slippers kept beside it; floor clean.,
B41 D single attach/IMG_20260918_111507.jpg,IMG_20260918_111507.jpg,B41 D single attach,B41,Room,CLEAN,CLEAN,0.000643,3,384,tile2x2_mean,2048,unweighted,0.06,correct,CLEAN,NEAT,Bed with pillow and folded cloth; no waste visible.,
B41 D single attach/IMG_20260918_111517.jpg,IMG_20260918_111517.jpg,B41 D single attach,B41,Room,CLEAN,CLEAN,0.005728,3,384,tile2x2_mean,2048,unweighted,0.06,correct,CLEAN,NEAT,Backpack and cushion on the covered bed - normal belongings; floor clean.,
B41 D single attach/IMG_20260918_111527.jpg,IMG_20260918_111527.jpg,B41 D single attach,B41,Room,CLEAN,CLEAN,0.000827,3,384,tile2x2_mean,2048,unweighted,0.06,correct,CLEAN,NEAT,Entry area with doormat and dustbin; tiles clean with no litter.,
C21 A single common/IMG_20260918_113220.jpg,IMG_20260918_113220.jpg,C21 A single common,C21,Room,NOT_CLEAN,CLEAN,0.229963,4,384,tile2x2_mean,2048,unweighted,0.24,false_negative,NOT_FULLY_VISIBLE,NOT_NEAT,"A crushed empty bottle, a used tissue roll and a wrapper are left lying on the desk - visible waste that has not been cleared.",
C21 A single common/IMG_20260918_113224.jpg,IMG_20260918_113224.jpg,C21 A single common,C21,Room,CLEAN,CLEAN,0.008948,4,384,tile2x2_mean,2048,unweighted,0.24,correct,CLEAN,NEAT,Cabinet with toiletries and bed corner; visible floor clear of waste and debris.,Marks on wall - maintenance
C21 A single common/IMG_20260918_113231.jpg,IMG_20260918_113231.jpg,C21 A single common,C21,Room,CLEAN,NOT_CLEAN,0.354256,4,384,tile2x2_mean,2048,unweighted,0.24,false_positive,NOT_FULLY_VISIBLE,NEAT,Bed with pillow and bedcover; nothing dirty or discarded visible.,
C21 A single common/IMG_20260918_113239.jpg,IMG_20260918_113239.jpg,C21 A single common,C21,Room,CLEAN,CLEAN,0.164265,4,384,tile2x2_mean,2048,unweighted,0.24,correct,CLEAN,NEAT,Bed with blanket and chair with towel; visible floor clear of waste.,
C21 A single common/IMG_20260918_113243.jpg,IMG_20260918_113243.jpg,C21 A single common,C21,Room,CLEAN,CLEAN,0.010515,4,384,tile2x2_mean,2048,unweighted,0.24,correct,CLEAN,NEAT,Doorway with slippers kept at the side; floor clear of litter.,
C21 A single common/IMG_20260918_113250.jpg,IMG_20260918_113250.jpg,C21 A single common,C21,Room,NOT_CLEAN,CLEAN,0.011979,4,384,tile2x2_mean,2048,unweighted,0.24,false_negative,DIRTY,NOT_NEAT,A dried spill/residue patch and a small lid lie on the floor in the desk corner and an empty bottle with a tissue roll is left on the desk - the corner has not been cleaned.,Grimy skirting - maintenance
C21 B double attach/C21 B double attach.jpg,C21 B double attach.jpg,C21 B double attach,C21,Room,CLEAN,CLEAN,0.026832,4,384,tile2x2_mean,2048,unweighted,0.24,correct,CLEAN,NEAT,Helmet and suitcase stored on the wardrobe; floor clean and clear.,
C21 B double attach/IMG_20260918_113357.jpg,IMG_20260918_113357.jpg,C21 B double attach,C21,Room,CLEAN,CLEAN,0.008928,4,384,tile2x2_mean,2048,unweighted,0.24,correct,CLEAN,NEAT,"Clothes on a wall hook, folded clothes on the bed, doormat in place; tiles clean with no waste.",Damp/mould at wall base - maintenance
C21 B double attach/IMG_20260918_113400.jpg,IMG_20260918_113400.jpg,C21 B double attach,C21,Room,CLEAN,CLEAN,0.00381,4,384,tile2x2_mean,2048,unweighted,0.24,correct,CLEAN,NEAT,Two beds with bedding and folded clothes and a rug on the floor; no waste or dirt.,
C21 B double attach/IMG_20260918_113408.jpg,IMG_20260918_113408.jpg,C21 B double attach,C21,Room,CLEAN,CLEAN,0.001088,4,384,tile2x2_mean,2048,unweighted,0.24,correct,CLEAN,NEAT,"Bed with pillows and clothes, cabinet and box beside it; floor clean.",
C21 B double attach/IMG_20260918_113413.jpg,IMG_20260918_113413.jpg,C21 B double attach,C21,Room,CLEAN,CLEAN,0.00592,4,384,tile2x2_mean,2048,unweighted,0.24,correct,CLEAN,NEAT,"Desk with bottle, bag on the chair, stool stored under the desk.",
C21 B double attach/IMG_20260918_113416.jpg,IMG_20260918_113416.jpg,C21 B double attach,C21,Room,CLEAN,CLEAN,0.001129,4,384,tile2x2_mean,2048,unweighted,0.24,correct,CLEAN,NEAT,Desk and wardrobe in order; floor clean with no debris.,
C21 B double attach/IMG_20260918_113422.jpg,IMG_20260918_113422.jpg,C21 B double attach,C21,Room,CLEAN,CLEAN,0.000351,4,384,tile2x2_mean,2048,unweighted,0.24,correct,CLEAN,NEAT,"Wide view: beds and desk in use, floor clean and free of waste.",
C21 B double attach/IMG_20260918_113430.jpg,IMG_20260918_113430.jpg,C21 B double attach,C21,Room,CLEAN,CLEAN,0.000525,4,384,tile2x2_mean,2048,unweighted,0.24,correct,CLEAN,NEAT,Bathroom doorway; tiles clean and clear of litter.,
C21 B double attach/IMG_20260918_113433.jpg,IMG_20260918_113433.jpg,C21 B double attach,C21,Room,CLEAN,CLEAN,0.001989,4,384,tile2x2_mean,2048,unweighted,0.24,correct,CLEAN,NEAT,"Floor mat by the bed, clean tiles, nothing discarded.",
C21 B double attach/IMG_20260918_113438.jpg,IMG_20260918_113438.jpg,C21 B double attach,C21,Room,CLEAN,CLEAN,0.004033,4,384,tile2x2_mean,2048,unweighted,0.24,correct,CLEAN,NEAT,Door with doormat and clothes hanging; floor clean.,Damp/peeling at wall base - maintenance
C21 C double common/Kitchen/IMG_20260918_112605.jpg,IMG_20260918_112605.jpg,C21 C double common,C21,Kitchen,NOT_CLEAN,NOT_CLEAN,0.877186,4,384,tile2x2_mean,2048,unweighted,0.24,correct,CLEAN,NOT_NEAT,The appliance/fridge top is visibly soiled with brown residue and crumbs and has not been wiped; devices standing on it are stained too.,
C21 C double common/Kitchen/IMG_20260918_112611.jpg,IMG_20260918_112611.jpg,C21 C double common,C21,Kitchen,CLEAN,NOT_CLEAN,0.987754,4,384,tile2x2_mean,2048,unweighted,0.24,false_positive,CLEAN,NEAT,"Kitchen area clean with no visible residue or waste; counter vessels, dustbins and mat are normal household use and the floor is clean.",
C21 C double common/Kitchen/IMG_20260918_112616.jpg,IMG_20260918_112616.jpg,C21 C double common,C21,Kitchen,NOT_CLEAN,NOT_CLEAN,0.999982,4,384,tile2x2_mean,2048,unweighted,0.24,correct,CLEAN,NOT_NEAT,"Unwashed vessels - bowl with knife, cooker, plates, pan - left on the counter with visible crumbs and food residue across the slab.",
C21 C double common/Kitchen/IMG_20260918_112620.jpg,IMG_20260918_112620.jpg,C21 C double common,C21,Kitchen,CLEAN,CLEAN,8.8e-05,4,384,tile2x2_mean,2048,unweighted,0.24,correct,CLEAN,NEAT,"Clothes on a drying stand - normal common-area use, not dirt; floor tiles clean with no waste.",
C21 C double common/Kitchen/IMG_20260918_112629.jpg,IMG_20260918_112629.jpg,C21 C double common,C21,Kitchen,CLEAN,CLEAN,0.000116,4,384,tile2x2_mean,2048,unweighted,0.24,correct,CLEAN,NEAT,"Drying stand, shoe stand and footwear at the doorway; floor clean, nothing discarded.",
C21 C double common/Kitchen/IMG_20260918_112638.jpg,IMG_20260918_112638.jpg,C21 C double common,C21,Kitchen,CLEAN,NOT_CLEAN,0.975129,4,384,tile2x2_mean,2048,unweighted,0.24,false_positive,CLEAN,NEAT,Sink and counter reasonably clean with bottles and vessels in normal use; no food residue or waste on the floor.,"Broken/blackened plaster under the counter - maintenance, not housekeeping dirt"
C21 C double common/C21 C double Common.jpg,C21 C double Common.jpg,C21 C double common,C21,Room,CLEAN,CLEAN,0.031713,4,384,tile2x2_mean,2048,unweighted,0.24,correct,CLEAN,NEAT,Ironing board stored on the wardrobe and jeans over a chair; floor clean with no waste.,
C21 C double common/IMG_20260918_112714.jpg,IMG_20260918_112714.jpg,C21 C double common,C21,Room,CLEAN,CLEAN,0.028368,4,384,tile2x2_mean,2048,unweighted,0.24,correct,CLEAN,NEAT,"Bed with a storage box, chair and stool in place; tiles clean.",
C21 C double common/IMG_20260918_112717.jpg,IMG_20260918_112717.jpg,C21 C double common,C21,Room,CLEAN,CLEAN,0.081174,4,384,tile2x2_mean,2048,unweighted,0.24,correct,CLEAN,NEAT,"Bed and stool with clothes over it; floor clean, no debris.",
C21 C double common/IMG_20260918_112720.jpg,IMG_20260918_112720.jpg,C21 C double common,C21,Room,CLEAN,CLEAN,0.022378,4,384,tile2x2_mean,2048,unweighted,0.24,correct,CLEAN,NEAT,Bed with bedding and box and a side cabinet; no waste visible.,Damp wall patch - maintenance
C21 C double common/IMG_20260918_112725.jpg,IMG_20260918_112725.jpg,C21 C double common,C21,Room,CLEAN,CLEAN,0.003297,4,384,tile2x2_mean,2048,unweighted,0.24,correct,CLEAN,NEAT,Two beds with cabinets holding bottles and books; tiles clean.,Wall discolouration - maintenance
C21 C double common/IMG_20260918_112727.jpg,IMG_20260918_112727.jpg,C21 C double common,C21,Room,CLEAN,CLEAN,0.028142,4,384,tile2x2_mean,2048,unweighted,0.24,correct,CLEAN,NEAT,Bed with bedcover and cabinet with personal items; nothing discarded.,
C21 C double common/IMG_20260918_112741.jpg,IMG_20260918_112741.jpg,C21 C double common,C21,Room,CLEAN,CLEAN,0.000401,4,384,tile2x2_mean,2048,unweighted,0.24,correct,NOT_FULLY_VISIBLE,NEAT,Bed with quilt spread on it; no waste or dirt visible.,
C21 C double common/IMG_20260918_112745.jpg,IMG_20260918_112745.jpg,C21 C double common,C21,Room,CLEAN,CLEAN,0.067338,4,384,tile2x2_mean,2048,unweighted,0.24,correct,CLEAN,NEAT,"Beds, cabinets and a stored carton; floor clear of litter.",
C21 C double common/IMG_20260918_112750.jpg,IMG_20260918_112750.jpg,C21 C double common,C21,Room,CLEAN,CLEAN,0.01426,4,384,tile2x2_mean,2048,unweighted,0.24,correct,CLEAN,NEAT,Bed with folded clothes and footwear kept at the doorway; floor clean.,
C21 C double common/IMG_20260918_112755.jpg,IMG_20260918_112755.jpg,C21 C double common,C21,Room,CLEAN,NOT_CLEAN,0.271711,4,384,tile2x2_mean,2048,unweighted,0.24,false_positive,CLEAN,NEAT,"Desk with bottles and toiletries and a wardrobe; floor clean, no waste.",
C21 C double common/IMG_20260918_112759.jpg,IMG_20260918_112759.jpg,C21 C double common,C21,Room,CLEAN,CLEAN,0.008475,4,384,tile2x2_mean,2048,unweighted,0.24,correct,CLEAN,NEAT,"Bed with bedcover, cabinet with books and bottles and a paper bag beside it; floor clean.",Dark marks on wall - maintenance
C21 D single attach/C21 D single attach.jpg,C21 D single attach.jpg,C21 D single attach,C21,Room,CLEAN,CLEAN,0.000124,4,384,tile2x2_mean,2048,unweighted,0.24,correct,NOT_FULLY_VISIBLE,NEAT,Wardrobe and wall; visible floor clear with nothing discarded.,
C21 D single attach/IMG_20260918_112920.jpg,IMG_20260918_112920.jpg,C21 D single attach,C21,Room,CLEAN,CLEAN,0.237457,4,384,tile2x2_mean,2048,unweighted,0.24,correct,CLEAN,NEAT,Tiles clean and shiny with mat and drying stand; storage rack against the wall.,
C21 D single attach/IMG_20260918_112926.jpg,IMG_20260918_112926.jpg,C21 D single attach,C21,Room,CLEAN,NOT_CLEAN,0.304577,4,384,tile2x2_mean,2048,unweighted,0.24,false_positive,CLEAN,NEAT,Desk with bottles and toiletries and cartons stacked on the rack; floor clean.,
C21 D single attach/IMG_20260918_112934.jpg,IMG_20260918_112934.jpg,C21 D single attach,C21,Room,CLEAN,CLEAN,0.006599,4,384,tile2x2_mean,2048,unweighted,0.24,correct,CLEAN,NEAT,Bed with blanket and a rack with bottles beside it; no waste.,Wall stain - maintenance
C21 D single attach/IMG_20260918_112938.jpg,IMG_20260918_112938.jpg,C21 D single attach,C21,Room,CLEAN,NOT_CLEAN,0.544651,4,384,tile2x2_mean,2048,unweighted,0.24,false_positive,CLEAN,NEAT,Desk with organised bottles and plate and cartons on the rack; floor clean with no litter.,Chipped desk panel - maintenance
C21 D single attach/IMG_20260918_112950.jpg,IMG_20260918_112950.jpg,C21 D single attach,C21,Room,CLEAN,CLEAN,0.010357,4,384,tile2x2_mean,2048,unweighted,0.24,correct,CLEAN,NEAT,Storage rack with hangers and boxes kept in order; floor clean.,
C21 D single attach/IMG_20260918_112954.jpg,IMG_20260918_112954.jpg,C21 D single attach,C21,Room,CLEAN,CLEAN,0.058726,4,384,tile2x2_mean,2048,unweighted,0.24,correct,CLEAN,NEAT,"Wardrobe and rack with a floor mat by the door and a cloth on the floor; tiles clean, no waste.",
C21 D single attach/IMG_20260918_113000.jpg,IMG_20260918_113000.jpg,C21 D single attach,C21,Room,CLEAN,CLEAN,0.235377,4,384,tile2x2_mean,2048,unweighted,0.24,correct,NOT_FULLY_VISIBLE,NEAT,Bed corner with bottles on the cabinet; no residue or waste visible.,Damp stain - maintenance
C31 B double attach/C31 b double attach.jpg,C31 b double attach.jpg,C31 B double attach,C31,Room,NOT_CLEAN,NOT_CLEAN,0.831129,5,384,tile2x2_mean,2048,unweighted,0.05,correct,CLEAN,NOT_NEAT,"Tiles are clean with no dirt or garbage, but cooking vessels, cables, a racket, bags and a bottle are piled directly on the floor in the corner with packaging and an empty wrapper on the table - the room looks untidy.",
C31 B double attach/IMG_20260918_114321.jpg,IMG_20260918_114321.jpg,C31 B double attach,C31,Room,NOT_CLEAN,NOT_CLEAN,0.092436,5,384,tile2x2_mean,2048,unweighted,0.05,correct,CLEAN,NOT_NEAT,"Opened carton with papers on the floor by the fridge, backpack dropped beside it, slippers loose and suitcase in the walkway; tiles themselves clean.",
C31 B double attach/IMG_20260918_114326.jpg,IMG_20260918_114326.jpg,C31 B double attach,C31,Room,NOT_CLEAN,NOT_CLEAN,0.212103,5,384,tile2x2_mean,2048,unweighted,0.05,correct,CLEAN,NOT_NEAT,"Bedding tangled across the bed, packaging carton on the table, bag pushed under it and slippers on the floor.",
C31 B double attach/IMG_20260918_114331.jpg,IMG_20260918_114331.jpg,C31 B double attach,C31,Room,NOT_CLEAN,NOT_CLEAN,0.145363,5,384,tile2x2_mean,2048,unweighted,0.05,correct,CLEAN,NOT_NEAT,"Bed unmade with bedding loose, opened package on the table and bags underneath; tiles clean but the room is visibly unarranged.",
C31 B double attach/IMG_20260918_114344.jpg,IMG_20260918_114344.jpg,C31 B double attach,C31,Room,NOT_CLEAN,NOT_CLEAN,0.575379,5,384,tile2x2_mean,2048,unweighted,0.05,correct,NOT_FULLY_VISIBLE,NOT_NEAT,"Bedding, clothes, a power strip and a plastic bag tangled together across the whole bed.",
C31 B double attach/IMG_20260918_114348.jpg,IMG_20260918_114348.jpg,C31 B double attach,C31,Room,NOT_CLEAN,NOT_CLEAN,0.944464,5,384,tile2x2_mean,2048,unweighted,0.05,correct,CLEAN,NOT_NEAT,"Torn shoe box and bottles on the wardrobes, vessels and cables piled on the floor and opened packaging on the ledge.",
C31 B double attach/IMG_20260918_114351.jpg,IMG_20260918_114351.jpg,C31 B double attach,C31,Room,NOT_CLEAN,NOT_CLEAN,0.212772,5,384,tile2x2_mean,2048,unweighted,0.05,correct,CLEAN,NOT_NEAT,"Floor tiles visibly clean, but the corner holds vessels, cables and a bag on the floor with a slipper mid-room and a cloth thrown over the bed.",
C31 B double attach/IMG_20260918_114356.jpg,IMG_20260918_114356.jpg,C31 B double attach,C31,Room,CLEAN,CLEAN,0.006149,5,384,tile2x2_mean,2048,unweighted,0.05,correct,CLEAN,NEAT,"Clean tiles with a suitcase stood against the wall, coat on the door and folded bedding - belongings reasonably placed, no waste.",
C31 C double Common/IMG_20260918_113835.jpg,IMG_20260918_113835.jpg,C31 C double Common,C31,Room,CLEAN,CLEAN,0.001346,5,384,tile2x2_mean,2048,unweighted,0.05,correct,CLEAN,NEAT,"Tiles clean with no housekeeping dirt or waste; suitcase stood upright, clothes on the bed and shoes together - reasonably arranged.",
C31 C double Common/IMG_20260918_113838.jpg,IMG_20260918_113838.jpg,C31 C double Common,C31,Room,CLEAN,CLEAN,0.049882,5,384,tile2x2_mean,2048,unweighted,0.05,correct,CLEAN,NEAT,Floor tiles clean and no garbage; clothes on the bed with backpack and slippers beside it are normal belongings reasonably placed.,
C31 C double Common/IMG_20260918_113846.jpg,IMG_20260918_113846.jpg,C31 C double Common,C31,Room,CLEAN,CLEAN,0.003331,5,384,tile2x2_mean,2048,unweighted,0.05,correct,CLEAN,NEAT,One pile of clothes on the mattress; floor clean and empty with nothing discarded.,
C31 C double Common/IMG_20260918_113854.jpg,IMG_20260918_113854.jpg,C31 C double Common,C31,Room,CLEAN,CLEAN,0.011046,5,384,tile2x2_mean,2048,unweighted,0.05,correct,CLEAN,NEAT,A few garments on the mattress and a closed cabinet; floor clean.,
C31 C double Common/IMG_20260918_113857.jpg,IMG_20260918_113857.jpg,C31 C double Common,C31,Room,CLEAN,NOT_CLEAN,0.102312,5,384,tile2x2_mean,2048,unweighted,0.05,false_positive,CLEAN,NEAT,Bare mattress and open doorway; tiles clean and clear.,
C31 C double Common/IMG_20260918_113901.jpg,IMG_20260918_113901.jpg,C31 C double Common,C31,Room,CLEAN,CLEAN,0.006158,5,384,tile2x2_mean,2048,unweighted,0.05,correct,CLEAN,NEAT,"Blanket and clothes on the bed, snack packet and papers on the cabinet, backpack beside it; no waste on the floor and no residue.",Wall marks - maintenance
C31 C double Common/IMG_20260918_113909.jpg,IMG_20260918_113909.jpg,C31 C double Common,C31,Room,CLEAN,NOT_CLEAN,0.076317,5,384,tile2x2_mean,2048,unweighted,0.05,false_positive,CLEAN,NEAT,"Desk with laptop, suitcase and shoes by the wardrobe and clothes on hooks; tiles clean.",
C31 C double Common/IMG_20260918_113912.jpg,IMG_20260918_113912.jpg,C31 C double Common,C31,Room,CLEAN,CLEAN,0.010265,5,384,tile2x2_mean,2048,unweighted,0.05,correct,CLEAN,NEAT,"Study corner with laptop and bottle, clothes hanging and luggage below; nothing discarded.",
C31 D single attach/IMG_20260918_114047.jpg,IMG_20260918_114047.jpg,C31 D single attach,C31,Room,CLEAN,CLEAN,9e-06,5,384,tile2x2_mean,2048,unweighted,0.05,correct,CLEAN,NEAT,Tiles clean and reflective with wardrobe and fridge against the wall; nothing discarded.,
C31 D single attach/IMG_20260918_114050.jpg,IMG_20260918_114050.jpg,C31 D single attach,C31,Room,CLEAN,CLEAN,0.000353,5,384,tile2x2_mean,2048,unweighted,0.05,correct,CLEAN,NEAT,Clean shiny floor with doormat; no litter or residue.,
C31 D single attach/IMG_20260918_114054.jpg,IMG_20260918_114054.jpg,C31 D single attach,C31,Room,CLEAN,NOT_CLEAN,0.058144,5,384,tile2x2_mean,2048,unweighted,0.05,false_positive,CLEAN,NEAT,"Table with iron, bottles and a snack packet and a towel over the chair; floor clean with no waste.",
C31 D single attach/IMG_20260918_114058.jpg,IMG_20260918_114058.jpg,C31 D single attach,C31,Room,CLEAN,CLEAN,0.000712,5,384,tile2x2_mean,2048,unweighted,0.05,correct,NOT_FULLY_VISIBLE,NEAT,Bed with pillows and bedcover and a coat on the hook; nothing dirty or discarded.,
C31 D single attach/IMG_20260918_114111.jpg,IMG_20260918_114111.jpg,C31 D single attach,C31,Room,CLEAN,CLEAN,0.001634,5,384,tile2x2_mean,2048,unweighted,0.05,correct,CLEAN,NEAT,Wardrobe and cabinet; tiles clean and clear.,
C31 D single attach/IMG_20260918_114115.jpg,IMG_20260918_114115.jpg,C31 D single attach,C31,Room,CLEAN,CLEAN,0.004356,5,384,tile2x2_mean,2048,unweighted,0.05,correct,CLEAN,NEAT,Door area with doormat; floor clean with no litter.,Peeling/damp at wall base - maintenance
C31 D single attach/IMG_20260918_114120.jpg,IMG_20260918_114120.jpg,C31 D single attach,C31,Room,CLEAN,CLEAN,0.032857,5,384,tile2x2_mean,2048,unweighted,0.05,correct,CLEAN,NEAT,"Bed with clothes, towel, bottle, comb and remote - normal belongings; floor clean with no waste.",
C31 D single attach/IMG_20260918_114127.jpg,IMG_20260918_114127.jpg,C31 D single attach,C31,Room,CLEAN,CLEAN,0.000793,5,384,tile2x2_mean,2048,unweighted,0.05,correct,CLEAN,NEAT,Door and wardrobe with doormat on clean tiles; no waste or dirt visible.,Peeling paint at wall base - maintenance
A33 A single attach/A33 A Single attach. .jpg,A33 A Single attach. .jpg,A33 A single attach,A33,Room,CLEAN,CLEAN,0.008218,1,384,tile2x2_mean,2048,class_weighted,0.41,correct,CLEAN,NEAT,Tiles are clean with only a doormat; no visible housekeeping dirt or waste.,
A33 A single attach/IMG_20260918_104751.jpg,IMG_20260918_104751.jpg,A33 A single attach,A33,Room,CLEAN,CLEAN,0.225149,1,384,tile2x2_mean,2048,class_weighted,0.41,correct,CLEAN,NEAT,Open floor clean with no debris; suitcase stood against the wall and a few desk items reasonably arranged.,
A33 A single attach/IMG_20260918_104756.jpg,IMG_20260918_104756.jpg,A33 A single attach,A33,Room,CLEAN,CLEAN,0.04179,1,384,tile2x2_mean,2048,class_weighted,0.41,correct,CLEAN,NEAT,"Floor clean and free of waste; bed covered, desks hold bottles and small items in order.",
A33 A single attach/IMG_20260918_104801.jpg,IMG_20260918_104801.jpg,A33 A single attach,A33,Room,CLEAN,NOT_CLEAN,0.649419,1,384,tile2x2_mean,2048,class_weighted,0.41,false_positive,CLEAN,NEAT,"No dirt, residue or waste visible; helmet and a few clothes rest on the made bed.",
A33 A single attach/IMG_20260918_104805.jpg,IMG_20260918_104805.jpg,A33 A single attach,A33,Room,CLEAN,NOT_CLEAN,0.749201,1,384,tile2x2_mean,2048,class_weighted,0.41,false_positive,CLEAN,NEAT,Floor clean with no waste; clothes and helmet on the bed are normal belongings.,
A33 A single attach/IMG_20260918_104828.jpg,IMG_20260918_104828.jpg,A33 A single attach,A33,Room,CLEAN,CLEAN,0.11057,1,384,tile2x2_mean,2048,class_weighted,0.41,correct,CLEAN,NEAT,Wardrobe area clean with one bottle standing on the floor; no debris or residue.,
A33 C double common/A33 C double Common.jpg,A33 C double Common.jpg,A33 C double common,A33,Room,CLEAN,CLEAN,0.008842,1,384,tile2x2_mean,2048,class_weighted,0.41,correct,NOT_FULLY_VISIBLE,NEAT,"Bed with blanket, small carton on the side table and towels at the window; nothing dirty or discarded visible.",
A33 C double common/IMG_20260918_105110.jpg,IMG_20260918_105110.jpg,A33 C double common,A33,Room,CLEAN,CLEAN,0.0006,1,384,tile2x2_mean,2048,class_weighted,0.41,correct,CLEAN,NEAT,"Floor clean with no waste; desk and chair clear, blanket left bunched on the bed only.",
A33 C double common/IMG_20260918_105117.jpg,IMG_20260918_105117.jpg,A33 C double common,A33,Room,CLEAN,CLEAN,0.001364,1,384,tile2x2_mean,2048,class_weighted,0.41,correct,CLEAN,NEAT,"Tiles clean, no housekeeping dirt; bedding loose on the bed.",
A33 C double common/IMG_20260918_105124.jpg,IMG_20260918_105124.jpg,A33 C double common,A33,Room,CLEAN,CLEAN,0.010643,1,384,tile2x2_mean,2048,class_weighted,0.41,correct,CLEAN,NEAT,"Suitcase stored on the wardrobe and a bottle above; floor clean, no waste.",
A33 C double common/IMG_20260918_105135.jpg,IMG_20260918_105135.jpg,A33 C double common,A33,Room,CLEAN,CLEAN,0.032847,1,384,tile2x2_mean,2048,class_weighted,0.41,correct,CLEAN,NEAT,Desks and chairs in place with a cable along the floor; no waste or dirt visible.,
A33 C double common/IMG_20260918_105143.jpg,IMG_20260918_105143.jpg,A33 C double common,A33,Room,CLEAN,NOT_CLEAN,0.418778,1,384,tile2x2_mean,2048,class_weighted,0.41,false_positive,CLEAN,NEAT,A few clothes on the bed and a weighing scale on the floor; floor clean.,
A33 C double common/IMG_20260918_105157.jpg,IMG_20260918_105157.jpg,A33 C double common,A33,Room,NOT_CLEAN,CLEAN,0.011121,1,384,tile2x2_mean,2048,class_weighted,0.41,false_negative,CLEAN,NOT_NEAT,"A large crumpled brown packing cover lies discarded on the floor beside the suitcase - visible waste material, so the area is not clean. Tiles themselves are clean.",
A33 C double common/IMG_20260918_105203.jpg,IMG_20260918_105203.jpg,A33 C double common,A33,Room,NOT_CLEAN,CLEAN,0.181708,1,384,tile2x2_mean,2048,class_weighted,0.41,false_negative,CLEAN,NOT_NEAT,Closer view of the same discarded packing cover spread loose across the floor.,
A33 C double common/IMG_20260918_105215.jpg,IMG_20260918_105215.jpg,A33 C double common,A33,Room,CLEAN,CLEAN,0.036099,1,384,tile2x2_mean,2048,class_weighted,0.41,correct,CLEAN,NEAT,"Cabinet with utensils, clothes on a hook, scale on the floor; no waste or residue.",
A33 C double common/IMG_20260918_105219.jpg,IMG_20260918_105219.jpg,A33 C double common,A33,Room,CLEAN,CLEAN,0.381416,1,384,tile2x2_mean,2048,class_weighted,0.41,correct,CLEAN,NEAT,Floor clean and clear; clothes hanging behind the door.,
A33 C double common/IMG_20260918_105224.jpg,IMG_20260918_105224.jpg,A33 C double common,A33,Room,CLEAN,CLEAN,0.216454,1,384,tile2x2_mean,2048,class_weighted,0.41,correct,CLEAN,NEAT,Carton and luggage stored beside the bed; no garbage or dirt visible.,Damp patch on wall - maintenance
A33 C double common/IMG_20260918_105241.jpg,IMG_20260918_105241.jpg,A33 C double common,A33,Room,CLEAN,CLEAN,0.000967,1,384,tile2x2_mean,2048,class_weighted,0.41,correct,CLEAN,NEAT,"Window wall and doorway; floor clean, nothing discarded.",
A33 C double common/IMG_20260918_105245.jpg,IMG_20260918_105245.jpg,A33 C double common,A33,Room,CLEAN,CLEAN,0.01244,1,384,tile2x2_mean,2048,class_weighted,0.41,correct,CLEAN,NEAT,"Wide view: bed made, suitcase on the wardrobe, floor clean.",
A34 A single attach/A34 A Single attach.jpg,A34 A Single attach.jpg,A34 A single attach,A34,Room,CLEAN,CLEAN,0.014881,2,384,tile2x2_mean,2048,class_weighted,0.18,correct,CLEAN,NEAT,Bed corner with folded bedding; no waste and the visible floor is clean.,Wall holes and marks - maintenance
A34 A single attach/IMG_20260918_104319.jpg,IMG_20260918_104319.jpg,A34 A single attach,A34,Room,CLEAN,CLEAN,0.01913,2,384,tile2x2_mean,2048,class_weighted,0.18,correct,CLEAN,NEAT,"Desk, paper bags and stool kept together in the corner; floor clean, no waste.",
A34 A single attach/IMG_20260918_104324.jpg,IMG_20260918_104324.jpg,A34 A single attach,A34,Room,CLEAN,CLEAN,0.007439,2,384,tile2x2_mean,2048,class_weighted,0.18,correct,CLEAN,NEAT,Large open floor area clean and clear of debris.,
A34 A single attach/IMG_20260918_104330.jpg,IMG_20260918_104330.jpg,A34 A single attach,A34,Room,CLEAN,CLEAN,0.00023,2,384,tile2x2_mean,2048,class_weighted,0.18,correct,CLEAN,NEAT,Desk with computer and towel folded on the chair; floor clean.,
A34 A single attach/IMG_20260918_104334.jpg,IMG_20260918_104334.jpg,A34 A single attach,A34,Room,CLEAN,CLEAN,0.003304,2,384,tile2x2_mean,2048,class_weighted,0.18,correct,CLEAN,NEAT,Bed made with a few clothes on it; no waste or residue.,
A34 A single attach/IMG_20260918_104337.jpg,IMG_20260918_104337.jpg,A34 A single attach,A34,Room,CLEAN,CLEAN,0.001702,2,384,tile2x2_mean,2048,class_weighted,0.18,correct,CLEAN,NEAT,"Bed covered, floor clean, nothing discarded.",
A34 A single attach/IMG_20260918_104358.jpg,IMG_20260918_104358.jpg,A34 A single attach,A34,Room,CLEAN,CLEAN,0.05942,2,384,tile2x2_mean,2048,class_weighted,0.18,correct,CLEAN,NEAT,Desk in use with a box stored underneath; no debris on the floor.,
A34 A single attach/IMG_20260918_104414.jpg,IMG_20260918_104414.jpg,A34 A single attach,A34,Room,CLEAN,CLEAN,8.1e-05,2,384,tile2x2_mean,2048,class_weighted,0.18,correct,CLEAN,NEAT,Doorway with doormat and luggage against the wall; floor clean.,
A34 A single attach/IMG_20260918_104444.jpg,IMG_20260918_104444.jpg,A34 A single attach,A34,Room,CLEAN,CLEAN,0.005184,2,384,tile2x2_mean,2048,class_weighted,0.18,correct,CLEAN,NEAT,"Utility corner with ironing board, rack and bucket arranged along the wall; floor clean.",
A34 A single attach/IMG_20260918_104514.jpg,IMG_20260918_104514.jpg,A34 A single attach,A34,Room,CLEAN,CLEAN,0.048477,2,384,tile2x2_mean,2048,class_weighted,0.18,correct,CLEAN,NEAT,Storage corner kept in order; no waste or dirt visible.,
A34 B double attach/A34 B double attach.jpg,A34 B double attach.jpg,A34 B double attach,A34,Room,NOT_CLEAN,NOT_CLEAN,0.349059,2,384,tile2x2_mean,2048,class_weighted,0.18,correct,CLEAN,NOT_NEAT,"Tiles are clean with no housekeeping dirt, but clothes are dumped over a chair and over storage boxes with cartons and a jar crowding the corner - the room looks untidy.",
A34 B double attach/IMG_20260918_103815.jpg,IMG_20260918_103815.jpg,A34 B double attach,A34,Room,NOT_CLEAN,CLEAN,0.004596,2,384,tile2x2_mean,2048,class_weighted,0.18,false_negative,CLEAN,NOT_NEAT,"Tiles clean, but five-plus pairs of shoes and a slipper lie spread across the floor, a yellow bag is dropped on the tiles and clothes are strewn over a bare mattress.",
A34 B double attach/IMG_20260918_103820.jpg,IMG_20260918_103820.jpg,A34 B double attach,A34,Room,NOT_CLEAN,CLEAN,0.132334,2,384,tile2x2_mean,2048,class_weighted,0.18,false_negative,CLEAN,NOT_NEAT,"Clothes heaped over both mattresses, shoes and a bag on the floor, a packet left on the mattress; floor itself clean.",
A34 B double attach/IMG_20260918_103827.jpg,IMG_20260918_103827.jpg,A34 B double attach,A34,Room,NOT_CLEAN,CLEAN,0.133968,2,384,tile2x2_mean,2048,class_weighted,0.18,false_negative,CLEAN,NOT_NEAT,"Clothes and a steel vessel dumped on the chair, slippers loose on the floor, mattress standing across the bathroom doorway.",
A34 B double attach/IMG_20260918_103844.jpg,IMG_20260918_103844.jpg,A34 B double attach,A34,Room,NOT_CLEAN,CLEAN,0.009509,2,384,tile2x2_mean,2048,class_weighted,0.18,false_negative,CLEAN,NOT_NEAT,"A cloth is thrown over the chair and trails onto the floor, with further scattered items and bottles visible in the room beyond.",
A34 B double attach/IMG_20260918_103854.jpg,IMG_20260918_103854.jpg,A34 B double attach,A34,Room,NOT_CLEAN,NOT_CLEAN,0.239263,2,384,tile2x2_mean,2048,class_weighted,0.18,correct,CLEAN,NOT_NEAT,"Two open suitcases on the floor with contents spilling out, shoes scattered around them, clothes heaped on the mattress.",
A34 B double attach/IMG_20260918_103858.jpg,IMG_20260918_103858.jpg,A34 B double attach,A34,Room,NOT_CLEAN,NOT_CLEAN,0.385831,2,384,tile2x2_mean,2048,class_weighted,0.18,correct,CLEAN,NOT_NEAT,"Open suitcase tipped onto the floor, yellow bag and slipper on the tiles, clothes across both mattresses.",
A34 B double attach/IMG_20260918_104015.jpg,IMG_20260918_104015.jpg,A34 B double attach,A34,Room,NOT_CLEAN,CLEAN,0.064334,2,384,tile2x2_mean,2048,class_weighted,0.18,false_negative,CLEAN,NOT_NEAT,Clothes draped over two chairs with a carton and jar on the floor corner; tiles clean but the corner is unarranged.,
A34 B double attach/IMG_20260918_104031.jpg,IMG_20260918_104031.jpg,A34 B double attach,A34,Room,NOT_CLEAN,CLEAN,0.040924,2,384,tile2x2_mean,2048,class_weighted,0.18,false_negative,CLEAN,NOT_NEAT,"Clothes over chairs, open suitcase on the floor, shoes below the bed; the room looks visibly untidy.",
B41 B double attach/B41  B Double attach.jpg,B41  B Double attach.jpg,B41 B double attach,B41,Room,CLEAN,NOT_CLEAN,0.30432,3,384,tile2x2_mean,2048,class_weighted,0.08,false_positive,CLEAN,NEAT,"Desk with laptop and bottles, towel on the chair; floor clean and clear of waste.",
B41 B double attach/B41 B double attach. .jpg,B41 B double attach. .jpg,B41 B double attach,B41,Room,CLEAN,NOT_CLEAN,0.11201,3,384,tile2x2_mean,2048,class_weighted,0.08,false_positive,CLEAN,NEAT,"Backpack kept on the floor and footwear on a rack; tiles clean, no debris.",
B41 B double attach/IMG_20260918_111705.jpg,IMG_20260918_111705.jpg,B41 B double attach,B41,Room,CLEAN,NOT_CLEAN,0.18649,3,384,tile2x2_mean,2048,class_weighted,0.08,false_positive,CLEAN,NEAT,"Bed with bedding, suitcase beside it and shoes under the bed; no waste or residue.",
B41 B double attach/IMG_20260918_111711.jpg,IMG_20260918_111711.jpg,B41 B double attach,B41,Room,CLEAN,CLEAN,0.033116,3,384,tile2x2_mean,2048,class_weighted,0.08,correct,CLEAN,NEAT,Bedding pulled back and shoes kept under the bed; floor clean.,
B41 B double attach/IMG_20260918_111715.jpg,IMG_20260918_111715.jpg,B41 B double attach,B41,Room,CLEAN,CLEAN,0.002078,3,384,tile2x2_mean,2048,class_weighted,0.08,correct,CLEAN,NEAT,Study corner in use with a towel on the chair; no residue or debris.,
B41 B double attach/IMG_20260918_111718.jpg,IMG_20260918_111718.jpg,B41 B double attach,B41,Room,CLEAN,NOT_CLEAN,0.082142,3,384,tile2x2_mean,2048,class_weighted,0.08,false_positive,CLEAN,NEAT,"Laptop and bottles on the desk, clothes on the bed, slippers at the bedside - reasonably placed.",
B41 B double attach/IMG_20260918_111720.jpg,IMG_20260918_111720.jpg,B41 B double attach,B41,Room,CLEAN,CLEAN,0.009191,3,384,tile2x2_mean,2048,class_weighted,0.08,correct,CLEAN,NEAT,Towel hanging to dry and pillow on the bed; nothing discarded.,
B41 B double attach/IMG_20260918_111728.jpg,IMG_20260918_111728.jpg,B41 B double attach,B41,Room,CLEAN,NOT_CLEAN,0.082728,3,384,tile2x2_mean,2048,class_weighted,0.08,false_positive,CLEAN,NEAT,"Doormat at the door, suitcase and shoes stored beside the bed; floor clean.",
B41 B double attach/IMG_20260918_111733.jpg,IMG_20260918_111733.jpg,B41 B double attach,B41,Room,CLEAN,CLEAN,0.021337,3,384,tile2x2_mean,2048,class_weighted,0.08,correct,CLEAN,NEAT,Wardrobes with containers stored on top; floor clean and clear.,
B41 B double attach/IMG_20260918_111738.jpg,IMG_20260918_111738.jpg,B41 B double attach,B41,Room,CLEAN,CLEAN,0.005789,3,384,tile2x2_mean,2048,class_weighted,0.08,correct,CLEAN,NEAT,"Iron kept on the shelf and clothes hanging; floor clean, no waste.",
B41 B double attach/IMG_20260918_111743.jpg,IMG_20260918_111743.jpg,B41 B double attach,B41,Room,CLEAN,NOT_CLEAN,0.460255,3,384,tile2x2_mean,2048,class_weighted,0.08,false_positive,CLEAN,NEAT,Tiles clean; shoes under the bed and towel on the chair.,
B41 C double common/Kitchen/IMG_20260918_110949.jpg,IMG_20260918_110949.jpg,B41 C double common,B41,Kitchen,NOT_CLEAN,NOT_CLEAN,0.602354,3,384,tile2x2_mean,2048,class_weighted,0.08,correct,CLEAN,NOT_NEAT,"Kitchen surfaces show visible dirty conditions: dried spilled residue across the fridge top, a tray and plastic bags of waste left on the counter, and a cloth lying on the floor.",
B41 C double common/Kitchen/IMG_20260918_111002.jpg,IMG_20260918_111002.jpg,B41 C double common,B41,Kitchen,NOT_CLEAN,NOT_CLEAN,0.989411,3,384,tile2x2_mean,2048,class_weighted,0.08,correct,CLEAN,NOT_NEAT,Counter slab is stained and greasy along its length with food residue around the induction plate; vessels and jars sit in the residue and a cloth is dropped on the floor by the bin.,
B41 C double common/Kitchen/IMG_20260918_111005.jpg,IMG_20260918_111005.jpg,B41 C double common,B41,Kitchen,NOT_CLEAN,NOT_CLEAN,0.705661,3,384,tile2x2_mean,2048,class_weighted,0.08,correct,CLEAN,NOT_NEAT,"Sink and surrounding slab show residue and grime, and a dirty cloth lies on the floor beside the washing machine.",Flaking plaster below the slab - maintenance
B41 C double common/Kitchen/IMG_20260918_111008.jpg,IMG_20260918_111008.jpg,B41 C double common,B41,Kitchen,CLEAN,NOT_CLEAN,0.22747,3,384,tile2x2_mean,2048,class_weighted,0.08,false_positive,CLEAN,NEAT,"Kitchen/utility area is clean with no visible housekeeping dirt or waste; washing machine, shoe rack and clothes on a stool are normal household use.",
B41 C double common/Kitchen/IMG_20260918_111013.jpg,IMG_20260918_111013.jpg,B41 C double common,B41,Kitchen,CLEAN,CLEAN,0.005267,3,384,tile2x2_mean,2048,class_weighted,0.08,correct,CLEAN,NEAT,"Clothes on a drying stand beside the doors are normal use, not a cleanliness problem; floor clean with no waste.",
B41 C double common/B 41 C  double common.jpg,B 41 C  double common.jpg,B41 C double common,B41,Room,NOT_CLEAN,CLEAN,0.015685,3,384,tile2x2_mean,2048,class_weighted,0.08,false_negative,DIRTY,NOT_NEAT,"White paper debris lies on the floor tiles near the door, so the floor is not clean; cloth over a chair and bucket on the floor.",
B41 C double common/IMG_20260918_111123.jpg,IMG_20260918_111123.jpg,B41 C double common,B41,Room,CLEAN,CLEAN,0.002324,3,384,tile2x2_mean,2048,class_weighted,0.08,correct,CLEAN,NEAT,"Wardrobe, umbrella opened to dry and bed with bedcover; no housekeeping dirt or waste visible.",
B41 C double common/IMG_20260918_111127.jpg,IMG_20260918_111127.jpg,B41 C double common,B41,Room,CLEAN,CLEAN,0.00441,3,384,tile2x2_mean,2048,class_weighted,0.08,correct,NOT_FULLY_VISIBLE,NEAT,"Bedcover left rumpled with two garments on it and clothes hanging on wall hooks; no waste, residue or floor dirt visible - normal belongings.",Damp/peeling wall patch - maintenance
B41 C double common/IMG_20260918_111131.jpg,IMG_20260918_111131.jpg,B41 C double common,B41,Room,NOT_CLEAN,CLEAN,0.075231,3,384,tile2x2_mean,2048,class_weighted,0.08,false_negative,CLEAN,NOT_NEAT,"Table crowded with bottles, packets and paper bags; clothes heaped on the bed and spilling onto the floor with a backpack among them.",Damp wall patch - maintenance
B41 C double common/IMG_20260918_111134.jpg,IMG_20260918_111134.jpg,B41 C double common,B41,Room,NOT_CLEAN,CLEAN,0.016358,3,384,tile2x2_mean,2048,class_weighted,0.08,false_negative,CLEAN,NOT_NEAT,Bed covered by a pile of loose clothes with more items stacked on the side table.,Dark damp staining - maintenance
B41 C double common/IMG_20260918_111147.jpg,IMG_20260918_111147.jpg,B41 C double common,B41,Room,NOT_CLEAN,CLEAN,0.045042,3,384,tile2x2_mean,2048,class_weighted,0.08,false_negative,DIRTY,NOT_NEAT,A crumpled tissue/paper piece lies on the floor tile - visible waste on the floor; cloths draped over the bed frame and chair.,
B41 C double common/IMG_20260918_111209.jpg,IMG_20260918_111209.jpg,B41 C double common,B41,Room,NOT_CLEAN,NOT_CLEAN,0.096244,3,384,tile2x2_mean,2048,class_weighted,0.08,correct,CLEAN,NOT_NEAT,"Clothes heaped on the bed and dropped on the floor, paper bags and a backpack on the tiles, table crowded with bottles.",Damp stain - maintenance
B41 C double common/IMG_20260918_111216.jpg,IMG_20260918_111216.jpg,B41 C double common,B41,Room,CLEAN,CLEAN,0.000984,3,384,tile2x2_mean,2048,class_weighted,0.08,correct,NOT_FULLY_VISIBLE,NEAT,Clothes hanging on the wall hook and bed with bedcover; no waste or housekeeping dirt visible.,Large damp/peeling patch - maintenance only
B41 C double common/IMG_20260918_111220.jpg,IMG_20260918_111220.jpg,B41 C double common,B41,Room,NOT_CLEAN,CLEAN,0.000542,3,384,tile2x2_mean,2048,class_weighted,0.08,false_negative,DIRTY,NOT_NEAT,"Two white paper/tissue pieces lie on the passage tiles, so the floor is not clean; clothes draped over a stool and chair.",
B41 D single attach/B41 D single attach.jpg,B41 D single attach.jpg,B41 D single attach,B41,Room,CLEAN,CLEAN,0.001296,3,384,tile2x2_mean,2048,class_weighted,0.08,correct,CLEAN,NEAT,Tiles clean and shiny with doormat and dustbin in place; no waste.,
B41 D single attach/IMG_20260918_111416.jpg,IMG_20260918_111416.jpg,B41 D single attach,B41,Room,CLEAN,CLEAN,0.022825,3,384,tile2x2_mean,2048,class_weighted,0.08,correct,CLEAN,NEAT,Bed neatly covered with a bag and cushion on it; floor clean.,
B41 D single attach/IMG_20260918_111425.jpg,IMG_20260918_111425.jpg,B41 D single attach,B41,Room,CLEAN,CLEAN,0.00401,3,384,tile2x2_mean,2048,class_weighted,0.08,correct,CLEAN,NEAT,Clean reflective floor with dustbin by the balcony door; no debris or stains.,
B41 D single attach/IMG_20260918_111442.jpg,IMG_20260918_111442.jpg,B41 D single attach,B41,Room,CLEAN,CLEAN,0.012375,3,384,tile2x2_mean,2048,class_weighted,0.08,correct,CLEAN,NEAT,Desk with a bottle and charger; floor clear of waste.,
B41 D single attach/IMG_20260918_111500.jpg,IMG_20260918_111500.jpg,B41 D single attach,B41,Room,CLEAN,CLEAN,0.011639,3,384,tile2x2_mean,2048,class_weighted,0.08,correct,CLEAN,NEAT,Suitcase stored on the wardrobe and slippers kept beside it; floor clean.,
B41 D single attach/IMG_20260918_111507.jpg,IMG_20260918_111507.jpg,B41 D single attach,B41,Room,CLEAN,CLEAN,0.001016,3,384,tile2x2_mean,2048,class_weighted,0.08,correct,CLEAN,NEAT,Bed with pillow and folded cloth; no waste visible.,
B41 D single attach/IMG_20260918_111517.jpg,IMG_20260918_111517.jpg,B41 D single attach,B41,Room,CLEAN,CLEAN,0.009675,3,384,tile2x2_mean,2048,class_weighted,0.08,correct,CLEAN,NEAT,Backpack and cushion on the covered bed - normal belongings; floor clean.,
B41 D single attach/IMG_20260918_111527.jpg,IMG_20260918_111527.jpg,B41 D single attach,B41,Room,CLEAN,CLEAN,0.001287,3,384,tile2x2_mean,2048,class_weighted,0.08,correct,CLEAN,NEAT,Entry area with doormat and dustbin; tiles clean with no litter.,
C21 A single common/IMG_20260918_113220.jpg,IMG_20260918_113220.jpg,C21 A single common,C21,Room,NOT_CLEAN,CLEAN,0.284966,4,384,tile2x2_mean,2048,class_weighted,0.31,false_negative,NOT_FULLY_VISIBLE,NOT_NEAT,"A crushed empty bottle, a used tissue roll and a wrapper are left lying on the desk - visible waste that has not been cleared.",
C21 A single common/IMG_20260918_113224.jpg,IMG_20260918_113224.jpg,C21 A single common,C21,Room,CLEAN,CLEAN,0.012336,4,384,tile2x2_mean,2048,class_weighted,0.31,correct,CLEAN,NEAT,Cabinet with toiletries and bed corner; visible floor clear of waste and debris.,Marks on wall - maintenance
C21 A single common/IMG_20260918_113231.jpg,IMG_20260918_113231.jpg,C21 A single common,C21,Room,CLEAN,NOT_CLEAN,0.460989,4,384,tile2x2_mean,2048,class_weighted,0.31,false_positive,NOT_FULLY_VISIBLE,NEAT,Bed with pillow and bedcover; nothing dirty or discarded visible.,
C21 A single common/IMG_20260918_113239.jpg,IMG_20260918_113239.jpg,C21 A single common,C21,Room,CLEAN,CLEAN,0.231214,4,384,tile2x2_mean,2048,class_weighted,0.31,correct,CLEAN,NEAT,Bed with blanket and chair with towel; visible floor clear of waste.,
C21 A single common/IMG_20260918_113243.jpg,IMG_20260918_113243.jpg,C21 A single common,C21,Room,CLEAN,CLEAN,0.015272,4,384,tile2x2_mean,2048,class_weighted,0.31,correct,CLEAN,NEAT,Doorway with slippers kept at the side; floor clear of litter.,
C21 A single common/IMG_20260918_113250.jpg,IMG_20260918_113250.jpg,C21 A single common,C21,Room,NOT_CLEAN,CLEAN,0.015437,4,384,tile2x2_mean,2048,class_weighted,0.31,false_negative,DIRTY,NOT_NEAT,A dried spill/residue patch and a small lid lie on the floor in the desk corner and an empty bottle with a tissue roll is left on the desk - the corner has not been cleaned.,Grimy skirting - maintenance
C21 B double attach/C21 B double attach.jpg,C21 B double attach.jpg,C21 B double attach,C21,Room,CLEAN,CLEAN,0.040338,4,384,tile2x2_mean,2048,class_weighted,0.31,correct,CLEAN,NEAT,Helmet and suitcase stored on the wardrobe; floor clean and clear.,
C21 B double attach/IMG_20260918_113357.jpg,IMG_20260918_113357.jpg,C21 B double attach,C21,Room,CLEAN,CLEAN,0.013248,4,384,tile2x2_mean,2048,class_weighted,0.31,correct,CLEAN,NEAT,"Clothes on a wall hook, folded clothes on the bed, doormat in place; tiles clean with no waste.",Damp/mould at wall base - maintenance
C21 B double attach/IMG_20260918_113400.jpg,IMG_20260918_113400.jpg,C21 B double attach,C21,Room,CLEAN,CLEAN,0.005703,4,384,tile2x2_mean,2048,class_weighted,0.31,correct,CLEAN,NEAT,Two beds with bedding and folded clothes and a rug on the floor; no waste or dirt.,
C21 B double attach/IMG_20260918_113408.jpg,IMG_20260918_113408.jpg,C21 B double attach,C21,Room,CLEAN,CLEAN,0.001696,4,384,tile2x2_mean,2048,class_weighted,0.31,correct,CLEAN,NEAT,"Bed with pillows and clothes, cabinet and box beside it; floor clean.",
C21 B double attach/IMG_20260918_113413.jpg,IMG_20260918_113413.jpg,C21 B double attach,C21,Room,CLEAN,CLEAN,0.008398,4,384,tile2x2_mean,2048,class_weighted,0.31,correct,CLEAN,NEAT,"Desk with bottle, bag on the chair, stool stored under the desk.",
C21 B double attach/IMG_20260918_113416.jpg,IMG_20260918_113416.jpg,C21 B double attach,C21,Room,CLEAN,CLEAN,0.001582,4,384,tile2x2_mean,2048,class_weighted,0.31,correct,CLEAN,NEAT,Desk and wardrobe in order; floor clean with no debris.,
C21 B double attach/IMG_20260918_113422.jpg,IMG_20260918_113422.jpg,C21 B double attach,C21,Room,CLEAN,CLEAN,0.000474,4,384,tile2x2_mean,2048,class_weighted,0.31,correct,CLEAN,NEAT,"Wide view: beds and desk in use, floor clean and free of waste.",
C21 B double attach/IMG_20260918_113430.jpg,IMG_20260918_113430.jpg,C21 B double attach,C21,Room,CLEAN,CLEAN,0.000764,4,384,tile2x2_mean,2048,class_weighted,0.31,correct,CLEAN,NEAT,Bathroom doorway; tiles clean and clear of litter.,
C21 B double attach/IMG_20260918_113433.jpg,IMG_20260918_113433.jpg,C21 B double attach,C21,Room,CLEAN,CLEAN,0.003168,4,384,tile2x2_mean,2048,class_weighted,0.31,correct,CLEAN,NEAT,"Floor mat by the bed, clean tiles, nothing discarded.",
C21 B double attach/IMG_20260918_113438.jpg,IMG_20260918_113438.jpg,C21 B double attach,C21,Room,CLEAN,CLEAN,0.005878,4,384,tile2x2_mean,2048,class_weighted,0.31,correct,CLEAN,NEAT,Door with doormat and clothes hanging; floor clean.,Damp/peeling at wall base - maintenance
C21 C double common/Kitchen/IMG_20260918_112605.jpg,IMG_20260918_112605.jpg,C21 C double common,C21,Kitchen,NOT_CLEAN,NOT_CLEAN,0.911917,4,384,tile2x2_mean,2048,class_weighted,0.31,correct,CLEAN,NOT_NEAT,The appliance/fridge top is visibly soiled with brown residue and crumbs and has not been wiped; devices standing on it are stained too.,
C21 C double common/Kitchen/IMG_20260918_112611.jpg,IMG_20260918_112611.jpg,C21 C double common,C21,Kitchen,CLEAN,NOT_CLEAN,0.991445,4,384,tile2x2_mean,2048,class_weighted,0.31,false_positive,CLEAN,NEAT,"Kitchen area clean with no visible residue or waste; counter vessels, dustbins and mat are normal household use and the floor is clean.",
C21 C double common/Kitchen/IMG_20260918_112616.jpg,IMG_20260918_112616.jpg,C21 C double common,C21,Kitchen,NOT_CLEAN,NOT_CLEAN,0.999989,4,384,tile2x2_mean,2048,class_weighted,0.31,correct,CLEAN,NOT_NEAT,"Unwashed vessels - bowl with knife, cooker, plates, pan - left on the counter with visible crumbs and food residue across the slab.",
C21 C double common/Kitchen/IMG_20260918_112620.jpg,IMG_20260918_112620.jpg,C21 C double common,C21,Kitchen,CLEAN,CLEAN,0.000123,4,384,tile2x2_mean,2048,class_weighted,0.31,correct,CLEAN,NEAT,"Clothes on a drying stand - normal common-area use, not dirt; floor tiles clean with no waste.",
C21 C double common/Kitchen/IMG_20260918_112629.jpg,IMG_20260918_112629.jpg,C21 C double common,C21,Kitchen,CLEAN,CLEAN,0.000158,4,384,tile2x2_mean,2048,class_weighted,0.31,correct,CLEAN,NEAT,"Drying stand, shoe stand and footwear at the doorway; floor clean, nothing discarded.",
C21 C double common/Kitchen/IMG_20260918_112638.jpg,IMG_20260918_112638.jpg,C21 C double common,C21,Kitchen,CLEAN,NOT_CLEAN,0.97861,4,384,tile2x2_mean,2048,class_weighted,0.31,false_positive,CLEAN,NEAT,Sink and counter reasonably clean with bottles and vessels in normal use; no food residue or waste on the floor.,"Broken/blackened plaster under the counter - maintenance, not housekeeping dirt"
C21 C double common/C21 C double Common.jpg,C21 C double Common.jpg,C21 C double common,C21,Room,CLEAN,CLEAN,0.05005,4,384,tile2x2_mean,2048,class_weighted,0.31,correct,CLEAN,NEAT,Ironing board stored on the wardrobe and jeans over a chair; floor clean with no waste.,
C21 C double common/IMG_20260918_112714.jpg,IMG_20260918_112714.jpg,C21 C double common,C21,Room,CLEAN,CLEAN,0.040912,4,384,tile2x2_mean,2048,class_weighted,0.31,correct,CLEAN,NEAT,"Bed with a storage box, chair and stool in place; tiles clean.",
C21 C double common/IMG_20260918_112717.jpg,IMG_20260918_112717.jpg,C21 C double common,C21,Room,CLEAN,CLEAN,0.121607,4,384,tile2x2_mean,2048,class_weighted,0.31,correct,CLEAN,NEAT,"Bed and stool with clothes over it; floor clean, no debris.",
C21 C double common/IMG_20260918_112720.jpg,IMG_20260918_112720.jpg,C21 C double common,C21,Room,CLEAN,CLEAN,0.034542,4,384,tile2x2_mean,2048,class_weighted,0.31,correct,CLEAN,NEAT,Bed with bedding and box and a side cabinet; no waste visible.,Damp wall patch - maintenance
C21 C double common/IMG_20260918_112725.jpg,IMG_20260918_112725.jpg,C21 C double common,C21,Room,CLEAN,CLEAN,0.005567,4,384,tile2x2_mean,2048,class_weighted,0.31,correct,CLEAN,NEAT,Two beds with cabinets holding bottles and books; tiles clean.,Wall discolouration - maintenance
C21 C double common/IMG_20260918_112727.jpg,IMG_20260918_112727.jpg,C21 C double common,C21,Room,CLEAN,CLEAN,0.043488,4,384,tile2x2_mean,2048,class_weighted,0.31,correct,CLEAN,NEAT,Bed with bedcover and cabinet with personal items; nothing discarded.,
C21 C double common/IMG_20260918_112741.jpg,IMG_20260918_112741.jpg,C21 C double common,C21,Room,CLEAN,CLEAN,0.000583,4,384,tile2x2_mean,2048,class_weighted,0.31,correct,NOT_FULLY_VISIBLE,NEAT,Bed with quilt spread on it; no waste or dirt visible.,
C21 C double common/IMG_20260918_112745.jpg,IMG_20260918_112745.jpg,C21 C double common,C21,Room,CLEAN,CLEAN,0.102764,4,384,tile2x2_mean,2048,class_weighted,0.31,correct,CLEAN,NEAT,"Beds, cabinets and a stored carton; floor clear of litter.",
C21 C double common/IMG_20260918_112750.jpg,IMG_20260918_112750.jpg,C21 C double common,C21,Room,CLEAN,CLEAN,0.022045,4,384,tile2x2_mean,2048,class_weighted,0.31,correct,CLEAN,NEAT,Bed with folded clothes and footwear kept at the doorway; floor clean.,
C21 C double common/IMG_20260918_112755.jpg,IMG_20260918_112755.jpg,C21 C double common,C21,Room,CLEAN,NOT_CLEAN,0.361758,4,384,tile2x2_mean,2048,class_weighted,0.31,false_positive,CLEAN,NEAT,"Desk with bottles and toiletries and a wardrobe; floor clean, no waste.",
C21 C double common/IMG_20260918_112759.jpg,IMG_20260918_112759.jpg,C21 C double common,C21,Room,CLEAN,CLEAN,0.01262,4,384,tile2x2_mean,2048,class_weighted,0.31,correct,CLEAN,NEAT,"Bed with bedcover, cabinet with books and bottles and a paper bag beside it; floor clean.",Dark marks on wall - maintenance
C21 D single attach/C21 D single attach.jpg,C21 D single attach.jpg,C21 D single attach,C21,Room,CLEAN,CLEAN,0.000173,4,384,tile2x2_mean,2048,class_weighted,0.31,correct,NOT_FULLY_VISIBLE,NEAT,Wardrobe and wall; visible floor clear with nothing discarded.,
C21 D single attach/IMG_20260918_112920.jpg,IMG_20260918_112920.jpg,C21 D single attach,C21,Room,CLEAN,CLEAN,0.304004,4,384,tile2x2_mean,2048,class_weighted,0.31,correct,CLEAN,NEAT,Tiles clean and shiny with mat and drying stand; storage rack against the wall.,
C21 D single attach/IMG_20260918_112926.jpg,IMG_20260918_112926.jpg,C21 D single attach,C21,Room,CLEAN,NOT_CLEAN,0.378511,4,384,tile2x2_mean,2048,class_weighted,0.31,false_positive,CLEAN,NEAT,Desk with bottles and toiletries and cartons stacked on the rack; floor clean.,
C21 D single attach/IMG_20260918_112934.jpg,IMG_20260918_112934.jpg,C21 D single attach,C21,Room,CLEAN,CLEAN,0.010349,4,384,tile2x2_mean,2048,class_weighted,0.31,correct,CLEAN,NEAT,Bed with blanket and a rack with bottles beside it; no waste.,Wall stain - maintenance
C21 D single attach/IMG_20260918_112938.jpg,IMG_20260918_112938.jpg,C21 D single attach,C21,Room,CLEAN,NOT_CLEAN,0.663577,4,384,tile2x2_mean,2048,class_weighted,0.31,false_positive,CLEAN,NEAT,Desk with organised bottles and plate and cartons on the rack; floor clean with no litter.,Chipped desk panel - maintenance
C21 D single attach/IMG_20260918_112950.jpg,IMG_20260918_112950.jpg,C21 D single attach,C21,Room,CLEAN,CLEAN,0.014435,4,384,tile2x2_mean,2048,class_weighted,0.31,correct,CLEAN,NEAT,Storage rack with hangers and boxes kept in order; floor clean.,
C21 D single attach/IMG_20260918_112954.jpg,IMG_20260918_112954.jpg,C21 D single attach,C21,Room,CLEAN,CLEAN,0.083907,4,384,tile2x2_mean,2048,class_weighted,0.31,correct,CLEAN,NEAT,"Wardrobe and rack with a floor mat by the door and a cloth on the floor; tiles clean, no waste.",
C21 D single attach/IMG_20260918_113000.jpg,IMG_20260918_113000.jpg,C21 D single attach,C21,Room,CLEAN,NOT_CLEAN,0.318819,4,384,tile2x2_mean,2048,class_weighted,0.31,false_positive,NOT_FULLY_VISIBLE,NEAT,Bed corner with bottles on the cabinet; no residue or waste visible.,Damp stain - maintenance
C31 B double attach/C31 b double attach.jpg,C31 b double attach.jpg,C31 B double attach,C31,Room,NOT_CLEAN,NOT_CLEAN,0.904647,5,384,tile2x2_mean,2048,class_weighted,0.06,correct,CLEAN,NOT_NEAT,"Tiles are clean with no dirt or garbage, but cooking vessels, cables, a racket, bags and a bottle are piled directly on the floor in the corner with packaging and an empty wrapper on the table - the room looks untidy.",
C31 B double attach/IMG_20260918_114321.jpg,IMG_20260918_114321.jpg,C31 B double attach,C31,Room,NOT_CLEAN,NOT_CLEAN,0.147639,5,384,tile2x2_mean,2048,class_weighted,0.06,correct,CLEAN,NOT_NEAT,"Opened carton with papers on the floor by the fridge, backpack dropped beside it, slippers loose and suitcase in the walkway; tiles themselves clean.",
C31 B double attach/IMG_20260918_114326.jpg,IMG_20260918_114326.jpg,C31 B double attach,C31,Room,NOT_CLEAN,NOT_CLEAN,0.339436,5,384,tile2x2_mean,2048,class_weighted,0.06,correct,CLEAN,NOT_NEAT,"Bedding tangled across the bed, packaging carton on the table, bag pushed under it and slippers on the floor.",
C31 B double attach/IMG_20260918_114331.jpg,IMG_20260918_114331.jpg,C31 B double attach,C31,Room,NOT_CLEAN,NOT_CLEAN,0.239914,5,384,tile2x2_mean,2048,class_weighted,0.06,correct,CLEAN,NOT_NEAT,"Bed unmade with bedding loose, opened package on the table and bags underneath; tiles clean but the room is visibly unarranged.",
C31 B double attach/IMG_20260918_114344.jpg,IMG_20260918_114344.jpg,C31 B double attach,C31,Room,NOT_CLEAN,NOT_CLEAN,0.7059,5,384,tile2x2_mean,2048,class_weighted,0.06,correct,NOT_FULLY_VISIBLE,NOT_NEAT,"Bedding, clothes, a power strip and a plastic bag tangled together across the whole bed.",
C31 B double attach/IMG_20260918_114348.jpg,IMG_20260918_114348.jpg,C31 B double attach,C31,Room,NOT_CLEAN,NOT_CLEAN,0.971959,5,384,tile2x2_mean,2048,class_weighted,0.06,correct,CLEAN,NOT_NEAT,"Torn shoe box and bottles on the wardrobes, vessels and cables piled on the floor and opened packaging on the ledge.",
C31 B double attach/IMG_20260918_114351.jpg,IMG_20260918_114351.jpg,C31 B double attach,C31,Room,NOT_CLEAN,NOT_CLEAN,0.350929,5,384,tile2x2_mean,2048,class_weighted,0.06,correct,CLEAN,NOT_NEAT,"Floor tiles visibly clean, but the corner holds vessels, cables and a bag on the floor with a slipper mid-room and a cloth thrown over the bed.",
C31 B double attach/IMG_20260918_114356.jpg,IMG_20260918_114356.jpg,C31 B double attach,C31,Room,CLEAN,CLEAN,0.010803,5,384,tile2x2_mean,2048,class_weighted,0.06,correct,CLEAN,NEAT,"Clean tiles with a suitcase stood against the wall, coat on the door and folded bedding - belongings reasonably placed, no waste.",
C31 C double Common/IMG_20260918_113835.jpg,IMG_20260918_113835.jpg,C31 C double Common,C31,Room,CLEAN,CLEAN,0.002199,5,384,tile2x2_mean,2048,class_weighted,0.06,correct,CLEAN,NEAT,"Tiles clean with no housekeeping dirt or waste; suitcase stood upright, clothes on the bed and shoes together - reasonably arranged.",
C31 C double Common/IMG_20260918_113838.jpg,IMG_20260918_113838.jpg,C31 C double Common,C31,Room,CLEAN,NOT_CLEAN,0.087188,5,384,tile2x2_mean,2048,class_weighted,0.06,false_positive,CLEAN,NEAT,Floor tiles clean and no garbage; clothes on the bed with backpack and slippers beside it are normal belongings reasonably placed.,
C31 C double Common/IMG_20260918_113846.jpg,IMG_20260918_113846.jpg,C31 C double Common,C31,Room,CLEAN,CLEAN,0.005882,5,384,tile2x2_mean,2048,class_weighted,0.06,correct,CLEAN,NEAT,One pile of clothes on the mattress; floor clean and empty with nothing discarded.,
C31 C double Common/IMG_20260918_113854.jpg,IMG_20260918_113854.jpg,C31 C double Common,C31,Room,CLEAN,CLEAN,0.020574,5,384,tile2x2_mean,2048,class_weighted,0.06,correct,CLEAN,NEAT,A few garments on the mattress and a closed cabinet; floor clean.,
C31 C double Common/IMG_20260918_113857.jpg,IMG_20260918_113857.jpg,C31 C double Common,C31,Room,CLEAN,NOT_CLEAN,0.180586,5,384,tile2x2_mean,2048,class_weighted,0.06,false_positive,CLEAN,NEAT,Bare mattress and open doorway; tiles clean and clear.,
C31 C double Common/IMG_20260918_113901.jpg,IMG_20260918_113901.jpg,C31 C double Common,C31,Room,CLEAN,CLEAN,0.008727,5,384,tile2x2_mean,2048,class_weighted,0.06,correct,CLEAN,NEAT,"Blanket and clothes on the bed, snack packet and papers on the cabinet, backpack beside it; no waste on the floor and no residue.",Wall marks - maintenance
C31 C double Common/IMG_20260918_113909.jpg,IMG_20260918_113909.jpg,C31 C double Common,C31,Room,CLEAN,NOT_CLEAN,0.127434,5,384,tile2x2_mean,2048,class_weighted,0.06,false_positive,CLEAN,NEAT,"Desk with laptop, suitcase and shoes by the wardrobe and clothes on hooks; tiles clean.",
C31 C double Common/IMG_20260918_113912.jpg,IMG_20260918_113912.jpg,C31 C double Common,C31,Room,CLEAN,CLEAN,0.016718,5,384,tile2x2_mean,2048,class_weighted,0.06,correct,CLEAN,NEAT,"Study corner with laptop and bottle, clothes hanging and luggage below; nothing discarded.",
C31 D single attach/IMG_20260918_114047.jpg,IMG_20260918_114047.jpg,C31 D single attach,C31,Room,CLEAN,CLEAN,1.2e-05,5,384,tile2x2_mean,2048,class_weighted,0.06,correct,CLEAN,NEAT,Tiles clean and reflective with wardrobe and fridge against the wall; nothing discarded.,
C31 D single attach/IMG_20260918_114050.jpg,IMG_20260918_114050.jpg,C31 D single attach,C31,Room,CLEAN,CLEAN,0.00053,5,384,tile2x2_mean,2048,class_weighted,0.06,correct,CLEAN,NEAT,Clean shiny floor with doormat; no litter or residue.,
C31 D single attach/IMG_20260918_114054.jpg,IMG_20260918_114054.jpg,C31 D single attach,C31,Room,CLEAN,NOT_CLEAN,0.095691,5,384,tile2x2_mean,2048,class_weighted,0.06,false_positive,CLEAN,NEAT,"Table with iron, bottles and a snack packet and a towel over the chair; floor clean with no waste.",
C31 D single attach/IMG_20260918_114058.jpg,IMG_20260918_114058.jpg,C31 D single attach,C31,Room,CLEAN,CLEAN,0.001084,5,384,tile2x2_mean,2048,class_weighted,0.06,correct,NOT_FULLY_VISIBLE,NEAT,Bed with pillows and bedcover and a coat on the hook; nothing dirty or discarded.,
C31 D single attach/IMG_20260918_114111.jpg,IMG_20260918_114111.jpg,C31 D single attach,C31,Room,CLEAN,CLEAN,0.002497,5,384,tile2x2_mean,2048,class_weighted,0.06,correct,CLEAN,NEAT,Wardrobe and cabinet; tiles clean and clear.,
C31 D single attach/IMG_20260918_114115.jpg,IMG_20260918_114115.jpg,C31 D single attach,C31,Room,CLEAN,CLEAN,0.007158,5,384,tile2x2_mean,2048,class_weighted,0.06,correct,CLEAN,NEAT,Door area with doormat; floor clean with no litter.,Peeling/damp at wall base - maintenance
C31 D single attach/IMG_20260918_114120.jpg,IMG_20260918_114120.jpg,C31 D single attach,C31,Room,CLEAN,CLEAN,0.058574,5,384,tile2x2_mean,2048,class_weighted,0.06,correct,CLEAN,NEAT,"Bed with clothes, towel, bottle, comb and remote - normal belongings; floor clean with no waste.",
C31 D single attach/IMG_20260918_114127.jpg,IMG_20260918_114127.jpg,C31 D single attach,C31,Room,CLEAN,CLEAN,0.001288,5,384,tile2x2_mean,2048,class_weighted,0.06,correct,CLEAN,NEAT,Door and wardrobe with doormat on clean tiles; no waste or dirt visible.,Peeling paint at wall base - maintenance
